store_id,dept_id,store_type,status,reorder_point_usd,safety_stock_usd,simulated_inventory_usd,excess_value_inr
1,1,A,Healthy,41485.47559129905,3438.876068222134,44531.10219267453,0.0
1,2,A,Healthy,98126.07785921897,4425.369347680537,146602.46450581172,0.0
1,3,A,Healthy,49280.01352590158,14890.298279747738,65757.06090866243,0.0
1,4,A,Healthy,80761.78435565757,4711.999271042198,99903.99848901237,0.0
1,5,A,Understocked,49308.226905087824,8367.4980320109,45062.47336685231,0.0
1,6,A,Understocked,10279.893263008827,2547.282582239598,9394.547734036472,0.0
1,7,A,Understocked,51201.18472242453,8361.518772424539,43131.93109979747,0.0
1,8,A,Healthy,78984.32822488812,3603.600694118893,113129.93150878338,0.0
1,9,A,Healthy,71215.21918773517,10753.576549273625,88222.40759256949,0.0
1,10,A,Healthy,68818.61536835958,5683.708945282649,90626.75159517478,0.0
1,11,A,Understocked,65902.4357004847,13537.234127407773,53712.243427969726,0.0
1,12,A,Overstocked,26225.19996557668,3541.418342499757,39548.498242179136,17487.958386571583
1,13,A,Healthy,84934.76039456608,4002.5829907199363,119561.22916983355,0.0
1,14,A,Understocked,31212.45952458204,3930.520147658962,29808.134524863584,0.0
1,16,A,Understocked,62300.58466357553,9081.06152896015,58109.76301817003,0.0
1,17,A,Understocked,18196.92355866545,1979.303762511602,16993.839274598093,0.0
1,18,A,Healthy,9430.816036147047,3081.9886302646964,9639.207244274232,0.0
1,19,A,Healthy,2820.994810312011,565.517310312011,3337.4405225776554,0.0
1,20,A,Healthy,10121.798642443095,1530.6924693661736,11289.043081364807,0.0
1,21,A,Healthy,16004.983533075461,1142.605521536997,16206.602669511982,0.0
1,22,A,Healthy,16068.412154642652,2191.4199046426506,20031.728001713695,0.0
1,23,A,Understocked,45593.967095382504,4846.278318459429,41118.03097588727,0.0
1,24,A,Healthy,17289.11073609731,5214.066882251159,17518.46104990089,0.0
1,25,A,Healthy,23293.579563329364,3724.779297944751,24864.59513504611,0.0
1,26,A,Healthy,17419.551733147367,5396.84901776275,19735.15170584108,0.0
1,27,A,Healthy,2731.3053587020636,490.3230625482174,3750.569663901702,0.0
1,28,A,Understocked,1112.2238633638906,222.3749710561983,1051.8989108365076,0.0
1,29,A,Healthy,8800.298661329043,995.2380690213502,10343.793076249072,0.0
1,30,A,Healthy,8078.039754643831,1874.0309777207567,9955.882163818433,0.0
1,31,A,Understocked,7610.69110231436,2291.590171545129,6346.622294085938,0.0
1,32,A,Healthy,16959.65057910445,3557.261140642913,21089.456794832535,0.0
1,33,A,Understocked,15921.152663277477,4368.525351739012,14718.828772999777,0.0
1,34,A,Understocked,26587.152251294006,3035.222447447848,22532.283524064056,0.0
1,35,A,Healthy,5668.126876565595,958.3624150271323,8460.736141290177,0.0
1,36,A,Overstocked,5660.34855180839,2149.480040269929,8518.322973841874,2307.4121287310463
1,37,A,Healthy,6474.902947456892,844.1480705338158,9000.957249551508,0.0
1,38,A,Healthy,170765.8194407366,17008.3285791981,174585.51808383936,0.0
1,40,A,Understocked,120003.44425500443,4284.58467038902,104559.07816856002,0.0
1,41,A,Healthy,2235.6154005455055,539.7868082378129,2905.1601013280847,0.0
1,42,A,Healthy,18076.166319100303,1931.3170921772228,20269.00992358101,0.0
1,44,A,Understocked,11746.403460915903,1766.3936455312878,10443.585319958409,0.0
1,45,A,Healthy,7888.761843288643,7820.049223288643,9162.632355970167,0.0
1,46,A,Understocked,42299.90683221684,3072.740932216832,34901.80627044164,0.0
1,47,A,Healthy,7820.049223288643,7820.049223288643,11447.018500548504,0.0
1,48,A,Understocked,4028.592321331007,2152.8592293310066,3983.9127612200514,0.0
1,49,A,Healthy,26497.377569549346,4431.56880031858,34013.127330879965,0.0
1,52,A,Healthy,5242.141276429202,1081.2346456599716,5386.557474893941,0.0
1,54,A,Healthy,176.0791581371449,74.93057118062318,207.71171823013498,0.0
1,55,A,Healthy,22653.103340025278,3434.2774169483537,27163.302324182925,0.0
1,56,A,Understocked,6880.945886243532,997.6111900896855,6433.297367865405,0.0
1,58,A,Overstocked,13513.49070950001,6085.286836423089,20375.59775494039,8745.020327301001
1,59,A,Healthy,550.5162526819875,139.33364114352582,751.9209507363158,0.0
1,60,A,Healthy,2388.8565753195376,419.9067176272303,3549.444863820422,0.0
1,67,A,Healthy,21438.53635695847,6593.946203112315,31154.994825867874,0.0
1,71,A,Healthy,6384.225030651656,1324.0957729593495,7893.883472224157,0.0
1,72,A,Healthy,106168.07990474618,22135.989293207713,156382.2046594215,0.0
1,74,A,Understocked,27654.35362654638,3895.0688188540785,23909.94105111752,0.0
1,79,A,Understocked,86548.61047248052,15504.295803249737,81621.18080370575,0.0
1,80,A,Understocked,41505.309012789134,2482.1927666352835,34574.58320972238,0.0
1,81,A,Healthy,65102.054121323956,2600.1998020931765,67542.8044415397,0.0
1,82,A,Healthy,43305.21174809343,2594.2165827088247,46931.34860059973,0.0
1,83,A,Understocked,13201.673542510212,1616.4926117409823,13176.38960750347,0.0
1,85,A,Healthy,7936.644242924931,1502.7358890787796,11150.813584401769,0.0
1,87,A,Healthy,114548.2621310786,11012.415850309366,121470.40541989196,0.0
1,90,A,Healthy,186806.63977629846,8920.689799375335,187756.02699992692,0.0
1,91,A,Healthy,142983.41504245342,8159.993834761132,171032.20572305738,0.0
1,92,A,Understocked,298311.1210527402,17723.26547197093,269337.5592232605,0.0
1,93,A,Healthy,167048.07981472262,13290.837395491815,231462.45349751323,0.0
1,94,A,Understocked,145826.2802345147,13558.140057591629,124597.17761915586,0.0
1,95,A,Overstocked,281263.02812491823,17223.136217225852,427640.03248972015,476875.6950944528
1,96,A,Healthy,81570.90472452044,6944.107920674292,111241.39806484041,0.0
1,97,A,Understocked,81424.56124807007,6007.339874993133,76951.29514133884,0.0
1,98,A,Understocked,25723.250497886766,2326.2446440406075,20682.29456380525,0.0
1,99,A,Healthy,1188.2152965929408,691.7156899262744,1657.9011697165945,0.0
2,1,A,Healthy,58907.92136848951,4490.453806951033,77523.1697807754,0.0
2,2,A,Healthy,139065.63418349688,6636.050664266077,185259.79357479003,0.0
2,3,A,Healthy,70841.53698427128,26336.458980425137,96558.95264384267,0.0
2,4,A,Understocked,97346.86595062766,5585.471908319968,83139.3435548073,0.0
2,5,A,Healthy,57323.88202073374,9928.278301502975,60859.618022617215,0.0
2,6,A,Understocked,12458.881481637505,2260.7431508682753,11020.932367719051,0.0
2,7,A,Healthy,81350.70830696063,11431.516483883725,116336.8414226835,0.0
2,8,A,Healthy,124696.03789287536,5963.668500567656,156494.47930855688,0.0
2,9,A,Healthy,82308.80245106334,11160.367885678712,85729.19067695261,0.0
2,10,A,Understocked,84300.86695504749,5344.645905047505,71352.05110691939,0.0
2,11,A,Healthy,58598.674705518715,10376.72876321102,60181.84065826461,0.0
2,12,A,Healthy,18012.493311560043,1682.2211038677347,18685.869210765522,0.0
2,13,A,Healthy,96275.38131378897,3860.9776099427927,128297.77756175837,0.0
2,14,A,Healthy,43298.354111311826,5128.079215157984,54790.47137661638,0.0
2,16,A,Healthy,74991.77092164438,13962.022887028988,108562.98470485034,0.0
2,17,A,Healthy,29643.33365739613,3005.2293112422894,33933.22487265885,0.0
2,18,A,Understocked,15870.69415715425,4511.375374801302,14082.12722690026,0.0
2,19,A,Healthy,8684.124906495206,1443.277471879821,11468.851904636456,0.0
2,20,A,Healthy,13333.475772399896,1564.4164070152815,18071.834197948276,0.0
2,21,A,Healthy,19567.03012637901,2084.6789186866986,23670.869419990308,0.0
2,22,A,Healthy,25982.987001380447,3395.6739475342965,35409.77165823707,0.0
2,23,A,Healthy,64110.9530711549,8111.618167308744,74398.88805976401,0.0
2,24,A,Healthy,22328.825648473823,5848.374598473825,26383.627970621947,0.0
2,25,A,Healthy,33256.65584862526,4505.202675548336,36984.89137026658,0.0
2,26,A,Understocked,20752.368366966748,4812.333286197514,16986.974863258256,0.0
2,27,A,Understocked,3477.7126783878516,645.4572168493896,3056.077372697381,0.0
2,28,A,Understocked,1256.7380029517747,218.02516833639007,1034.2241263610929,0.0
2,29,A,Healthy,13625.13804311551,1294.2463738847416,17230.071619540202,0.0
2,30,A,Healthy,10475.061243046546,1353.582585354239,10783.864646778764,0.0
2,31,A,Healthy,11326.150408599993,3178.8023355230703,13265.828470202063,0.0
2,32,A,Healthy,24236.009295046697,4055.1037181236243,35445.73376953761,0.0
2,33,A,Understocked,19794.462317362282,6031.18424043921,19437.83196809584,0.0
2,34,A,Healthy,41125.16454042966,5372.02688273734,45220.389253472335,0.0
2,35,A,Healthy,9310.740744724515,1705.0983947245143,12583.953358139319,0.0
2,36,A,Understocked,9048.246773241317,2264.482119395162,8749.859670315222,0.0
2,37,A,Understocked,10002.478478604373,1129.0648862966812,8564.075403567105,0.0
2,38,A,Healthy,174958.0163145256,20259.431787602512,176973.28083263297,0.0
2,40,A,Understocked,161391.38703382487,7168.435814594105,148107.51046065072,0.0
2,41,A,Healthy,7611.521247865917,2203.929047865917,11254.99880576722,0.0
2,42,A,Healthy,19627.25393555672,1480.5241624797945,27280.467395598163,0.0
2,44,A,Healthy,17090.98775202315,2727.625694330837,21575.402168180244,0.0
2,45,A,Healthy,7899.704883288643,7820.049223288643,11345.289386957562,0.0
2,46,A,Healthy,63997.31975751283,4438.618319051272,88743.84279242312,0.0
2,47,A,Understocked,7979.6125232886425,7820.049223288643,7470.482466832043,0.0
2,48,A,Healthy,8307.779099495037,5195.766435495038,12059.30686428255,0.0
2,49,A,Healthy,38834.11240272754,7517.466302727531,46357.05031182878,0.0
2,52,A,Healthy,9324.997817337884,1792.9419519532685,12956.443963581476,0.0
2,54,A,Healthy,254.10609424115802,132.50413515024897,369.50752541706635,0.0
2,55,A,Healthy,21240.95948077794,3193.960265393322,21923.69780105783,0.0
2,56,A,Understocked,11390.572489810973,3231.918570580206,10027.552721351045,0.0
2,58,A,Understocked,58542.31972785934,19227.735858628566,56574.86859109639,0.0
2,59,A,Healthy,980.6674182001204,257.0061797385821,1090.2949399867462,0.0
2,60,A,Healthy,802.6170370478347,182.34924474014244,1121.377018649113,0.0
2,67,A,Healthy,34057.27356987062,10041.257100639852,48645.138824954876,0.0
2,71,A,Understocked,11002.709234084658,1885.6584648538887,8858.006744945955,0.0
2,72,A,Healthy,156205.53408197092,31932.91932812476,183204.96254701665,0.0
2,74,A,Healthy,36324.239403382955,3758.177984152179,40127.75168453358,0.0
2,78,A,Understocked,7945.492123288643,7820.049223288643,7644.665475420648,0.0
2,79,A,Understocked,76285.50536066145,11251.515664507619,67703.51707780182,0.0
2,80,A,Healthy,56499.89737020236,4083.4204278946845,59124.830346659524,0.0
2,81,A,Healthy,66285.01343069885,3262.717030698844,98653.58188763673,0.0
2,82,A,Healthy,52943.7950748293,4136.65144406007,54846.49661422176,0.0
2,83,A,Healthy,14055.035037602263,2116.896418371494,16566.91089710302,0.0
2,85,A,Healthy,8145.760183524342,1712.3364104474185,10697.043552670159,0.0
2,87,A,Healthy,56690.45449311489,8719.347100807177,60400.82261549588,0.0
2,90,A,Overstocked,204690.71198859267,6153.556900131125,308960.3490701091,159715.33023926534
2,91,A,Overstocked,169866.3256900735,5635.363082381171,255238.85208544068,36467.17467742527
2,92,A,Understocked,355300.7835049734,18770.732993434973,349545.2930989647,0.0
2,93,A,Healthy,163925.83039028983,14775.535344135946,190644.33250651223,0.0
2,94,A,Healthy,158270.2265560071,9698.489121391687,161378.8383749624,0.0
2,95,A,Healthy,324474.5418703531,19015.16451650707,327048.78040733765,0.0
2,96,A,Understocked,82768.09110677312,7517.683437542365,68443.20830550072,0.0
2,97,A,Healthy,90028.07839564624,5015.426003338539,112083.33383863138,0.0
2,98,A,Healthy,29543.81268196559,2538.4717665809717,34476.32022361412,0.0
2,99,A,Understocked,1280.265910752326,677.3086791733788,1072.3244665598866,0.0
3,1,B,Healthy,16666.03265489931,1514.2776395146966,16722.895806581357,0.0
3,2,B,Healthy,40421.5602060272,2305.4159829502833,59138.12082547942,0.0
3,3,B,Understocked,21235.865663803695,5746.892736880619,20702.424544753536,0.0
3,4,B,Understocked,20323.395793441625,1574.9829511339296,18408.38839353682,0.0
3,5,B,Healthy,31044.924384857153,5297.56293485715,35928.30697881261,0.0
3,6,B,Overstocked,7101.347715217169,2714.835688294093,10790.674190393524,11508.16725812491
3,7,B,Understocked,24040.228113850128,4199.566163850124,23480.099169686473,0.0
3,8,B,Healthy,19215.829674975987,1394.5453518990573,24801.08254411791,0.0
3,9,B,Healthy,28019.63252222739,5982.75561068892,37994.126290340435,0.0
3,10,B,Understocked,32756.68853295116,4614.0051252588455,31887.830705335924,0.0
3,11,B,Healthy,36789.336007759346,13158.399919297808,48988.60383906796,0.0
3,12,B,Healthy,6283.669974909815,774.8259556790441,6713.986294620609,0.0
3,13,B,Healthy,29446.187493504258,4043.832701196566,37148.81710465638,0.0
3,14,B,Healthy,11015.260493512096,1698.3435627428667,13906.509594729436,0.0
3,16,B,Healthy,22139.52020578473,3707.3723442462674,26370.72610861715,0.0
3,17,B,Understocked,6651.291118284415,1530.2562375151847,5759.429682940957,0.0
3,18,B,Healthy,3926.5655732794576,1746.039184390569,5535.557575015803,0.0
3,19,B,Healthy,2302.2318759519007,974.5669336442086,2380.8978670074525,0.0
3,20,B,Understocked,5938.628936312927,1512.7626632360034,5559.498031853889,0.0
3,21,B,Understocked,3468.8910583201064,584.9274621662602,2878.367349133057,0.0
3,22,B,Healthy,8678.695861055352,1603.9590379784295,10686.528191317748,0.0
3,23,B,Healthy,31946.350104216308,4426.268115754764,41358.447158107076,0.0
3,24,B,Understocked,8437.79143490364,1927.2328964421029,6852.407335744224,0.0
3,25,B,Healthy,11658.075776471309,2078.4111418559246,13684.574986305355,0.0
3,26,B,Understocked,6750.425071760191,1714.423117914037,6516.468271875215,0.0
3,27,B,Healthy,1251.9846900632074,299.3708208324382,1591.2426649582985,0.0
3,28,B,Understocked,430.7955178466297,137.66921784662975,399.471295814443,0.0
3,29,B,Healthy,3305.8328921026823,480.25557671806615,4312.077345422483,0.0
3,30,B,Healthy,4049.0612031347537,1052.0489723655226,4382.366975715868,0.0
3,31,B,Healthy,3478.861247433547,1291.9596435873925,5161.979167648153,0.0
3,32,B,Understocked,14508.429375106143,5557.857002029221,13063.248921275159,0.0
3,33,B,Healthy,9147.433188968875,1980.3828428150277,9595.46016241858,0.0
3,34,B,Understocked,11161.276076324319,1698.5854109397026,9853.572648540228,0.0
3,35,B,Healthy,3283.4283330648464,841.9461753725383,4843.143281183738,0.0
3,36,B,Healthy,1951.80958957526,684.65028957526,2811.4992068259603,0.0
3,38,B,Understocked,218937.68102909168,28211.902686784004,216375.53834663593,0.0
3,40,B,Healthy,40360.842350017454,1939.293857709764,51734.05766593785,0.0
3,41,B,Healthy,1535.2041608490306,567.4461031567229,2144.0234618028117,0.0
3,42,B,Healthy,13150.418540525578,3166.749594371732,15850.154656418328,0.0
3,44,B,Healthy,6136.760896609134,1069.0483850706735,7282.156156716041,0.0
3,46,B,Understocked,14105.868587709689,1384.7954454019982,13775.116612314916,0.0
3,49,B,Understocked,87.62757584928247,34.17572584928246,76.05767066823937,0.0
3,51,B,Healthy,5885.410634892643,5885.410634892643,8563.08121737991,0.0
3,52,B,Healthy,2975.374340860697,728.2130523991589,4336.02844452049,0.0
3,54,B,Healthy,179.0163669276656,83.16299470544338,225.9480251698324,0.0
3,55,B,Healthy,16878.75477701087,2656.2981539339476,17680.356336413643,0.0
3,56,B,Healthy,4280.913657900324,1856.6834386695548,4516.034233643359,0.0
3,59,B,Healthy,134.75057285033776,126.50386035033777,179.21120710222624,0.0
3,60,B,Healthy,454.98742953582445,129.10127568967056,661.9568841944675,0.0
3,67,B,Healthy,5997.853607278133,1783.7314265089026,8682.331477937081,0.0
3,71,B,Healthy,4878.180072362336,1939.0327762084898,6679.736600999383,0.0
3,72,B,Healthy,58773.202778627885,8068.396901704807,74564.56919759953,0.0
3,74,B,Understocked,9322.61520157119,1943.2400438788827,8030.707458464385,0.0
3,79,B,Understocked,16608.417007105018,1746.599410951172,15246.34347700803,0.0
3,80,B,Healthy,5914.6722598926435,5885.410634892643,8611.43488692488,0.0
3,81,B,Healthy,4084.867814218463,360.80694498769395,5076.237510984237,0.0
3,82,B,Understocked,17086.053540865603,1755.3066177886835,13783.555993620565,0.0
3,83,B,Understocked,5944.575734892644,5885.410634892643,5196.000436111694,0.0
3,85,B,Healthy,2539.877389308812,825.793381616504,3262.107504467531,0.0
3,87,B,Understocked,3779.1986611162183,1117.8818688085255,3037.3229024461475,0.0
3,90,B,Understocked,3974.8203096438224,279.60407502843697,3646.459917086879,0.0
3,91,B,Healthy,1250.6251512759043,235.86593204513494,1501.470124206578,0.0
3,92,B,Healthy,19398.471683724518,1192.7795029552838,25316.625209378693,0.0
3,94,B,Healthy,9075.068867494852,5549.339476585762,11579.168224110974,0.0
3,95,B,Understocked,42630.353178252415,3038.0910205601,41083.57884722484,0.0
3,96,B,Healthy,9756.342223157408,1348.5725923881773,12877.306650138407,0.0
3,97,B,Understocked,1295.1334859275523,206.13465515832164,1260.4133322797309,0.0
3,98,B,Healthy,6452.3038848926435,5885.410634892643,6694.534855614548,0.0
4,1,A,Healthy,80165.95514332307,10813.204124092279,107818.2975578829,0.0
4,2,A,Healthy,209884.77399786006,8864.763840167792,267441.8987629005,0.0
4,3,A,Healthy,60966.11086467976,13196.429518525909,86567.79816468454,0.0
4,4,A,Healthy,124427.57587604919,4624.353668356841,159274.44068009083,0.0
4,5,A,Healthy,89742.19342986919,12373.693472176896,109024.67498802056,0.0
4,6,A,Understocked,18827.614869477417,4233.2061502466495,16349.572785290113,0.0
4,7,A,Healthy,111735.56546891064,14787.06070737217,119381.91360141982,0.0
4,8,A,Understocked,130716.97484362862,6057.25339362862,129880.08926895057,0.0
4,9,A,Understocked,91719.58810499903,8426.696781922104,89712.07008660829,0.0
4,10,A,Overstocked,91804.52066768223,8488.470036912988,138652.15687020577,78466.19710064164
4,11,A,Healthy,72807.24963465962,14064.39390004424,79138.66555228725,0.0
4,12,A,Healthy,19491.354975382277,2413.4376099976616,28285.737105218377,0.0
4,13,A,Healthy,155979.39192940973,7344.82292940969,196648.08549106563,0.0
4,14,A,Healthy,61816.089491722225,5431.763687876065,85319.32406157472,0.0
4,16,A,Healthy,66073.1816820492,13350.673743587644,77102.45268583916,0.0
4,17,A,Healthy,35287.88300672971,3767.5257413451,43091.439659764445,0.0
4,18,A,Healthy,18782.262948183936,10276.941748183937,21778.746045862652,0.0
4,19,A,Understocked,6186.936912405269,1220.6116854821933,5831.357445034305,0.0
4,20,A,Healthy,22561.898196635564,2742.1694312509453,29948.439043134545,0.0
4,21,A,Healthy,17095.48299683487,1279.8923006810226,17180.341975572726,0.0
4,22,A,Understocked,40021.86155660698,5061.108106606978,32727.90352204395,0.0
4,23,A,Healthy,109802.93100318513,12992.95096856977,139580.91228208056,0.0
4,24,A,Understocked,30697.257873659975,7249.872931352281,28526.679203422213,0.0
4,25,A,Healthy,39102.745681624736,5598.646085470895,58127.59092437835,0.0
4,26,A,Healthy,41032.62963988075,4581.309586034598,61399.90825412791,0.0
4,27,A,Healthy,5539.360733097659,1071.9156677130443,8130.956218364563,0.0
4,28,A,Healthy,2028.5853720863545,491.2014836248158,2171.0242206918288,0.0
4,29,A,Understocked,21676.972952599634,2373.891602599632,17586.16680273723,0.0
4,30,A,Healthy,17696.68929956411,2471.7756341794916,26149.91201603833,0.0
4,31,A,Healthy,16519.06351173325,6738.16641173325,18378.68764214952,0.0
4,32,A,Overstocked,32771.38420251993,6437.748560212229,49342.497382267095,15389.949514437998
4,33,A,Overstocked,31385.3145248009,5467.601874800896,47186.01834606989,8967.864386088833
4,34,A,Healthy,63414.97802044004,7246.885581978498,90220.29280122585,0.0
4,35,A,Healthy,10522.407995344192,1415.4622068826543,10679.693700852624,0.0
4,36,A,Healthy,12664.503351349646,3477.0858205804116,13691.864857447355,0.0
4,37,A,Healthy,9544.705796630073,2432.933958168536,13566.174496620559,0.0
4,38,A,Healthy,179419.06914294566,19123.615127561025,185044.4066582768,0.0
4,40,A,Understocked,169610.29982279133,7980.974338175943,156674.07223398116,0.0
4,41,A,Healthy,5224.758874617728,2086.049397694651,6303.488306016346,0.0
4,42,A,Healthy,23871.366188088345,3004.3924150114226,35410.61714905565,0.0
4,44,A,Healthy,12408.925919505418,1535.1615079669568,16232.137730441293,0.0
4,45,A,Healthy,7851.172139955309,7820.049223288643,9548.161026937689,0.0
4,46,A,Understocked,89280.36670651863,5371.53275651865,77757.7390545637,0.0
4,48,A,Healthy,9362.433627991602,3916.350381837754,11693.26087110878,0.0
4,49,A,Overstocked,17811.931324194884,3878.043897271804,27122.928024633577,33617.576182323806
4,51,A,Understocked,7841.950137574357,7820.049223288643,7075.488369725386,0.0
4,52,A,Healthy,8872.1334628646,1820.5354859415247,10454.750363369518,0.0
4,54,A,Healthy,253.86524650548853,133.0206943315755,365.68840496744656,0.0
4,55,A,Healthy,35797.508236205904,5452.968193898216,47995.906196445394,0.0
4,56,A,Healthy,16526.46094203489,5658.621768957965,21630.187249893428,0.0
4,58,A,Healthy,13486.674891754428,4424.9120263698105,17705.487267280765,0.0
4,59,A,Healthy,1216.2062505200745,270.55963128930546,1292.1322315537498,0.0
4,60,A,Healthy,1094.2300512434485,283.3003166280639,1109.9016647145213,0.0
4,67,A,Healthy,33076.312658417635,7797.793235340711,46003.64844822951,0.0
4,71,A,Healthy,19625.39233536722,3583.596908444141,27306.432909195813,0.0
4,72,A,Healthy,222566.71442537522,38804.35173306749,318929.8206346633,0.0
4,74,A,Healthy,49024.62649288893,6008.497108273554,71902.73339499671,0.0
4,79,A,Healthy,114544.81360761238,5661.018242227769,134393.13331614263,0.0
4,80,A,Healthy,51368.89286011469,6939.682121653155,59901.620158945334,0.0
4,81,A,Healthy,70706.56503227734,3254.185451508121,97769.89031601635,0.0
4,82,A,Healthy,69455.42661695766,5183.040574649946,88519.11242496334,0.0
4,83,A,Healthy,21546.39343551665,1981.6615393627965,28278.258545163037,0.0
4,85,A,Healthy,6900.745470445607,1446.1218089071467,9529.43711744473,0.0
4,87,A,Healthy,37242.46983183866,4296.700220300195,53990.553743226585,0.0
4,90,A,Healthy,199519.64106005034,8896.37356389658,208844.48368182962,0.0
4,91,A,Healthy,152229.1002191645,9760.409507625996,163520.77828009773,0.0
4,92,A,Understocked,356102.88557719375,14461.280738732255,309313.39363947226,0.0
4,93,A,Healthy,158394.34886194658,8911.817023485037,193580.78275636234,0.0
4,94,A,Understocked,161513.47258121634,9704.52940429321,133448.54592593806,0.0
4,95,A,Healthy,354794.8845742885,18341.0619973655,404425.9180833971,0.0
4,96,A,Healthy,98958.20365308542,8124.020183854656,118366.9338615003,0.0
4,97,A,Healthy,94022.34407585095,6978.5752220048,94885.00980633817,0.0
4,98,A,Healthy,34277.38161351925,3505.668101980787,42206.0238048286,0.0
4,99,A,Understocked,2352.9222841607107,1371.448034160711,1934.7260712890331,0.0
5,1,B,Understocked,21929.13441191686,1795.812469609163,18141.187348853397,0.0
5,2,B,Healthy,27852.569625692067,1924.1440949228422,39007.47945518538,0.0
5,3,B,Healthy,19022.098764150498,8811.497344919731,20219.33383835926,0.0
5,4,B,Understocked,21795.241757199736,1491.446699507426,19457.79305722013,0.0
5,5,B,Healthy,14003.917468907168,2872.882857368708,16541.9535792511,0.0
5,6,B,Healthy,2362.4142247783284,737.419847855251,3217.8332974869313,0.0
5,7,B,Understocked,14413.481373219738,2988.9794847582,13801.619721211464,0.0
5,8,B,Healthy,30717.122416879185,1931.8576399561045,38541.08212207281,0.0
5,9,B,Understocked,24578.72954393378,6726.305632395318,21194.328184466816,0.0
5,10,B,Understocked,24232.436095864483,3021.3188189414054,20300.181900737665,0.0
5,11,B,Healthy,20791.485686628028,4451.83099816649,24697.974667546463,0.0
5,12,B,Healthy,6861.354431479566,1067.962127633414,8197.010652038942,0.0
5,13,B,Healthy,25385.457006125645,1698.9395830487274,32120.82363689871,0.0
5,14,B,Healthy,7754.994956949069,1156.0474800259906,10314.50524641093,0.0
5,16,B,Overstocked,21538.985520938215,4635.118078630519,32574.95899813889,22117.89948872003
5,17,B,Healthy,5711.024096926391,918.396439234083,6721.300000732833,0.0
5,18,B,Healthy,2794.70906873236,1117.5041853990272,2894.6429051122313,0.0
5,19,B,Healthy,6016.983114892643,5885.410634892643,8306.360484111003,0.0
5,20,B,Understocked,3310.300619479114,856.5081733252672,3302.7118990465615,0.0
5,21,B,Healthy,2844.918147730927,387.83067465400353,3187.586083788247,0.0
5,22,B,Understocked,5508.548848856532,1154.1343142411474,4722.331069748949,0.0
5,23,B,Understocked,14485.832230817236,2026.5432154326224,11856.741214365042,0.0
5,24,B,Overstocked,4854.37635976203,1762.2565405312607,7294.833213901313,1101.2999634362623
5,25,B,Healthy,6615.91860238781,907.359421618579,9330.201676192115,0.0
5,26,B,Healthy,4290.8329772857305,1176.6903311318845,5612.6720064669635,0.0
5,27,B,Healthy,906.0153501985903,212.45475789089807,995.290161117087,0.0
5,28,B,Understocked,414.2293058622698,95.8416597084237,383.7854624061748,0.0
5,29,B,Understocked,2568.030072055489,432.50451436318156,2347.6906295172184,0.0
5,30,B,Understocked,2284.5082514215883,468.1298091138965,2244.93443611044,0.0
5,31,B,Healthy,2165.179964491441,651.0774606452868,2600.2414079750424,0.0
5,32,B,Healthy,5957.434831179875,1406.4080581029525,7873.673672226006,0.0
5,33,B,Healthy,4675.13458490494,1319.6976041357104,5993.261127716257,0.0
5,34,B,Healthy,9167.019872811097,1534.499815118789,9206.912403604025,0.0
5,35,B,Healthy,2622.445001850348,638.2173980041947,3925.9356298626835,0.0
5,36,B,Healthy,1955.5223132769038,558.2595132769036,2617.7887870341897,0.0
5,38,B,Healthy,135307.4660072663,17829.500045727833,163001.98955062203,0.0
5,40,B,Healthy,41633.81099684235,2639.6189545346588,51898.8829275188,0.0
5,41,B,Healthy,1999.7081115772446,457.85722696186,2212.29317263407,0.0
5,42,B,Understocked,7501.053184583402,1093.286361506479,7357.36017690061,0.0
5,44,B,Healthy,3372.247184537253,714.6551460757142,3574.11008787815,0.0
5,45,B,Healthy,5937.18250155931,5885.410634892643,8034.359587371849,0.0
5,46,B,Understocked,10995.481770780021,1215.1718246261748,8911.917656171898,0.0
5,49,B,Understocked,238.1723693056071,106.12791730560714,210.71896137928155,0.0
5,52,B,Understocked,1443.8758807380736,502.2706922765351,1203.5888414342276,0.0
5,54,B,Understocked,395.1008124870251,261.6673958203585,327.82779749774954,0.0
5,55,B,Healthy,7135.197028946603,1049.4715327927572,10163.989889871156,0.0
5,56,B,Healthy,3863.6994898844314,1799.2864321921238,5075.627025915576,0.0
5,58,B,Healthy,3753.5865700761265,2039.4981753392847,4302.161593283844,0.0
5,59,B,Understocked,332.3088116571507,189.1552783238174,289.58019150146924,0.0
5,60,B,Healthy,652.9360105436647,153.22782977443384,756.6742154345951,0.0
5,67,B,Healthy,9557.01929554395,3354.455791697794,10948.849996384177,0.0
5,71,B,Understocked,1588.647716624852,605.4547897017749,1471.7826045577028,0.0
5,72,B,Healthy,24219.941977692913,4087.005512308298,27046.692675327497,0.0
5,74,B,Healthy,8336.665632510083,1351.542317125468,9094.53903426756,0.0
5,79,B,Healthy,11764.344292115647,1268.6808575002633,14700.37842134072,0.0
5,81,B,Healthy,6759.813065092672,390.54083816959565,8541.823933919666,0.0
5,82,B,Understocked,9157.510262847069,1547.2701282316843,7628.864722415659,0.0
5,85,B,Healthy,2536.8985768102425,735.9366383487039,2723.277433945967,0.0
5,87,B,Healthy,25629.44869196358,3202.6910188866486,32213.083510223776,0.0
5,90,B,Healthy,7208.172821781167,435.81936024270607,8414.024223892178,0.0
5,91,B,Healthy,3919.1458330383743,438.33066765375764,5585.713938687726,0.0
5,92,B,Healthy,17925.52039507113,1006.1655027634362,22959.837389269775,0.0
5,94,B,Understocked,3692.0557852016273,2419.5646018682937,3392.785613864891,0.0
5,95,B,Understocked,46505.06673020859,2969.52335328552,39599.77052822156,0.0
5,96,B,Healthy,17809.291718450168,2131.506941527091,22599.38697648684,0.0
5,97,B,Understocked,1690.0305900510036,218.07233235869563,1384.7320678731112,0.0
5,98,B,Healthy,6197.65895155931,5885.410634892643,7608.346371913015,0.0
6,1,A,Healthy,51085.283407427734,7858.908580504671,75931.53442248475,0.0
6,2,A,Healthy,111624.25946820212,6485.921995125198,136192.3292069429,0.0
6,3,A,Healthy,63174.75144757629,21246.470670653216,68441.2543415514,0.0
6,4,A,Healthy,76094.68888018813,5038.8831571112105,96609.8473992933,0.0
6,5,A,Healthy,67776.93268956011,9146.804870329332,76894.5981306052,0.0
6,6,A,Healthy,14385.76530474685,2747.4816239776173,17238.466250320318,0.0
6,7,A,Healthy,72755.0430761828,9362.558953105867,108206.34274453603,0.0
6,8,A,Healthy,104451.34170031433,5140.858208006647,113001.19850344607,0.0
6,9,A,Overstocked,131862.9383813201,24887.924912089326,198014.50153091605,18267.79859168004
6,10,A,Healthy,115142.17597887875,13050.76880964799,168211.89212835106,0.0
6,11,A,Understocked,56420.72785824684,10171.571135169917,53200.65746969056,0.0
6,12,A,Understocked,15687.794844788214,1629.6559524805216,13344.567752387546,0.0
6,13,A,Understocked,81627.67018875161,4566.452300290058,71307.31577586553,0.0
6,14,A,Understocked,52577.494904697625,4170.365270082239,42761.378223862615,0.0
6,16,A,Understocked,71738.23186809954,9392.520110407255,62336.46033690323,0.0
6,17,A,Healthy,34391.55548579845,2893.5883934907524,44660.70009057987,0.0
6,18,A,Understocked,15688.11150200221,4266.953860825735,13365.764483548033,0.0
6,19,A,Healthy,6921.075308781361,783.3007895505898,7148.447929043348,0.0
6,20,A,Healthy,22684.48824845204,2802.219590759733,32138.452364820143,0.0
6,21,A,Understocked,18153.241178817923,1783.0319211256137,14830.98951839493,0.0
6,22,A,Healthy,38773.693645897256,3866.27661512802,54072.319459261606,0.0
6,23,A,Healthy,66739.36060055462,6741.131204400768,67123.37791937443,0.0
6,24,A,Understocked,18126.66843177873,5319.662797163346,16064.947040358102,0.0
6,25,A,Healthy,29424.05141087045,3554.223180101225,38504.847155379764,0.0
6,26,A,Healthy,21018.97783632161,4590.15568632161,26465.589371506252,0.0
6,27,A,Healthy,3463.401730939199,612.1854386315067,4989.219190816578,0.0
6,28,A,Healthy,1007.1859924408994,190.40978474859176,1346.2066728534942,0.0
6,29,A,Healthy,14652.68061613929,1712.0740738315983,20316.543594395403,0.0
6,30,A,Healthy,11176.324789232907,1308.6071469252158,11242.100120326388,0.0
6,31,A,Understocked,9172.281251495675,1753.4367976495218,8525.91854369637,0.0
6,32,A,Healthy,26638.650320264966,5357.783401034198,35907.535898973125,0.0
6,33,A,Healthy,17531.67713621879,4220.305959295714,24351.31299929186,0.0
6,34,A,Overstocked,40911.002526917466,4714.850573071299,62310.26962967341,78332.56466166826
6,35,A,Healthy,8842.287564102786,1449.6390641027858,9737.223483178735,0.0
6,36,A,Healthy,10866.949465201695,1996.0969652016943,11644.731841230763,0.0
6,37,A,Healthy,8914.204289106385,1012.3623391063843,12183.769164962898,0.0
6,38,A,Healthy,164335.96927271577,15473.556368869618,172353.35990508107,0.0
6,40,A,Healthy,138430.209279621,5317.058752697901,204800.96732514133,0.0
6,41,A,Healthy,7523.7065205236195,2229.1887936005423,10733.630517808477,0.0
6,42,A,Healthy,22133.68038996567,1940.714293811823,24638.45249649221,0.0
6,44,A,Healthy,20282.309228675884,3099.4861325220368,27343.308790044346,0.0
6,46,A,Healthy,61581.598853406744,4832.678003406752,83185.42739311843,0.0
6,47,A,Understocked,9522.815473288641,7820.049223288643,8335.133967516746,0.0
6,48,A,Healthy,7885.876008793369,3365.8390087933694,11504.417635854008,0.0
6,49,A,Healthy,30415.93039212131,4808.599161352083,35551.18063700162,0.0
6,52,A,Healthy,9572.715537198408,1421.942221813797,13433.525255208267,0.0
6,54,A,Healthy,781.5163997073836,532.5373197073836,807.8036484713234,0.0
6,55,A,Healthy,27184.910292181685,4400.0925960278355,39519.57283454626,0.0
6,56,A,Healthy,10630.572196685363,2904.22851206998,11524.786435092195,0.0
6,58,A,Understocked,11135.566229341046,4874.105056264126,8996.551855128284,0.0
6,59,A,Healthy,661.9941508547439,162.23553931628246,967.1263487393632,0.0
6,60,A,Understocked,919.6285137972471,232.09968687417015,796.9861875964925,0.0
6,67,A,Healthy,29263.89125043801,6104.387823514939,30232.49548296661,0.0
6,71,A,Healthy,13090.545821452555,2308.6654214525574,19551.32234757752,0.0
6,72,A,Healthy,161065.24078230638,15849.483943844863,240622.32400378663,0.0
6,74,A,Healthy,50066.68306486291,5495.551295632136,61011.743543388926,0.0
6,77,A,Healthy,9853.835823288642,7820.049223288643,12428.063372339797,0.0
6,79,A,Healthy,55215.628970722755,5586.060751491984,62248.18031182822,0.0
6,80,A,Healthy,31319.861039112708,2175.9483198819353,31759.712887360867,0.0
6,81,A,Healthy,34323.723884673374,2691.14239621183,35694.10261508855,0.0
6,82,A,Healthy,43015.91388169817,3597.4074816981733,55530.898178396164,0.0
6,83,A,Healthy,8537.829296483647,871.0007157144167,11519.524505720537,0.0
6,85,A,Healthy,5693.577422986846,913.3969114483842,7844.911035852392,0.0
6,87,A,Healthy,100132.75034959546,10051.573488057009,137824.8448253659,0.0
6,90,A,Understocked,115423.67696651212,7066.900478050585,100023.90252944622,0.0
6,91,A,Healthy,98553.8349312173,5927.539692755743,114413.79042527312,0.0
6,92,A,Understocked,211067.88352656303,12560.938741947672,177722.93494949277,0.0
6,93,A,Healthy,94409.38446736056,8107.720205822112,113400.4065487594,0.0
6,94,A,Healthy,98909.30031553454,8684.897565534542,111007.61551235738,0.0
6,95,A,Healthy,204474.882832927,12669.191575234707,296084.5486609975,0.0
6,96,A,Healthy,78193.88169136495,10300.887318288036,82585.87244500336,0.0
6,97,A,Understocked,48122.480887382924,4323.85805276755,42610.48005013004,0.0
6,98,A,Understocked,22012.40668220702,1851.1286552839388,19907.66681775512,0.0
6,99,A,Healthy,2332.5483323364697,1375.8288010864699,3162.708724339605,0.0
7,1,B,Healthy,20193.78928778229,3003.8335531669045,25268.472102517713,0.0
7,2,B,Understocked,53223.284628127076,5468.8268665886235,46507.54681325972,0.0
7,3,B,Understocked,24967.12006430268,4863.337110456524,21506.626501785806,0.0
7,4,B,Healthy,36041.479777628854,3428.348927628862,47275.878108748024,0.0
7,5,B,Understocked,25317.405955437407,4097.2815592835605,21598.70928093199,0.0
7,6,B,Healthy,13704.087983174908,3280.592725482597,19185.14545707177,0.0
7,7,B,Healthy,26183.10133858312,5082.32864627543,34445.35768722088,0.0
7,8,B,Understocked,31109.689017746798,2028.598986977566,26735.187959649393,0.0
7,9,B,Understocked,100622.73942169148,13541.625702460711,86729.91187154735,0.0
7,10,B,Overstocked,46084.211851819484,5381.625963357953,70059.37985209336,77444.15217222311
7,11,B,Healthy,36360.99034562414,6758.203007162602,39023.257734029576,0.0
7,12,B,Healthy,15852.132692345152,2528.0642154220773,16970.79815645257,0.0
7,13,B,Healthy,34383.34364528908,2579.6242145198485,47907.814706333855,0.0
7,14,B,Healthy,22861.383096369114,3182.1539155998785,34097.557686091306,0.0
7,16,B,Overstocked,53556.500390977046,9808.5904025155,81394.13975567899,87929.30104471388
7,17,B,Healthy,11764.240563386307,1620.4154633863097,15881.325661522378,0.0
7,18,B,Healthy,7706.876039485444,2525.6649667581696,8282.344600167462,0.0
7,20,B,Understocked,8160.156013363901,1264.103313363903,7025.531389797972,0.0
7,21,B,Healthy,4871.003321984848,741.5960912156181,6660.206860269441,0.0
7,22,B,Healthy,16372.881839555626,2530.0016703248575,19772.466835374435,0.0
7,23,B,Healthy,29484.90854980529,2885.369726728364,32718.87425749131,0.0
7,24,B,Healthy,5852.8353405062735,1416.7769481985808,8554.73064496189,0.0
7,25,B,Understocked,11397.168325932716,1689.2879643942567,10042.89024972826,0.0
7,26,B,Healthy,4622.766600875175,921.416350875175,5360.635622274096,0.0
7,27,B,Understocked,1776.2932328989718,300.6056944374331,1435.7567900486245,0.0
7,28,B,Healthy,496.9095837102212,136.00859524868278,567.5315010638834,0.0
7,29,B,Understocked,2916.5914969343467,504.7463084728082,2453.1491657728116,0.0
7,30,B,Understocked,2755.318955197912,493.4801705825277,2443.2434817030216,0.0
7,31,B,Understocked,4068.948023008781,1019.3619537780121,3604.2503967240254,0.0
7,32,B,Healthy,9740.490008091456,1342.8461234760723,12408.639322938598,0.0
7,33,B,Healthy,5492.556140460772,1287.876013537695,7385.361081716707,0.0
7,34,B,Healthy,11286.112027618434,1790.2801545415089,13835.184244593724,0.0
7,35,B,Overstocked,715.7722465929801,287.07006197759534,1075.3661741155368,141.74775076353012
7,36,B,Healthy,3539.6355981881743,791.7995943420203,3800.349309587279,0.0
7,38,B,Healthy,72979.57825816829,10675.847500475973,73605.00032541608,0.0
7,40,B,Healthy,66679.29755986777,4908.172948329296,95623.27124990855,0.0
7,41,B,Understocked,5057.1664690576035,1159.5517421345276,4871.188980588501,0.0
7,42,B,Overstocked,16431.44214338868,2084.3406741579097,24698.96257717016,4299.347053232792
7,44,B,Understocked,7797.624043257629,1050.1769778730136,6307.285732180472,0.0
7,45,B,Overstocked,140.98252435972438,79.51311102639104,212.60327416575166,93.74747297170222
7,46,B,Understocked,35961.67049375815,3963.612409142769,29902.371243444075,0.0
7,47,B,Healthy,5942.254684892643,5885.410634892643,8619.445267780105,0.0
7,48,B,Healthy,8054.417197151768,3800.2820740748457,9546.270925947365,0.0
7,49,B,Overstocked,97.7383381382552,37.31190352287058,149.03770268242317,201.7062244283502
7,51,B,Understocked,5977.730334892643,5885.410634892643,5104.213521363768,0.0
7,52,B,Healthy,2939.0083039287188,716.6085462364113,3539.4877520890204,0.0
7,54,B,Overstocked,153.6114840289555,81.04411034474495,231.58326793088426,96.78147665843548
7,55,B,Healthy,10813.343889861257,1923.658789861256,12779.874032140524,0.0
7,56,B,Healthy,39832.42582852497,15024.11585160189,50167.38709899113,0.0
7,58,B,Healthy,6656.226609816259,4088.278541395206,8705.655772128863,0.0
7,59,B,Healthy,51.386528584364974,30.66135211377673,58.16004268223549,0.0
7,60,B,Healthy,290.08324445252254,92.5186290679072,364.9587768478402,0.0
7,67,B,Healthy,10764.42157012686,2790.8378585884006,13203.095331690653,0.0
7,71,B,Healthy,5292.697556108104,908.8068868773352,7715.9345087352995,0.0
7,72,B,Understocked,96218.52812343424,13789.138319588094,80166.95469099218,0.0
7,74,B,Healthy,23603.567137541955,2649.52449523426,23724.019171397806,0.0
7,79,B,Healthy,13770.368880936272,1718.5979117055017,20570.18231357,0.0
7,80,B,Healthy,1859.362932841671,725.9449366878249,2695.876486832577,0.0
7,81,B,Healthy,15284.903162754657,1487.129635831584,17312.131149706678,0.0
7,82,B,Healthy,21351.870697034985,2324.905189342672,26747.420019218604,0.0
7,83,B,Healthy,1654.0502235223871,291.4816658300795,1658.1659364468278,0.0
7,85,B,Understocked,5020.130590113632,788.6378901136324,4705.511207752048,0.0
7,87,B,Healthy,28707.880362598593,3715.544501060128,32683.917073420584,0.0
7,90,B,Healthy,32419.513921198424,3146.357271198422,34298.13159413002,0.0
7,91,B,Healthy,23963.996949006065,2635.218664390679,29381.512856278874,0.0
7,92,B,Understocked,61068.256417875986,5421.890744799055,52320.001816492375,0.0
7,93,B,Overstocked,4315.295034711706,826.0878385578606,6521.740812789958,4050.2556399591494
7,94,B,Overstocked,4021.213528050157,1369.9438165116958,6111.978533103277,6653.134005327455
7,95,B,Healthy,85995.47353087139,10242.516042409856,112624.66427942166,0.0
7,96,B,Healthy,3095.446173569939,871.8728081853237,3687.76087433715,0.0
7,97,B,Healthy,11242.211841397137,1383.6112183202129,11534.005247246825,0.0
7,98,B,Healthy,852.7240862791599,253.46081704839074,1188.7573776799693,0.0
7,99,B,Healthy,5975.207234892643,5885.410634892643,7766.895566940452,0.0
8,1,A,Understocked,25188.716637011446,2008.644044703754,23141.135073650836,0.0
8,2,A,Healthy,76623.04197968388,3886.385795068505,112250.98226921918,0.0
8,3,A,Healthy,45718.88489884568,17618.4635142303,64027.11235905585,0.0
8,4,A,Healthy,47133.30192493503,3190.495813396566,70386.70197941775,0.0
8,5,A,Healthy,42487.32657508453,9107.11784816145,56498.59494107604,0.0
8,6,A,Healthy,8843.369223874923,2843.0220738749217,11034.69503669285,0.0
8,7,A,Healthy,43881.87207993787,5576.813014553251,48503.39747823602,0.0
8,8,A,Healthy,58954.431211481286,2603.4017230197264,87305.13333312994,0.0
8,9,A,Healthy,34272.988451244724,6853.932555090879,49086.687069503714,0.0
8,10,A,Understocked,47934.00249633021,4988.886765560993,39929.48564446227,0.0
8,11,A,Understocked,48028.941772487466,8576.932418641312,39347.60927246696,0.0
8,12,A,Healthy,18573.34810985583,1943.3415137019792,19962.973657337763,0.0
8,13,A,Healthy,56015.892304886256,3373.437012578569,77957.53754555166,0.0
8,14,A,Overstocked,21611.7578915672,2255.8104800287383,32865.25036883482,37151.92311317407
8,16,A,Understocked,49088.06346354463,7666.246890467701,44660.532715265435,0.0
8,17,A,Healthy,15741.333337548094,1919.2202452404058,19420.325704635197,0.0
8,18,A,Healthy,10452.616197750132,3384.371429000133,11268.446292645433,0.0
8,19,A,Overstocked,1648.3658808058583,405.0869615750892,2485.7975791264516,1099.6469071661186
8,20,A,Healthy,9909.554413747206,1457.609006054899,14019.510533909204,0.0
8,21,A,Healthy,8960.625963761688,994.696336838611,12652.22424005832,0.0
8,22,A,Healthy,17454.06441374764,3837.35524067072,19935.08996997947,0.0
8,23,A,Healthy,33872.52506700286,4552.543297772082,37355.23836718867,0.0
8,24,A,Understocked,14599.084982508844,5261.441463278077,14593.057932899837,0.0
8,25,A,Understocked,16010.127590231288,2532.0139017697516,13466.98466505615,0.0
8,26,A,Healthy,12832.861009201939,2709.982655355783,18366.998115561935,0.0
8,27,A,Healthy,1864.4795737392888,397.5365814315961,2597.9989076978427,0.0
8,28,A,Overstocked,666.4956673437904,168.48793657455957,1019.6010072779536,1648.1730197682514
8,29,A,Overstocked,5873.624307916816,828.3924233014324,8972.224803587367,13428.432362107864
8,30,A,Healthy,5360.267230920374,816.7991424588351,6461.615315242161,0.0
8,31,A,Healthy,4802.897738618084,1406.8691270796223,6538.476770593722,0.0
8,32,A,Healthy,15104.66772580651,5189.696075806508,22501.1060535255,0.0
8,33,A,Healthy,13727.097396468755,2887.5066387764464,19495.80843084859,0.0
8,34,A,Understocked,19080.506745485145,2894.1795877928375,18709.66019675776,0.0
8,35,A,Healthy,4587.565484995181,894.7930734567185,5178.8899169655215,0.0
8,36,A,Understocked,3694.2512749162943,1405.379836454756,3303.7185738193584,0.0
8,37,A,Healthy,5506.114368042623,991.4927718887762,8239.664764829704,0.0
8,38,A,Healthy,134974.36561524982,11976.37068448057,167706.65931025622,0.0
8,40,A,Understocked,78307.50745410453,4185.820096412226,75716.25314657517,0.0
8,41,A,Healthy,3702.548848099747,910.8156711766692,4777.552433059541,0.0
8,42,A,Healthy,12922.890030883626,1824.402334729782,16169.554416494217,0.0
8,44,A,Healthy,8903.251233546205,1553.6317027769737,9450.434229466353,0.0
8,45,A,Understocked,7820.049223288643,7820.049223288643,6904.298329926757,0.0
8,46,A,Healthy,41466.80373154764,3980.3595084707113,53502.47852713897,0.0
8,49,A,Healthy,6601.559168438951,2004.0802184389502,7788.682048268066,0.0
8,52,A,Healthy,4606.405872884,1554.1796574993837,6282.181440369184,0.0
8,54,A,Healthy,514.3731151596562,401.22843896918,606.8159200630354,0.0
8,55,A,Healthy,13017.200718181257,2058.1643412581775,18511.66345026112,0.0
8,56,A,Healthy,15208.036731942862,4565.691347327479,18293.625603540066,0.0
8,58,A,Healthy,5440.392378075947,2804.841896257765,6580.071447848341,0.0
8,59,A,Healthy,568.8018192098949,185.39825382527962,819.0502350944677,0.0
8,60,A,Healthy,677.5213108035413,207.86963003431063,741.5758641370179,0.0
8,67,A,Understocked,15028.906016503604,3830.5974741959144,13493.41947261329,0.0
8,71,A,Understocked,5892.508421346886,1710.455117500732,4837.816315750142,0.0
8,72,A,Healthy,78040.9372645856,15500.334979970212,105452.83182487714,0.0
8,74,A,Healthy,20652.960066960703,2372.650824653012,25874.564780646477,0.0
8,79,A,Healthy,50213.7504869131,5605.553917682327,65979.77502222966,0.0
8,80,A,Understocked,20684.72734128447,1541.4521066690877,19763.50897144985,0.0
8,81,A,Understocked,29679.14067069567,2653.8951399264365,26697.905927965894,0.0
8,82,A,Understocked,32279.158872362394,3084.6787685162344,26166.054486792353,0.0
8,83,A,Healthy,6234.5363696650975,897.1906427420207,6583.227242608314,0.0
8,85,A,Healthy,6186.693525341256,1751.3698714951024,7613.591971908934,0.0
8,87,A,Healthy,56720.186867086595,8477.248040163518,61617.30303462718,0.0
8,90,A,Healthy,85395.33212239473,3626.232141625496,95587.83656876339,0.0
8,91,A,Healthy,69140.3121890093,3987.0677774708474,100947.33426737199,0.0
8,92,A,Healthy,129063.31678170798,7629.114097092572,136061.967558181,0.0
8,93,A,Healthy,65954.59474888796,5539.964460426421,77510.65277689835,0.0
8,94,A,Healthy,63241.271210662155,7371.225129892932,86771.24224961476,0.0
8,95,A,Healthy,137978.41018248018,4991.546370941708,150324.19829802323,0.0
8,97,A,Healthy,38782.616506990154,2289.479510836304,48638.18265378882,0.0
8,98,A,Healthy,16324.925723014418,2136.5744576297993,23336.89772721665,0.0
8,99,A,Healthy,2660.3569087802607,1399.0618621135939,3972.312065383382,0.0
9,1,B,Understocked,26258.64056411257,3815.3171794971927,23826.135712016843,0.0
9,2,B,Healthy,57009.217773068645,3062.7304038378875,84168.92028577828,0.0
9,3,B,Healthy,33635.151899998345,13904.75195769065,38991.378097240566,0.0
9,4,B,Understocked,38584.103267613464,1909.8702253057784,38141.09616096911,0.0
9,5,B,Healthy,41049.153892981725,6867.125346827871,46597.73116476968,0.0
9,6,B,Overstocked,6723.012705516779,2146.751863209086,10188.213326902574,8606.624296074775
9,7,B,Healthy,33235.5344440103,5593.799628625679,38540.298265577425,0.0
9,8,B,Healthy,49419.43303190078,3470.3938857469334,51395.65070329576,0.0
9,9,B,Healthy,39677.40609814379,8776.756075066865,50088.06800984927,0.0
9,10,B,Understocked,32229.149095124303,2756.3870682012275,31433.29221116403,0.0
9,11,B,Understocked,42835.51348707522,8822.101560152147,36640.65135815253,0.0
9,12,B,Understocked,16803.00173572281,2270.8090280305028,15023.26470798205,0.0
9,13,B,Understocked,49856.99955306712,3213.18688768251,44545.90601750723,0.0
9,14,B,Understocked,15318.019613616903,1861.6882520784416,13953.015051058794,0.0
9,16,B,Understocked,34395.598509863565,7109.0329406328,31002.260703568147,0.0
9,17,B,Healthy,11766.905647771313,1494.6536939251591,14918.536755738482,0.0
9,18,B,Understocked,6459.774327567983,3221.492510901317,6025.499600979557,0.0
9,19,B,Healthy,4751.471491534364,1707.235129995903,5000.149810084203,0.0
9,20,B,Healthy,7467.052640745356,1719.4481368992028,10861.989485592601,0.0
9,21,B,Healthy,7868.050008856125,915.838551163818,9016.722345228362,0.0
9,22,B,Healthy,12062.899154808949,1821.0347740397206,15528.776950094934,0.0
9,23,B,Understocked,29563.219320586155,6110.289301355391,27369.436462778052,0.0
9,24,B,Understocked,7553.916835358238,2270.9701776659313,7103.484205482925,0.0
9,25,B,Understocked,11346.761537528344,1732.1527067591135,9415.92953351815,0.0
9,26,B,Understocked,10373.048426399506,2506.6301648610442,9577.67000193963,0.0
9,27,B,Healthy,1514.828189310609,310.3120431567632,1519.9345955981912,0.0
9,28,B,Understocked,604.8297871765278,211.87966794575863,562.0185156203991,0.0
9,29,B,Understocked,5016.83775647462,1031.5168718592354,4338.324746106269,0.0
9,30,B,Understocked,3993.747647193327,546.4849125779419,3546.704253008515,0.0
9,31,B,Healthy,3563.085929103845,1484.9667906423063,4048.9786149923398,0.0
9,32,B,Understocked,13278.251962160162,5211.501216006315,12622.619873663638,0.0
9,33,B,Healthy,7964.217405045116,2102.918720429731,8489.19471230558,0.0
9,34,B,Healthy,13552.357285685619,2243.891647224079,15822.304052987643,0.0
9,35,B,Healthy,3900.261358727813,981.4378548816592,5085.894885811346,0.0
9,36,B,Understocked,3394.1341366882352,1450.2927136113126,2812.7117026998712,0.0
9,38,B,Healthy,177029.5685371158,23126.347229423456,244932.7277718472,0.0
9,40,B,Healthy,63167.79633729228,3888.0830988307275,79488.28833396558,0.0
9,41,B,Understocked,3613.8829000801616,1227.7042846955462,3106.797644329739,0.0
9,42,B,Healthy,8356.902825448777,1743.9715369872406,12014.822780955215,0.0
9,44,B,Healthy,9069.682131925472,1477.2363280793181,13352.720274067671,0.0
9,46,B,Understocked,17868.46969875113,2221.1582525972817,15091.47562169847,0.0
9,48,B,Healthy,4648.022833303128,2430.2100767813886,4657.879816994718,0.0
9,49,B,Healthy,167.2670252455484,85.61040441221508,232.2547697651405,0.0
9,52,B,Healthy,4871.027097237039,1267.466101083193,6557.5207339588,0.0
9,54,B,Understocked,185.5060015719584,92.5934515719584,173.39252350751866,0.0
9,55,B,Understocked,15492.956659283418,1629.2501438988015,14762.076522394089,0.0
9,56,B,Healthy,8632.961779196872,3487.745402273795,9241.107621026886,0.0
9,59,B,Healthy,156.78250912928115,140.85435912928116,180.88025972823718,0.0
9,60,B,Healthy,308.92454452413835,89.1975252933692,386.56530941656723,0.0
9,67,B,Healthy,10625.589848704887,3230.3574025510397,11362.017146236694,0.0
9,71,B,Healthy,3471.210085933424,925.328578241116,3949.023344113827,0.0
9,72,B,Healthy,70886.66455280689,12114.128502806896,95388.90845000093,0.0
9,74,B,Understocked,19216.089329275146,3706.5069869674517,15887.454087069764,0.0
9,79,B,Understocked,31761.748606310062,4458.727021694678,31262.421183643957,0.0
9,80,B,Healthy,5885.410634892643,5885.410634892643,7773.1278325017975,0.0
9,81,B,Healthy,5771.539904055681,439.93746174798827,8388.938973094018,0.0
9,82,B,Healthy,23260.130932361262,2384.6008938997256,27296.33428397366,0.0
9,85,B,Healthy,2663.5512125053456,777.3296086591921,3165.478378778557,0.0
9,87,B,Understocked,37574.11495046067,4725.010000460675,32998.92419606209,0.0
9,90,B,Healthy,7426.30002377413,570.5620045433607,8366.551502395143,0.0
9,91,B,Healthy,3071.805874522751,695.7323322150585,3651.795398635417,0.0
9,92,B,Understocked,35511.30940068807,2110.1949199188352,34694.672425383345,0.0
9,94,B,Understocked,4348.219898302468,2822.607473302468,4333.207923879037,0.0
9,95,B,Healthy,77382.59547408295,5099.1268163906425,83218.59265304751,0.0
9,96,B,Understocked,9771.791812556115,1350.3950010176538,7960.609493307077,0.0
9,98,B,Healthy,6836.508234892643,5885.410634892643,7076.5913014057405,0.0
10,1,B,Understocked,64689.20580300767,4252.483295315369,61736.5993005079,0.0
10,2,B,Healthy,223400.53013016598,9835.079630165996,232129.47403185623,0.0
10,3,B,Understocked,122674.17564250126,49514.929507885885,108864.29669370511,0.0
10,4,B,Healthy,101981.07059177289,6670.415753311335,147881.2120745737,0.0
10,5,B,Healthy,104623.79065254616,16674.847952546144,129034.87411534305,0.0
10,6,B,Healthy,20119.053431196167,3893.326985042322,26069.156711162505,0.0
10,7,B,Healthy,105393.64957089043,12024.799632428922,145031.67464715373,0.0
10,8,B,Healthy,178216.27231995383,6382.229823799918,207419.29063783423,0.0
10,9,B,Understocked,145429.66141847975,16017.123299248971,125571.50442365785,0.0
10,10,B,Healthy,109758.59784141924,8762.61155295771,130841.88274579929,0.0
10,11,B,Healthy,74608.74606061804,7558.631814464191,91648.93721370917,0.0
10,12,B,Healthy,20442.749072291575,1653.5173415223405,27478.54670494506,0.0
10,13,B,Healthy,131096.40763886806,7684.932911944981,146187.1076697209,0.0
10,14,B,Understocked,77389.43546613133,5619.67406228518,69119.10672816621,0.0
10,16,B,Healthy,79346.72552377307,10085.887789157667,79914.56332161864,0.0
10,17,B,Healthy,56547.24028587622,4692.5606051069935,60225.64258504196,0.0
10,18,B,Healthy,18610.72501137751,4231.8819513775115,23663.901364828907,0.0
10,19,B,Healthy,7341.960572814053,1392.777372814053,8932.729678599906,0.0
10,20,B,Healthy,33961.753517294674,3005.9038557562153,35997.78135411429,0.0
10,21,B,Overstocked,19312.886000562477,1510.7063967163208,29358.602073011385,32309.66498991637
10,22,B,Healthy,51291.04756551804,4393.336915518049,63714.540356162295,0.0
10,23,B,Understocked,139615.79192864412,13619.187909413362,135870.67621120135,0.0
10,24,B,Understocked,44173.33340620465,15740.733802358502,38620.79862648108,0.0
10,25,B,Understocked,45370.472844821146,4413.128233282688,41359.14101497211,0.0
10,26,B,Understocked,33283.406616328764,3536.1047355595274,32602.732384565606,0.0
10,27,B,Understocked,8262.723387845794,998.7490839996412,7579.3747010773595,0.0
10,28,B,Understocked,2190.4534583806303,370.2884160729379,2050.689226333169,0.0
10,29,B,Healthy,33076.10003429391,2510.6838842939046,33344.66054031358,0.0
10,30,B,Understocked,25002.338123234375,3653.528496311292,23166.234531963688,0.0
10,31,B,Healthy,18547.934880453464,5645.206768915005,26980.54499464236,0.0
10,32,B,Understocked,43739.94773345095,6757.944594989417,37553.8346712012,0.0
10,33,B,Healthy,39629.79795814149,12247.030565833802,46877.82305516485,0.0
10,34,B,Healthy,94087.66987574809,8920.398771901933,103457.83115897464,0.0
10,35,B,Overstocked,19667.154298021942,2235.008936483478,29837.75548002539,27972.994738375386
10,36,B,Understocked,10252.783053632827,1343.4014497866722,9040.785149878513,0.0
10,37,B,Healthy,8183.057870336636,534.1724511058682,8923.089331720299,0.0
10,38,B,Overstocked,193565.72137718764,20611.137773341485,291841.6350544352,123923.39805825806
10,40,B,Healthy,201003.63210189182,8078.321640353398,287801.0610992878,0.0
10,41,B,Healthy,29843.657821978068,5854.651037362683,41675.55234753532,0.0
10,42,B,Understocked,26104.018361706178,2310.915046321564,25797.79378624838,0.0
10,44,B,Understocked,18914.448317274415,1898.424040351339,17491.097094839308,0.0
10,45,B,Healthy,5947.178234892644,5885.410634892643,7660.6170831575855,0.0
10,46,B,Healthy,115474.80703507908,6561.069008155989,170723.09012357017,0.0
10,47,B,Healthy,5989.852518225976,5885.410634892643,7226.379174825996,0.0
10,48,B,Healthy,9189.583049895637,3923.8382537417897,11186.27050596474,0.0
10,49,B,Healthy,46567.36698226185,6978.9780784156965,46771.55270315232,0.0
10,50,B,Healthy,10251.002225650414,1477.0348910350287,13959.095633184485,0.0
10,52,B,Understocked,10439.18098549266,1589.6143162618898,9776.730775073915,0.0
10,54,B,Healthy,399.81351218022917,208.70515801356257,414.321082342598,0.0
10,55,B,Healthy,32343.679209172056,5356.220359172053,35919.874544324106,0.0
10,56,B,Healthy,3526.4868486534006,1367.1515755764774,4127.948845932334,0.0
10,58,B,Understocked,14476.500871500804,5447.8237445777295,14142.949330074689,0.0
10,59,B,Understocked,672.9526945902921,103.24047151336919,594.776373644135,0.0
10,60,B,Healthy,1222.9603415539568,226.43204924626446,1523.5060630779662,0.0
10,67,B,Healthy,34538.872696941,9988.89260847946,34908.449129966175,0.0
10,71,B,Healthy,35750.36551173705,4461.501761737053,43769.31198102239,0.0
10,72,B,Understocked,267345.0834665658,38641.874981950445,244001.78926260103,0.0
10,74,B,Healthy,89138.25836748652,7816.565771332665,102618.83991235748,0.0
10,79,B,Healthy,82295.81062558043,10501.536698657372,97832.46023065333,0.0
10,80,B,Understocked,1499.6999001946892,681.8413078869968,1256.4953398459918,0.0
10,81,B,Healthy,22473.352903356707,1535.1587148951687,23500.85983750646,0.0
10,82,B,Understocked,47728.90936813282,3161.115579671292,42866.417625864284,0.0
10,83,B,Understocked,667.8312029689087,142.38305681506256,565.1613237964586,0.0
10,85,B,Overstocked,6578.050643689843,976.5511283052274,10016.206751998894,12377.855276522741
10,87,B,Healthy,61747.35953712964,7050.074483283481,63928.17172729989,0.0
10,90,B,Healthy,29738.90362558807,1274.4399063572992,41373.010909161654,0.0
10,91,B,Understocked,28061.4743202704,2533.8401818088632,27665.46175823797,0.0
10,92,B,Healthy,107975.86466695495,6812.818432339541,140098.359098223,0.0
10,93,B,Healthy,3201.4799709026197,515.233143979543,4337.8975914561615,0.0
10,94,B,Healthy,1308.6684756427626,625.1588823094291,1615.9651396888912,0.0
10,95,B,Healthy,155675.58943400733,8930.789387853432,178131.88936158546,0.0
10,96,B,Healthy,27417.1011913009,2651.4326759162873,30176.464286102997,0.0
10,97,B,Healthy,10879.332210758796,624.4645953741817,11474.147020351376,0.0
10,98,B,Healthy,1744.283065609718,899.3366906097183,2579.0206725583625,0.0
11,1,A,Healthy,39512.395197583865,5386.009247583852,55568.34263655012,0.0
11,2,A,Overstocked,128106.61291724762,10484.563590324507,192732.51043042014,47525.05752754319
11,3,A,Understocked,65723.30648849471,19987.318165417804,58542.179086606615,0.0
11,4,A,Healthy,66286.83666438106,5540.373998996423,88395.7011865616,0.0
11,5,A,Healthy,73637.89825320718,11913.563657053326,109351.43453553227,0.0
11,6,A,Understocked,12082.536195700066,3379.1221687769885,11264.550166277188,0.0
11,7,A,Understocked,75958.8080038869,15096.936730809957,64454.25976340789,0.0
11,8,A,Healthy,75577.08539761468,3890.327066845438,101350.23749706295,0.0
11,9,A,Healthy,45816.94508551134,5060.523258588267,55867.59631656582,0.0
11,10,A,Healthy,56451.41203573212,4855.484778039812,79852.49852101752,0.0
11,11,A,Understocked,42345.184331117955,5212.078427271792,38196.789013320595,0.0
11,12,A,Healthy,10414.73188291111,1361.0013906034178,14378.007460961764,0.0
11,13,A,Understocked,92547.06049484234,6598.341790996189,87659.45991956012,0.0
11,14,A,Understocked,52722.97148434637,5713.39486126944,48477.129342012326,0.0
11,16,A,Understocked,42612.32594216522,8246.73358062675,39199.67659121946,0.0
11,17,A,Healthy,32215.705216640825,5297.847828179285,44929.29648996103,0.0
11,18,A,Healthy,13489.829751027382,5016.70640754912,17342.443799197186,0.0
11,19,A,Healthy,4650.733468026398,982.7959064879373,5496.412424588186,0.0
11,20,A,Healthy,23190.544853244835,2827.745226321754,24627.11222144355,0.0
11,21,A,Healthy,15973.789425210849,1528.4280482877732,23007.949747688333,0.0
11,22,A,Healthy,35897.76742083891,4795.977128531215,39002.383266614976,0.0
11,23,A,Healthy,75100.37213401272,8150.334526320407,104848.95061299158,0.0
11,24,A,Healthy,22710.108458739232,5327.779039508467,25448.23179019457,0.0
11,25,A,Healthy,30367.57464088896,4053.9020255043442,32650.288022811746,0.0
11,26,A,Healthy,24067.65118419704,3980.814284197037,27383.12040213448,0.0
11,27,A,Healthy,4469.114504152818,550.0093272297399,4558.522930242383,0.0
11,28,A,Healthy,1671.50039730752,288.0473896152122,2249.4297623226817,0.0
11,29,A,Healthy,19253.3997863783,2052.1143709936837,22468.445784489268,0.0
11,30,A,Understocked,15318.382301103466,2075.2257318726975,14851.405513665608,0.0
11,31,A,Healthy,8585.563878999246,2203.860794383863,12506.500226023172,0.0
11,32,A,Healthy,23281.62426169645,4346.602973234904,25149.75556592079,0.0
11,33,A,Healthy,20819.429325782763,4436.26086039815,24916.559535682693,0.0
11,34,A,Healthy,51308.15364089103,5667.904348583319,74998.39246131564,0.0
11,35,A,Healthy,10595.414373852158,1631.8271238521586,13304.595470348324,0.0
11,36,A,Understocked,9473.927526141204,2544.118491525821,8387.605023814795,0.0
11,37,A,Healthy,9310.327274748552,1021.82530167163,13835.867417338117,0.0
11,38,A,Healthy,166725.3779365279,24939.625236527878,209778.35188818033,0.0
11,40,A,Healthy,114837.37199466434,5698.206048510492,119945.46447277005,0.0
11,41,A,Understocked,3241.2538856009583,907.4865240624968,2922.5368955541758,0.0
11,42,A,Healthy,14968.105868424223,1508.0150068857617,20650.57345423054,0.0
11,44,A,Healthy,14015.298027412398,1675.2357197200931,17556.30668723238,0.0
11,45,A,Healthy,7881.994823288643,7820.049223288643,9375.054281360703,0.0
11,46,A,Healthy,61475.65013843871,3431.4766730540873,89295.93832955071,0.0
11,47,A,Healthy,7863.258123288642,7820.049223288643,10817.29520046068,0.0
11,49,A,Understocked,19576.968925944882,3060.2958528679555,17829.18925813929,0.0
11,51,A,Healthy,7820.049223288643,7820.049223288643,8035.547175957865,0.0
11,52,A,Understocked,7143.928582578687,1128.0317325786875,7011.030593981047,0.0
11,54,A,Healthy,290.6211994014444,131.3084175832627,390.3277511226979,0.0
11,55,A,Understocked,21849.402188216605,3295.3477459089136,18014.366217184568,0.0
11,56,A,Healthy,5230.3179467293085,1401.7287082677701,6360.168457283447,0.0
11,58,A,Healthy,7781.5212243439055,2867.910093574675,10556.371544892001,0.0
11,59,A,Healthy,967.0405475407055,235.63355907916696,1392.5760206830032,0.0
11,60,A,Healthy,689.120795578597,216.4223340401355,723.3836586473351,0.0
11,67,A,Healthy,26922.527034906474,7395.069088752627,37678.55667890726,0.0
11,71,A,Understocked,24256.727974022666,3251.9157624842014,21364.384061707882,0.0
11,72,A,Healthy,156160.8079791322,25915.60450990142,221421.9982522326,0.0
11,74,A,Understocked,51349.81166320212,5883.223313202126,45858.80805451853,0.0
11,77,A,Healthy,8804.792623288642,7820.049223288643,9597.397608465059,0.0
11,78,A,Healthy,7892.070923288643,7820.049223288643,10907.04418731628,0.0
11,79,A,Understocked,72775.01715619012,8933.771486959356,66184.4913684949,0.0
11,80,A,Understocked,32478.388566395588,2611.6272663955783,31418.083455556934,0.0
11,81,A,Healthy,31396.21416857851,3095.425783963117,41670.44864924727,0.0
11,82,A,Healthy,51958.92133320777,5453.031267823142,68878.1319509522,0.0
11,83,A,Healthy,8037.153461629388,1209.1409462447734,10191.414168756986,0.0
11,85,A,Healthy,4729.971635387279,1032.3356661565103,6180.0975231976945,0.0
11,87,A,Healthy,37688.45205889901,3985.131966591315,45082.505887057145,0.0
11,90,A,Understocked,107304.95010186642,5541.783474943331,105568.0384612396,0.0
11,91,A,Healthy,90581.54918202065,4861.144743559086,95324.22475106655,0.0
11,92,A,Understocked,168266.04102703708,9593.492638575532,156919.24489360888,0.0
11,93,A,Healthy,75746.84414521819,5847.090068295128,110830.4273667458,0.0
11,94,A,Healthy,89400.73255133351,6952.148166718121,109594.21332713254,0.0
11,95,A,Healthy,179497.533203599,11566.568434368213,196122.87012075528,0.0
11,96,A,Healthy,50995.4404510547,4446.2797856701,57995.29065772027,0.0
11,97,A,Healthy,38250.600876010736,3078.0313990876607,57051.41526699843,0.0
11,98,A,Understocked,19707.248384353556,2331.1036343535516,17971.95666713018,0.0
11,99,A,Healthy,2618.5229682341796,1390.8125882341797,3215.409458841379,0.0
12,1,B,Healthy,30482.957094416382,2845.377252108687,35643.68318741301,0.0
12,2,B,Healthy,160120.3023695104,5577.548334894992,199567.79495153527,0.0
12,3,B,Understocked,62119.604365537074,19035.57020399861,50516.93163380423,0.0
12,4,B,Healthy,58309.5747765207,3996.541488059163,83770.47704778504,0.0
12,5,B,Healthy,51585.74103936936,8701.393977830896,76369.92183842628,0.0
12,6,B,Healthy,14525.187958675057,4172.197012521208,17612.47633766195,0.0
12,7,B,Healthy,64516.85516932073,6328.018580859195,84423.85996004358,0.0
12,8,B,Healthy,90689.83574177831,5433.265741778299,133624.63025955125,0.0
12,9,B,Healthy,46524.368803573954,4790.464188189338,61239.29171295991,0.0
12,10,B,Understocked,42798.019405283485,3607.639316821949,39004.12483488357,0.0
12,11,B,Healthy,43209.25951994547,6660.781900714704,52745.13273427967,0.0
12,12,B,Healthy,10853.554389405865,1277.3113432520202,13489.904282519368,0.0
12,13,B,Healthy,97336.30872212868,3914.6834836671346,108005.86616880423,0.0
12,14,B,Healthy,38691.1617248212,2788.9659171288877,51753.46398582095,0.0
12,16,B,Healthy,21477.842548251952,3392.401298251954,31832.05100520861,0.0
12,17,B,Healthy,24454.798275359833,2587.521183052137,36087.090249694666,0.0
12,18,B,Healthy,15540.407460554336,9395.930981387668,17546.872065986165,0.0
12,19,B,Understocked,7207.487878187496,1218.2488704951884,6361.788447755222,0.0
12,20,B,Overstocked,15509.181186534164,2252.9962480726244,23557.423783336715,24373.116293443985
12,21,B,Healthy,9110.934745194285,1123.862206732744,12868.244174293826,0.0
12,22,B,Understocked,19985.894449178,2052.8077068703005,17807.507046786814,0.0
12,23,B,Healthy,82681.74203257925,6695.59412873309,121725.26564975927,0.0
12,24,B,Healthy,26381.911705935676,4096.7300867049025,37858.685547332076,0.0
12,25,B,Healthy,44338.608768906044,3694.0501342906614,52264.214084537365,0.0
12,26,B,Healthy,30261.808118094516,5057.266006556047,37271.38305493833,0.0
12,27,B,Healthy,4257.999791039855,922.8699679629315,4646.635836515331,0.0
12,28,B,Understocked,1773.1612381056439,351.35105349025963,1489.4128776494033,0.0
12,29,B,Healthy,14718.609051348987,1882.569274425909,15376.442364139086,0.0
12,30,B,Healthy,12719.34687749905,1452.935542883667,17630.070700294797,0.0
12,31,B,Understocked,10875.594112208064,2507.180523746525,8737.249771311475,0.0
12,32,B,Healthy,22044.857893887733,4733.3850438877325,23002.80386390238,0.0
12,33,B,Healthy,24498.617271360166,4228.063963667856,26719.738993705196,0.0
12,34,B,Healthy,54431.27686068313,7325.496322221597,64898.345547022815,0.0
12,35,B,Healthy,6736.389878493908,1019.3125977246798,9912.561329572574,0.0
12,36,B,Healthy,8306.262702935757,2740.4302490896043,8745.103957527228,0.0
12,38,B,Healthy,131068.99711555596,20253.921834786725,138051.80769200056,0.0
12,40,B,Healthy,102601.52343539732,6348.740893089616,137319.40741016186,0.0
12,41,B,Healthy,2818.4954166016523,1033.3244666016521,3185.235494684481,0.0
12,42,B,Understocked,14726.084296936799,1494.9724046291058,14195.378613511739,0.0
12,44,B,Healthy,15744.41790525669,2154.2172667951513,17795.61400196239,0.0
12,45,B,Understocked,6036.500259892643,5885.410634892643,5449.9071192092815,0.0
12,46,B,Understocked,75830.53411599438,4573.451596763618,70428.55645324616,0.0
12,47,B,Healthy,6024.938084892643,5885.410634892643,7011.8739991248,0.0
12,49,B,Healthy,311.76092331170145,150.5093966450348,344.7500856528656,0.0
12,52,B,Healthy,8188.987754386594,1160.7148620789012,12020.10337663741,0.0
12,54,B,Healthy,201.43817452108732,103.40832452108732,214.4405144286824,0.0
12,55,B,Healthy,23624.72906354726,3711.884198162643,28912.640255960385,0.0
12,56,B,Healthy,3767.4604922931458,1882.2782999854542,4752.8508233945395,0.0
12,58,B,Understocked,12537.70168973142,6322.475005116035,10150.008656845512,0.0
12,59,B,Healthy,775.8749039705303,186.6400924320687,996.5199793762804,0.0
12,60,B,Understocked,989.9962773969684,211.85246201235293,920.6631313615662,0.0
12,67,B,Overstocked,15474.03784146675,3088.416110697522,23235.526349581352,2030.9757526418434
12,71,B,Understocked,17413.054867283776,3225.804448053004,15820.17462543909,0.0
12,72,B,Healthy,110556.03723543079,13017.75973927699,121907.44583321971,0.0
12,74,B,Understocked,36346.01285693792,3495.0720184763845,31341.357982875234,0.0
12,78,B,Overstocked,5975.935634892643,5885.410634892643,9129.545654446707,13748.302774942693
12,79,B,Healthy,93230.25910389116,5635.775573121933,108762.64006483296,0.0
12,80,B,Healthy,558.3839867206538,236.56907902834607,689.3982148881083,0.0
12,81,B,Understocked,16182.043058319488,1348.28860062718,13738.001591724538,0.0
12,82,B,Healthy,34440.152416388555,3001.110608696247,46407.11155508517,0.0
12,83,B,Understocked,608.1022236430531,158.94088133536079,579.6619411935164,0.0
12,85,B,Healthy,5597.000025208852,1083.6133175165446,8146.879233033254,0.0
12,87,B,Understocked,30589.128495592267,4686.158584053808,29052.08405671173,0.0
12,90,B,Understocked,25763.81668008906,2022.0237954736758,24197.429083246847,0.0
12,91,B,Understocked,16362.19819072311,1762.8192561077267,13526.322576247496,0.0
12,92,B,Healthy,53875.62568351738,3727.7024950558407,61666.51903039864,0.0
12,93,B,Healthy,1710.2961793324191,312.95768317857323,2073.4502549345934,0.0
12,94,B,Understocked,4000.6214767830634,3027.709798522194,3392.3962191247515,0.0
12,95,B,Healthy,98980.65108509238,7326.476619707737,135220.94762558164,0.0
12,96,B,Healthy,739.7598289536463,399.02742062031297,836.59501889057,0.0
12,97,B,Healthy,5500.0040235989045,487.33520052198224,6505.431690482721,0.0
12,98,B,Healthy,1566.4192679402577,403.96359870948817,1757.141473710057,0.0
12,99,B,Healthy,5958.985034892643,5885.410634892643,6510.531017988615,0.0
13,1,A,Healthy,96053.87658857554,11641.636923190932,116084.70629261287,0.0
13,2,A,Understocked,164353.67843654248,8163.061882696332,150108.38573511146,0.0
13,3,A,Understocked,105720.22214658716,39783.30348889484,98616.61984786128,0.0
13,4,A,Healthy,97533.12742299108,6119.183007606471,139384.93409189026,0.0
13,5,A,Healthy,122852.87685930601,32359.250128536773,183132.39613330248,0.0
13,6,A,Healthy,16512.710690439882,3832.4701404398825,17710.143130926546,0.0
13,7,A,Understocked,128544.38274543983,18787.287353132117,128241.48222667527,0.0
13,8,A,Healthy,75141.75826708906,2491.345220935232,95439.02495526403,0.0
13,9,A,Healthy,118506.32499724218,16074.379131857551,130164.49669566321,0.0
13,10,A,Understocked,72483.75199855021,7177.841360088666,59330.27336355712,0.0
13,11,A,Understocked,49326.733034792254,6547.389550176867,45084.209590402985,0.0
13,12,A,Healthy,19732.377807969242,1940.092446430779,26099.221445705778,0.0
13,13,A,Healthy,105353.10250897825,6315.3619705167175,134958.84957348916,0.0
13,14,A,Understocked,56319.47046492333,6358.130422615639,46169.579695086606,0.0
13,16,A,Understocked,80357.5826188113,15898.380041888213,77307.18292441934,0.0
13,17,A,Understocked,36278.79481826704,4383.316664420887,35142.70990177038,0.0
13,18,A,Healthy,28715.400057926694,16671.281602926694,37056.698364113836,0.0
13,19,A,Understocked,9017.853822368143,1658.2242685219908,7344.038184101775,0.0
13,20,A,Understocked,20796.370273352753,3031.0247964296764,18217.605070979178,0.0
13,21,A,Healthy,17972.390843023095,1856.648454561556,24872.68797982051,0.0
13,22,A,Understocked,34009.27350302438,3234.9068568705293,31640.106000766453,0.0
13,23,A,Healthy,69966.0806181608,8844.597702776196,89312.02786229177,0.0
13,24,A,Understocked,29357.780343849474,8712.992155387941,28590.762245469185,0.0
13,25,A,Understocked,34976.796802184246,4137.081029107319,30520.480655184358,0.0
13,26,A,Understocked,27420.912147679548,3106.0680592180083,26804.37211703663,0.0
13,27,A,Healthy,5731.0016139210065,1012.4763600748519,7606.499746203792,0.0
13,28,A,Healthy,3012.4942390111714,860.1929774727099,4291.775287982984,0.0
13,29,A,Healthy,13916.01195874953,1836.4413933649141,19566.75474850476,0.0
13,30,A,Healthy,10915.443618464273,1189.591176156583,11897.22202409642,0.0
13,31,A,Healthy,13675.356869375959,4397.689988606727,17609.786438563202,0.0
13,32,A,Understocked,24477.53111723283,3283.013328771288,23244.806806583172,0.0
13,33,A,Healthy,26335.939862667543,5421.498512667542,26704.58621650705,0.0
13,34,A,Healthy,49482.56916075919,6676.65770306688,71963.74469441037,0.0
13,35,A,Understocked,9711.238217882777,1920.4887948058542,7861.16386115374,0.0
13,36,A,Understocked,9439.171980005038,4732.356733851192,8140.542285803841,0.0
13,37,A,Understocked,7548.735426900743,708.0789999776682,7184.561528980771,0.0
13,38,A,Understocked,190494.41248114113,13629.283573448793,156085.1226947173,0.0
13,40,A,Understocked,162832.21965066416,6061.361100664157,151832.555992369,0.0
13,41,A,Healthy,7688.440568526391,2104.594068526392,9423.109139883438,0.0
13,42,A,Healthy,18387.28564792715,1142.916436388686,20366.49163962104,0.0
13,44,A,Healthy,20445.672600716836,1140.8015507168343,29679.967768132577,0.0
13,45,A,Healthy,95.22077457127963,35.59603820764329,132.9980743124629,0.0
13,46,A,Healthy,91411.29706169372,4514.587927078366,95938.59390748906,0.0
13,47,A,Understocked,8580.760773288643,7820.049223288643,8489.625426150053,0.0
13,48,A,Healthy,4578.760810997692,2182.921792815873,4932.128773485378,0.0
13,49,A,Healthy,22299.946662337443,4388.782370029748,27449.34571505322,0.0
13,50,A,Understocked,5748.365627588957,1347.8705237428026,5723.569809877345,0.0
13,52,A,Healthy,9969.117579941965,1685.242164557353,12517.510174264049,0.0
13,54,A,Healthy,262.95358115040614,135.57137698373947,288.9519347994505,0.0
13,55,A,Healthy,30737.357179644867,3862.298945029482,36976.86984955612,0.0
13,56,A,Healthy,33269.1754580123,13489.996919550764,37207.326480788484,0.0
13,58,A,Healthy,25133.743815565205,9168.492454026744,25509.744735283308,0.0
13,59,A,Healthy,1225.1904689720645,318.677699741295,1828.438620104853,0.0
13,60,A,Healthy,2259.575819614902,446.39628115336336,3067.221043078819,0.0
13,67,A,Understocked,45132.819881560965,11068.958954637883,40722.55889442635,0.0
13,71,A,Healthy,20591.380719561334,2297.033461869023,29527.661531805403,0.0
13,72,A,Healthy,150307.93817520456,16199.219329050748,173729.63878030592,0.0
13,74,A,Healthy,66517.28242868716,5070.821544071786,96651.14962312322,0.0
13,79,A,Healthy,119974.75785630663,12279.1505024605,166032.38796127783,0.0
13,80,A,Healthy,42910.17155678544,2357.309329862367,47647.70587570519,0.0
13,81,A,Understocked,79133.06273413575,5321.343218751141,64604.4377722772,0.0
13,82,A,Understocked,71646.6382482011,5030.429271278017,71369.68618709555,0.0
13,83,A,Healthy,10448.080621484127,886.6754522533597,12489.562194942915,0.0
13,85,A,Healthy,10843.96902581752,1913.477671971368,13689.850502511092,0.0
13,87,A,Understocked,39269.94180220323,3972.258221434003,38808.83455264332,0.0
13,90,A,Understocked,260759.74828085565,13377.974411624922,235134.8706262302,0.0
13,91,A,Healthy,176075.2139804057,7811.138072713373,248177.85085962218,0.0
13,92,A,Overstocked,362404.2151953755,13181.6759299909,550351.9669624759,559888.4660612516
13,93,A,Healthy,116642.55673566133,8549.251274122853,138076.07363620252,0.0
13,94,A,Understocked,182828.44632047348,14914.766101242729,169175.89273722805,0.0
13,95,A,Understocked,329218.69067569746,21194.876871851346,328818.4754341756,0.0
13,96,A,Understocked,23295.690632369857,2762.408170831392,18949.301669195815,0.0
13,97,A,Healthy,65449.57021527832,3804.7442537398447,96043.19484676303,0.0
13,98,A,Understocked,32691.076543321033,2921.335581782573,28962.930289245825,0.0
13,99,A,Healthy,3596.117869346559,2515.069827241296,4390.345771162986,0.0
14,1,A,Healthy,51046.86616662615,6763.1373397030875,51049.94485936096,0.0
14,2,A,Healthy,159717.72301482398,13914.74355328555,192387.97396776913,0.0
14,3,A,Healthy,66130.05981745738,17944.02056745739,84351.33040502058,0.0
14,4,A,Healthy,115151.74651707074,15804.47956707077,161870.136247886,0.0
14,5,A,Understocked,52955.88785473592,8178.660304735919,50344.50213806486,0.0
14,6,A,Understocked,13656.626946643551,4230.1412312589355,11034.92268618424,0.0
14,7,A,Understocked,104006.35631025225,19213.26912563689,93598.07724692531,0.0
14,8,A,Healthy,118953.14156704009,18569.489855501655,173316.34604284703,0.0
14,9,A,Healthy,58827.5517387195,11510.864842565661,84590.47542976218,0.0
14,10,A,Healthy,42945.86678609097,5242.9481283986515,53085.882585384905,0.0
14,11,A,Healthy,58445.47500226332,19101.839367647946,72377.55000489696,0.0
14,12,A,Healthy,12083.56687357982,1401.4584697336688,15533.144543955714,0.0
14,13,A,Understocked,125313.90352028955,12225.248601058773,116293.93824367525,0.0
14,14,A,Healthy,46287.71313985663,4766.918716779704,67928.17813846712,0.0
14,16,A,Healthy,109910.907769449,31720.070711756707,121528.76364828198,0.0
14,17,A,Healthy,45118.14412268281,5448.8460265289605,48713.65981380103,0.0
14,18,A,Healthy,14973.327695955646,6282.2905686829135,17650.707296120796,0.0
14,19,A,Understocked,4766.056601422262,830.2108014222621,3976.2502740108234,0.0
14,20,A,Understocked,24760.924561384938,3151.1764690772466,22814.390512302984,0.0
14,21,A,Healthy,16848.777539263057,2234.3209392630542,22556.54591176642,0.0
14,22,A,Understocked,37549.422255687154,5709.047586456386,32309.13856976389,0.0
14,23,A,Healthy,79639.925187928,10452.475703312622,98777.48202897861,0.0
14,24,A,Understocked,22816.396568250537,5290.3845105582295,22339.644541034468,0.0
14,25,A,Healthy,30745.046188057295,3927.868426518836,33333.34244365178,0.0
14,26,A,Healthy,26260.980101499485,5341.688678422561,26543.191829236494,0.0
14,27,A,Healthy,4963.376000758841,977.2235161434568,5259.397120876661,0.0
14,28,A,Healthy,2086.3385597452366,326.4707058990825,2764.197282491539,0.0
14,29,A,Healthy,18188.400940661802,1961.4793329694926,18495.764043639516,0.0
14,30,A,Healthy,13830.681705424471,1591.5280477321628,16783.191840727508,0.0
14,31,A,Healthy,10590.61264723405,2484.6491318494323,12152.905867270207,0.0
14,32,A,Healthy,25915.225591433118,4979.860441433122,33287.58769044521,0.0
14,33,A,Healthy,21791.58971974416,3777.3188697441587,32336.228576927926,0.0
14,34,A,Healthy,57381.904360735774,7557.6228261203905,76592.08236279603,0.0
14,35,A,Understocked,10162.018545890896,2069.2560535832035,9724.101359567776,0.0
14,36,A,Understocked,11543.687339319094,3372.773958549865,9497.726775282554,0.0
14,38,A,Understocked,212204.917813243,24191.078409396818,210391.14982578397,0.0
14,40,A,Healthy,177529.92961843955,33676.69641074721,219144.16819768472,0.0
14,41,A,Understocked,9864.728361401363,2209.235619093671,8262.112916095033,0.0
14,42,A,Healthy,17076.61059867784,1989.342044831683,19848.953254923552,0.0
14,44,A,Healthy,10787.174565877729,1471.135746646959,13329.660692455642,0.0
14,46,A,Healthy,71775.72507769358,7449.710623847439,74933.71632196395,0.0
14,47,A,Healthy,7824.8940232886425,7820.049223288643,10663.498814397713,0.0
14,49,A,Understocked,27469.10921230479,4396.865254612482,24112.843481579752,0.0
14,50,A,Understocked,5218.7980896835625,1189.894401222025,4461.292577350557,0.0
14,51,A,Healthy,144.91081889716583,93.43199889716584,192.96002826814882,0.0
14,52,A,Healthy,5764.700926710362,1266.9716036334391,6696.902993657181,0.0
14,54,A,Healthy,189.53456006482276,83.52346006482277,246.8751611606437,0.0
14,55,A,Healthy,25091.938832208034,4813.618205284953,28038.333583222844,0.0
14,56,A,Understocked,19744.33807132062,7832.771421320623,19346.9533404421,0.0
14,58,A,Healthy,32875.55890144212,15438.26408605751,45958.21305958801,0.0
14,59,A,Healthy,737.9355320018856,157.0988858480395,1020.9881144160504,0.0
14,60,A,Healthy,982.3684907251048,297.13959841741257,1284.0817767973676,0.0
14,67,A,Understocked,38959.03026129901,12640.187822837479,38907.05697390868,0.0
14,71,A,Healthy,19898.164022633235,3362.147345710158,24492.02105110757,0.0
14,72,A,Healthy,187757.60809130454,39539.070645150685,199682.2711682289,0.0
14,74,A,Understocked,55257.9251376695,8444.194156900265,47900.60391697568,0.0
14,79,A,Healthy,80988.29327250225,10238.408087886883,119023.54705484194,0.0
14,80,A,Understocked,79725.94177354198,9990.351458157387,71743.58918642561,0.0
14,81,A,Healthy,89466.39964614825,13395.218730763614,133633.5695615287,0.0
14,82,A,Healthy,57127.71461467713,9630.477222369434,64302.053766991325,0.0
14,83,A,Understocked,22246.343722117403,3735.957029809711,20803.602439229075,0.0
14,85,A,Healthy,5619.756518687994,1335.7165956110723,6718.911723454686,0.0
14,87,A,Healthy,40907.827326797626,6122.245822951469,58794.79365080386,0.0
14,90,A,Healthy,232145.63870485997,32228.080424090727,309803.96513362095,0.0
14,91,A,Healthy,179857.183387568,16980.19154526025,249783.79259752337,0.0
14,92,A,Healthy,395728.9499603617,51250.92769113084,506893.9044389317,0.0
14,93,A,Healthy,138235.22530896158,20056.7997858847,180446.9952639039,0.0
14,94,A,Healthy,135097.8878307968,15880.812946181428,191827.22364818494,0.0
14,95,A,Understocked,323293.037707675,46681.28639229041,317557.0583379745,0.0
14,96,A,Healthy,8133.3706232886425,7820.049223288643,9412.588972398353,0.0
14,97,A,Understocked,58648.60139391093,8995.709586218616,56389.62691095733,0.0
14,98,A,Overstocked,38881.6925059171,5733.4435482247845,59138.962767679506,67763.19273072072
14,99,A,Healthy,2733.860399793022,1824.7903418982853,4071.1646238259236,0.0
15,1,B,Understocked,23313.452506422487,1487.369521807102,19321.75982399111,0.0
15,2,B,Healthy,56329.57049150959,3924.832145355748,74077.32127782318,0.0
15,3,B,Healthy,33846.027241285796,8660.486948978101,49937.4870150579,0.0
15,4,B,Understocked,29387.683167154486,1991.866928692951,27384.030985916797,0.0
15,5,B,Healthy,28886.843941204097,6539.612948896402,35085.96117971452,0.0
15,6,B,Healthy,7812.01925326883,1672.0887763457542,11470.438313652126,0.0
15,7,B,Understocked,42215.35489440181,6053.116748247964,34818.404234784655,0.0
15,8,B,Healthy,42904.29294651896,1968.6549465189555,56166.73047775768,0.0
15,9,B,Healthy,47952.85674476138,8541.773337069077,48771.16147403415,0.0
15,10,B,Healthy,26222.277152131577,2223.817486746962,38672.85618218899,0.0
15,11,B,Overstocked,59196.044704284635,25088.015642746166,89319.28508605722,43593.09645931229
15,12,B,Healthy,9677.109020719288,1237.2615399500592,14412.259141202088,0.0
15,13,B,Healthy,40837.937017335964,2489.117286566729,46807.47874205423,0.0
15,14,B,Healthy,24099.240301070902,2371.959362609362,34444.8305279102,0.0
15,16,B,Healthy,62438.92741457443,20004.949837651347,88446.05570466178,0.0
15,17,B,Healthy,22544.9018127835,2532.1483050911875,23287.606301734624,0.0
15,18,B,Healthy,4934.452821066034,1304.9068924946043,6933.440595741939,0.0
15,19,B,Understocked,2720.6484120601726,615.5887082140188,2250.018606362788,0.0
15,20,B,Healthy,10348.867950880403,1318.0582124188672,12783.71867261806,0.0
15,21,B,Understocked,6312.165701133409,675.6533280564863,6109.585903296788,0.0
15,22,B,Understocked,18535.70901496089,2828.813311114736,16459.96589144231,0.0
15,23,B,Understocked,48364.809009577395,6778.9362441927915,41408.780844276625,0.0
15,24,B,Healthy,11386.011200944715,1848.9006855600974,14896.213775661396,0.0
15,25,B,Healthy,20178.485641389096,2950.639041389093,21149.246828782216,0.0
15,26,B,Healthy,10938.779467481385,1855.8683213275406,14538.510205736568,0.0
15,27,B,Understocked,3004.24039642256,474.25952334563766,2546.725013347144,0.0
15,28,B,Healthy,1293.8066778228604,210.41392397670677,1332.830405771225,0.0
15,29,B,Healthy,9668.749781335413,1167.3763736431042,11542.830435154403,0.0
15,30,B,Healthy,7933.350590126413,1060.8126593571824,10926.031855174457,0.0
15,31,B,Healthy,6129.122220838836,1784.4610016080658,6329.479102199401,0.0
15,32,B,Healthy,10889.942779652323,1894.8019565753982,13687.576754965967,0.0
15,33,B,Healthy,10741.939730761369,2337.934869222907,15541.049073883712,0.0
15,34,B,Healthy,34843.385435316166,8034.35559685463,43539.60201037178,0.0
15,35,B,Understocked,6697.988081756755,1567.4288586798314,6497.453108770876,0.0
15,36,B,Understocked,4837.232284806792,1946.9017963452548,3955.949369118891,0.0
15,38,B,Healthy,119204.26028912113,15637.424812198034,171078.63785978,0.0
15,40,B,Understocked,65532.55242310072,4475.863630793026,53443.544249020444,0.0
15,41,B,Healthy,4209.671576793703,1272.6594998706257,6055.748203295948,0.0
15,42,B,Healthy,8740.324491949033,1045.5151996413415,10367.109590243967,0.0
15,44,B,Healthy,7207.284886561771,781.066544254078,10706.561663843167,0.0
15,46,B,Healthy,26621.746460959836,2267.8532686521407,36820.85065819095,0.0
15,47,B,Overstocked,6538.860784892644,5885.410634892643,9994.595749443522,15463.279484678184
15,49,B,Healthy,24044.94781183244,4734.277465678597,25391.936778122403,0.0
15,50,B,Healthy,6567.504575395986,1930.329440780601,8932.117856670926,0.0
15,52,B,Healthy,3701.4408099947937,941.3100753794087,4047.1907930910056,0.0
15,54,B,Healthy,141.4399597999287,65.86206813326201,162.69968740461098,0.0
15,55,B,Healthy,10267.395558422268,2357.107627653038,12917.194615069635,0.0
15,56,B,Healthy,16966.10684005192,6228.886028513459,24393.601934026912,0.0
15,58,B,Overstocked,2923.3937338271635,1231.07439097002,4438.825303678415,4459.980343826659
15,59,B,Healthy,322.920145001647,97.5668411554932,439.4425184117272,0.0
15,60,B,Healthy,361.4540680799219,159.21792577222965,399.39581159775776,0.0
15,67,B,Healthy,14969.746032951261,3705.9721137204933,16580.3501650652,0.0
15,71,B,Healthy,10167.755966452412,2105.56547414472,13608.881272004943,0.0
15,72,B,Understocked,73793.02939877065,12717.72989492449,71897.088443344,0.0
15,74,B,Understocked,30537.961713888704,2747.9852254271664,26893.136964254074,0.0
15,79,B,Healthy,17753.848468025677,1636.0033141795195,18799.091651036364,0.0
15,80,B,Healthy,451.99165622791173,269.59777161252714,456.368953109133,0.0
15,81,B,Healthy,9200.263043103982,670.071639257829,9350.272668985266,0.0
15,82,B,Understocked,21510.440471519494,1878.2150522887193,20876.60648174618,0.0
15,83,B,Understocked,648.1527624168903,153.89813164765957,538.4386664469868,0.0
15,85,B,Understocked,7204.971748903273,1186.1312142878887,5857.98767132369,0.0
15,87,B,Overstocked,22923.1509655614,3431.516377099857,34866.96867239753,40026.104596600664
15,90,B,Healthy,10608.319369967774,496.95892381392935,11799.361930984453,0.0
15,91,B,Healthy,7545.707516706221,771.565009013916,8153.578036715593,0.0
15,92,B,Healthy,40006.47386379581,3278.944936872728,51854.09170474855,0.0
15,93,B,Understocked,1061.322774736586,263.87070165966264,1018.1538297514472,0.0
15,94,B,Healthy,2369.4809328104734,1671.5681371582998,3538.7526322128674,0.0
15,95,B,Healthy,64597.415561413145,6380.941457567006,88758.9070888487,0.0
15,96,B,Understocked,10097.989851287202,2449.2082859025872,8737.48799860787,0.0
15,97,B,Healthy,5243.435745893309,1065.2739728163858,5793.125912295091,0.0
15,98,B,Healthy,1392.7966326071942,529.3382095302711,2008.0734095439761,0.0
15,99,B,Healthy,5927.567534892643,5885.410634892643,8830.026919004982,0.0
16,1,B,Healthy,21424.697239274756,2215.571808505522,24449.930974846593,0.0
16,2,B,Healthy,53614.62954028123,5279.550432588924,66899.81543569958,0.0
16,3,B,Understocked,20655.87085234049,5272.7823600327965,19043.36576332973,0.0
16,4,B,Overstocked,33351.85316316864,2729.9383400917236,50813.31918010274,65199.773134032
16,5,B,Understocked,24106.9037888195,3326.7828849733473,23362.49084462084,0.0
16,6,B,Healthy,12754.97309180556,3792.9451341132503,18981.876914119508,0.0
16,7,B,Healthy,25573.197498445552,5019.531394599394,32586.443701742617,0.0
16,8,B,Healthy,29567.50404778069,1658.2037977806851,36771.56314229769,0.0
16,9,B,Healthy,113490.63067614677,27848.77552999293,133267.80453356248,0.0
16,10,B,Understocked,28611.94503839456,3388.6472153176287,27707.49177238194,0.0
16,11,B,Understocked,32648.670909438268,8363.279963284427,30326.222832514813,0.0
16,12,B,Understocked,11056.352881266968,1023.2628851131233,10624.656838054421,0.0
16,13,B,Understocked,33827.3048067687,2524.3040336917743,31665.737707889457,0.0
16,14,B,Healthy,19034.102255008784,3447.2191857780117,26059.52593199637,0.0
16,16,B,Healthy,41469.332752341186,10081.29304464888,43774.67264236387,0.0
16,17,B,Understocked,15729.016047798425,1639.1258093368872,13247.37296141543,0.0
16,18,B,Overstocked,7024.8553813301205,2562.51874286858,10589.582558340368,4340.857366650427
16,19,B,Healthy,3604.668100701526,1071.7467045476799,5209.3354753471085,0.0
16,20,B,Healthy,8916.955334132062,1678.2764379782175,13172.6540066909,0.0
16,21,B,Overstocked,7787.641449834178,967.9750190649477,11886.142500703469,16988.467054032626
16,22,B,Understocked,15560.435884936604,2973.1730849366045,14423.645397556962,0.0
16,23,B,Healthy,25962.708091472115,3081.6821030105752,28280.053058529764,0.0
16,24,B,Healthy,5140.775281279101,1078.121431279101,6958.111762669748,0.0
16,25,B,Healthy,12536.907010107227,2324.2354177995344,16399.46601701594,0.0
16,26,B,Understocked,4208.978889488961,683.4743356428075,3840.0366848943195,0.0
16,27,B,Healthy,1777.5640250126714,206.42559424344086,2480.6940177899387,0.0
16,28,B,Understocked,498.96770522161006,137.46058599084085,480.9258400515022,0.0
16,29,B,Understocked,3356.827265617839,524.1863002332238,3233.9232750266283,0.0
16,30,B,Healthy,3421.786950789832,507.54431232829415,4078.740374042012,0.0
16,31,B,Healthy,2745.4584914206375,786.2015183437142,3384.7279378164044,0.0
16,32,B,Healthy,10444.145389333582,1843.2731585643517,12778.024737360718,0.0
16,33,B,Understocked,5198.725891987886,1061.3464189109623,4506.179656550039,0.0
16,34,B,Healthy,13180.946483237245,1834.904125544938,18987.765396760144,0.0
16,35,B,Understocked,782.3870900370625,323.458678498601,777.6051644669793,0.0
16,36,B,Understocked,3493.5540102962386,896.4160602962393,3125.144390264733,0.0
16,38,B,Healthy,130436.76982153457,25455.954236919184,188974.9788251641,0.0
16,40,B,Healthy,66979.05122923211,4667.972663847494,100309.54136315854,0.0
16,41,B,Healthy,3994.7044281438048,1114.7149319899581,5709.843400045259,0.0
16,42,B,Healthy,9340.584390760218,899.1865753756027,12992.25535710879,0.0
16,44,B,Healthy,9085.389445851319,1337.4255843128572,11614.095416705888,0.0
16,45,B,Healthy,83.35935928608404,33.53427039719516,100.20844318342344,0.0
16,46,B,Understocked,32847.048943590555,3907.358758975171,28363.43775785819,0.0
16,47,B,Healthy,6468.449084892643,5885.410634892643,7103.462200899408,0.0
16,48,B,Healthy,4750.697420578048,2890.2683433053203,5093.045111270542,0.0
16,49,B,Understocked,188.46141322051554,71.94845439698614,186.50523315551095,0.0
16,51,B,Healthy,5936.970234892643,5885.410634892643,7884.870475987114,0.0
16,52,B,Healthy,3647.883325001898,839.098444232667,4238.801342446361,0.0
16,54,B,Understocked,135.53678196501792,70.00659775449161,116.44828817704654,0.0
16,55,B,Understocked,11708.950175183596,2276.001613645136,11249.18346310807,0.0
16,56,B,Healthy,40856.76928405306,18382.01065712998,53063.90976499009,0.0
16,58,B,Understocked,3349.8525441378197,1699.2262441378195,2866.051857256472,0.0
16,59,B,Healthy,85.68631338223587,47.24651338223587,121.79290185071405,0.0
16,60,B,Healthy,320.58322757396843,103.2991083431992,372.34362243826695,0.0
16,67,B,Healthy,8924.328760541124,1899.8348951565085,10270.369216628245,0.0
16,71,B,Healthy,6112.494318341651,1486.33141834165,7533.390583720367,0.0
16,72,B,Healthy,62521.51640565292,6962.232340268306,87656.23543910113,0.0
16,74,B,Healthy,22791.03938243554,2933.958374743235,24019.492855005425,0.0
16,79,B,Healthy,12580.593721375932,1667.186175222084,16291.262375970242,0.0
16,80,B,Healthy,1692.2412475749763,282.1714206518993,2052.6621221780347,0.0
16,81,B,Understocked,9230.182701730753,904.2677209615224,9183.391557123945,0.0
16,82,B,Healthy,20424.24657616085,1898.3492107762324,29439.506769013096,0.0
16,83,B,Healthy,729.4135857434669,208.82606266654363,1008.137831458157,0.0
16,85,B,Healthy,5764.990082196024,1099.6637398883327,7383.048922135826,0.0
16,87,B,Healthy,26490.533681011453,4946.45012331914,37641.05262321666,0.0
16,90,B,Healthy,18025.465970327343,2093.7472626350354,25832.741713395983,0.0
16,91,B,Healthy,14008.30463772355,2400.3727338773956,18450.407701672324,0.0
16,92,B,Healthy,52075.26700014219,5691.911330911408,73479.22916688136,0.0
16,93,B,Healthy,3100.664556283599,985.0033524374447,4059.247924385481,0.0
16,94,B,Healthy,4227.787603626901,1825.148936960235,5481.338311107206,0.0
16,95,B,Healthy,69087.85686402426,4945.22769479349,86469.41556860824,0.0
16,96,B,Healthy,517.9911904796118,182.08220586422726,699.0203817830305,0.0
16,97,B,Understocked,6257.694770244261,812.8416779365675,5730.68252288176,0.0
16,98,B,Healthy,395.66882226097766,226.57704149174702,570.9642177839346,0.0
16,99,B,Healthy,5937.433734892644,5885.410634892643,8528.801604337232,0.0
17,1,B,Understocked,50617.00308706261,7151.905779370308,41574.30163507347,0.0
17,2,B,Healthy,95912.6890264397,7435.4981841320305,134550.75400966415,0.0
17,3,B,Understocked,58920.98336188058,13306.516958034425,52679.77839109742,0.0
17,4,B,Healthy,58800.49848909421,6815.305450632667,61425.16244025347,0.0
17,5,B,Healthy,62353.18713530537,17913.104727613067,83725.4296003168,0.0
17,6,B,Understocked,14864.803720963468,3822.3866209634652,13636.297916472007,0.0
17,7,B,Healthy,45696.60893635487,7219.196482508716,63843.460182605886,0.0
17,8,B,Healthy,43077.69998231987,2451.5452207814105,60630.051303917426,0.0
17,9,B,Healthy,83778.32166098163,10577.025491750852,98058.45770184216,0.0
17,10,B,Understocked,34855.610314765334,3571.4413186114875,28046.974174752155,0.0
17,11,B,Healthy,44205.30077081695,12986.067478509263,44626.923733727876,0.0
17,12,B,Healthy,20129.6422879075,1851.9150994459599,25169.232105145904,0.0
17,13,B,Overstocked,57140.88810598879,5376.466152142635,86640.78069995073,77144.22890030581
17,14,B,Healthy,32804.2081156996,5054.237715699597,41373.45046687504,0.0
17,16,B,Understocked,52339.98085464167,15469.142431564747,51798.60823868513,0.0
17,17,B,Healthy,22438.473679907413,2631.507326061255,28335.846749721564,0.0
17,18,B,Healthy,15862.345406022328,3499.401583800107,18942.64358811403,0.0
17,19,B,Healthy,12111.337863007411,4313.290889930486,16583.899165363724,0.0
17,20,B,Understocked,12554.941636580106,3340.258236580106,11024.442353267143,0.0
17,21,B,Healthy,8304.344110336524,870.6820757211428,11256.956721628687,0.0
17,22,B,Healthy,18038.296796581028,3426.703154273332,21558.01228759247,0.0
17,23,B,Overstocked,33406.42300601663,4084.4361867858515,50209.324714410686,8274.287047016514
17,24,B,Healthy,15253.596417788296,5255.146056249833,16009.666568707975,0.0
17,25,B,Healthy,13973.085318420819,2570.335518420821,17631.43442629159,0.0
17,26,B,Healthy,17328.566316960096,2327.8575015754864,25652.87196355682,0.0
17,27,B,Understocked,3232.4009764773773,575.0028649389158,2827.8081389264185,0.0
17,28,B,Healthy,2490.6656216151696,661.0848600767079,3696.5881214056367,0.0
17,29,B,Healthy,5428.615865860555,772.3556427836298,7068.907855254678,0.0
17,30,B,Understocked,6267.294363133906,1031.4326554415961,5324.198507750365,0.0
17,31,B,Healthy,5213.121649862855,1552.2594383243932,5315.837891159673,0.0
17,32,B,Healthy,14406.229596598274,1946.3645542905797,18972.509160414942,0.0
17,33,B,Understocked,12709.653568000731,2379.7746603084256,10792.604907353722,0.0
17,34,B,Healthy,29232.354111702345,5630.186830933116,35809.17881239111,0.0
17,35,B,Healthy,3930.025615546537,773.8154117003824,4136.3308623175535,0.0
17,36,B,Healthy,5763.063834921779,2556.3431656910093,7222.665376378282,0.0
17,38,B,Understocked,190017.97592039622,19064.33131270394,158359.40107237827,0.0
17,40,B,Healthy,104236.68904473228,5444.309317809208,149707.0123051652,0.0
17,41,B,Overstocked,314.8161600775578,170.89640591089116,475.57607124467654,278.20198365220546
17,42,B,Overstocked,10617.652144357544,1776.0868597421586,16003.783583076138,6416.345422805225
17,44,B,Healthy,15682.280676909195,1598.2751192168869,21127.88735933406,0.0
17,45,B,Understocked,94.33293295025999,48.33790795026001,84.42448045484386,0.0
17,46,B,Healthy,59941.21179868931,4161.659848689311,81132.35626217426,0.0
17,47,B,Understocked,6122.551334892643,5885.410634892643,5007.931368389697,0.0
17,48,B,Understocked,7569.111922437154,4061.590238437154,6177.532153430418,0.0
17,49,B,Healthy,241.60802179332725,134.56266794717342,250.36279959766463,0.0
17,51,B,Healthy,5893.635334892643,5885.410634892643,6817.2241522943505,0.0
17,52,B,Healthy,7290.567459959762,886.3475138059158,9932.650261330029,0.0
17,54,B,Healthy,207.60656771278462,102.05423271278464,269.6405779162702,0.0
17,55,B,Healthy,18035.50986322607,2991.7923555337647,20299.128231575698,0.0
17,56,B,Understocked,22010.898133286137,7190.682171747678,22005.3396416247,0.0
17,58,B,Overstocked,5275.385022621946,2312.9476106219445,8060.2654453871655,12216.596650702511
17,59,B,Healthy,1125.8548013855561,293.88745523171013,1250.9511748381217,0.0
17,60,B,Healthy,1136.6172254276723,360.0595331199799,1283.8233953891217,0.0
17,67,B,Understocked,19647.041489031883,3829.6728967241897,18064.381713814568,0.0
17,71,B,Healthy,9397.554936047398,2562.8937322012457,12970.608419430848,0.0
17,72,B,Healthy,121480.07620701565,22882.11834547717,158700.11681112536,0.0
17,74,B,Understocked,38569.07789209718,6775.48584594334,37071.12499973396,0.0
17,79,B,Understocked,60068.15584381314,4079.585982274673,51666.913240289476,0.0
17,80,B,Healthy,2365.5289000328303,500.1739615712916,3067.5338788484946,0.0
17,81,B,Healthy,33072.93517837492,3204.459439913381,42260.371226010735,0.0
17,82,B,Understocked,41525.78536876184,3984.610987992609,41504.1693167203,0.0
17,83,B,Healthy,1324.2322236127372,279.7887889973526,1978.575622545758,0.0
17,85,B,Understocked,8915.827379943257,1296.1722145586418,8115.830347827165,0.0
17,87,B,Healthy,34537.01513782057,3280.8277147436515,38529.6462150534,0.0
17,90,B,Healthy,74835.6351388112,5518.72769265735,111418.25871141926,0.0
17,91,B,Healthy,30035.061807663373,2185.1402307403005,33230.82065768648,0.0
17,92,B,Healthy,131701.41178441586,12068.865042108167,166750.31062842242,0.0
17,93,B,Healthy,10123.568731523084,1693.1967622923128,11037.159162201237,0.0
17,94,B,Healthy,5622.970767281121,4190.360181566835,5623.966582552871,0.0
17,95,B,Overstocked,128978.06539803254,14120.736574955607,195827.87172142445,195944.21082317788
17,96,B,Healthy,2926.1574571592364,799.7703494669285,3215.3022669121583,0.0
17,97,B,Healthy,21518.869915768108,3003.6845657681074,31260.299185321583,0.0
17,98,B,Understocked,860.5642295585119,409.33844109697355,832.911600670838,0.0
17,99,B,Understocked,6052.7083348926435,5885.410634892643,5783.764919242055,0.0
18,1,B,Understocked,35513.1793168822,3214.418720728349,29217.682749397118,0.0
18,2,B,Healthy,132879.0552623322,11299.964270024502,169516.04084414383,0.0
18,3,B,Healthy,56782.572083044106,19543.739952274875,60701.94545064175,0.0
18,4,B,Healthy,59245.6803177487,4716.921140825624,84779.47381570474,0.0
18,5,B,Healthy,37558.80258387675,5689.21656464597,43021.47621740035,0.0
18,6,B,Overstocked,10106.076633780845,2291.3487299346907,15227.646301569956,5688.102124591052
18,7,B,Understocked,62225.12748213728,8724.531855214207,58207.47665775549,0.0
18,8,B,Healthy,68142.64888785675,7643.767453241358,97723.02610168101,0.0
18,9,B,Healthy,47689.498323650405,8695.694308265778,65187.524104756005,0.0
18,10,B,Healthy,35990.13879261892,4050.3225272342943,49046.38749060603,0.0
18,11,B,Healthy,76845.01699818119,33198.336463565814,108865.702111372,0.0
18,12,B,Healthy,8831.758263464331,1001.4223365412548,11971.867952886432,0.0
18,13,B,Healthy,89783.81705330893,6530.771391770461,112870.9027211132,0.0
18,14,B,Understocked,43905.25436791876,6353.529402534136,39330.71150390108,0.0
18,16,B,Understocked,57061.16306840643,14696.056153021813,47003.797046043226,0.0
18,17,B,Healthy,29644.148050550382,4588.58714670423,43642.67589129591,0.0
18,18,B,Healthy,9460.017516729327,4636.253437562661,11826.485640639328,0.0
18,19,B,Healthy,5315.488834706273,976.0064616293495,7343.200173691083,0.0
18,20,B,Healthy,18333.07031903292,2781.485522879072,21110.737940466275,0.0
18,21,B,Understocked,9346.155446632303,989.3002812476899,8277.282172825824,0.0
18,22,B,Understocked,31960.206607855973,3010.2757732405953,28488.868847992773,0.0
18,23,B,Healthy,81056.4115401817,8237.592263258637,105410.83653543025,0.0
18,24,B,Healthy,21346.02241995321,4977.102300722439,23782.101010334798,0.0
18,25,B,Understocked,36822.89316631374,3822.8102663137383,34848.56196264925,0.0
18,26,B,Healthy,23201.277785469472,4917.528200854086,26887.1260232177,0.0
18,27,B,Understocked,5433.763398062808,929.9252672935775,4601.704924088635,0.0
18,28,B,Healthy,2657.544175765911,788.6802988428337,3255.0640786352797,0.0
18,29,B,Understocked,23832.236492115582,3018.8625421155866,23745.610727093543,0.0
18,30,B,Healthy,14414.491706525268,1708.6773449868112,19923.97196558712,0.0
18,31,B,Healthy,8333.386964155188,2460.759175693651,8554.756972268417,0.0
18,32,B,Healthy,21241.212265818387,5500.426231202998,24051.65211711125,0.0
18,33,B,Understocked,21181.18431619571,4981.1515123495565,17124.627315239017,0.0
18,34,B,Understocked,51908.36023259675,8714.38524413521,44271.925565117854,0.0
18,35,B,Healthy,10254.550260519913,1484.1280912891436,11141.776986220799,0.0
18,36,B,Healthy,8443.075838795416,3474.8826349492615,9712.537456071166,0.0
18,38,B,Healthy,139577.57713059225,15321.004869053755,172799.13416906932,0.0
18,40,B,Healthy,125690.43444859,9508.2358370515,127313.56080704092,0.0
18,41,B,Healthy,1739.7758754464387,492.23599852336156,2274.4729854864636,0.0
18,42,B,Healthy,15517.292888580312,1310.2986347341566,22156.977255629517,0.0
18,44,B,Healthy,10277.157157672567,1153.502196134106,14072.421082007077,0.0
18,45,B,Understocked,5928.169734892644,5885.410634892643,4913.988786508468,0.0
18,46,B,Healthy,53754.88321153901,6573.538942308246,61859.510796720955,0.0
18,47,B,Understocked,6238.295974892643,5885.410634892643,5468.484201973848,0.0
18,49,B,Understocked,27147.960424463665,7028.786962925196,26515.219153020375,0.0
18,50,B,Overstocked,4331.868043548908,1298.875766625831,6585.581709842629,7285.710495099169
18,52,B,Understocked,6147.025853502295,1386.1855996561414,5557.045046745683,0.0
18,54,B,Healthy,227.91893231663244,127.73235231663244,265.340566207742,0.0
18,55,B,Healthy,15117.604410348638,2691.270241117868,18915.95824272814,0.0
18,56,B,Healthy,19224.818305521534,6837.157878598459,25238.3304844511,0.0
18,58,B,Healthy,15814.682215194402,7949.813326732865,19112.73201164867,0.0
18,59,B,Understocked,542.3718013794169,151.20912830249375,437.76602654802815,0.0
18,60,B,Healthy,535.795839198845,182.21473535269112,556.325797109152,0.0
18,67,B,Healthy,18084.639684847643,4826.915807924567,21302.43057569999,0.0
18,71,B,Understocked,15262.391136406877,2053.123182560726,13188.881509872203,0.0
18,72,B,Healthy,102721.25920564034,15397.12763640956,108469.30048072031,0.0
18,74,B,Understocked,50185.87246448248,5820.375114482488,41365.11666934233,0.0
18,78,B,Understocked,5895.535434892643,5885.410634892643,5054.60983742468,0.0
18,79,B,Healthy,49141.66954442412,5863.223275193353,53552.33054125928,0.0
18,80,B,Understocked,1620.9481336746953,287.83347213623387,1453.8000152322463,0.0
18,81,B,Healthy,29915.764915472882,3455.487261626735,36326.857507838526,0.0
18,82,B,Healthy,32398.039511269515,3877.741803577207,42224.67032658972,0.0
18,83,B,Healthy,5242.639379000237,1519.6420520771594,7258.0582723889465,0.0
18,85,B,Understocked,4601.97879212145,979.8786844291438,4353.976674551518,0.0
18,87,B,Understocked,44284.59893299401,5752.160894532478,40842.01540442692,0.0
18,90,B,Understocked,53355.9169179346,7441.818852550001,46757.63202520186,0.0
18,91,B,Healthy,54751.49861139928,8512.510642168507,69238.4211337423,0.0
18,92,B,Healthy,141336.12966845935,18068.298791536265,185959.80150181882,0.0
18,93,B,Understocked,12971.053032441998,4308.2779978266135,10675.92748447897,0.0
18,94,B,Healthy,21366.628944569806,4749.822094569804,31696.003921217176,0.0
18,95,B,Understocked,130124.2502952493,13949.467410633924,109036.18899128104,0.0
18,96,B,Healthy,365.3568247718557,231.02296477185573,436.6548663556404,0.0
18,97,B,Healthy,19044.00141847648,4170.933872322633,25092.646297673702,0.0
18,98,B,Healthy,4339.453873830586,748.8880238305857,6230.6202458240205,0.0
19,1,A,Healthy,35348.49445069395,2428.649350693949,46705.38106974638,0.0
19,2,A,Healthy,106726.70390801033,5992.454358010354,147844.39401407252,0.0
19,3,A,Healthy,54355.376360774615,11447.939533851522,56953.489457742886,0.0
19,4,A,Healthy,69771.717023317,4691.201846393921,97319.14911831763,0.0
19,5,A,Understocked,50558.219321959594,11127.442748882666,43403.41415892458,0.0
19,6,A,Healthy,12218.494914268866,2833.829579653482,17756.114247148493,0.0
19,7,A,Healthy,73910.82841564664,14858.073107954338,88673.9572261163,0.0
19,8,A,Healthy,88966.43941598582,4422.103327524265,124252.96448420627,0.0
19,9,A,Healthy,95011.08633394449,17848.484483944478,107380.8027211322,0.0
19,10,A,Healthy,64633.81355402064,7142.63847325141,82072.77379718324,0.0
19,11,A,Healthy,81375.36257191052,34938.57102960283,96370.72145404953,0.0
19,12,A,Healthy,15765.29299173568,1792.1126571202951,21031.852300302857,0.0
19,13,A,Understocked,73640.65284271301,4930.194127328401,63300.76044700864,0.0
19,14,A,Understocked,37004.314343972044,4054.8541978182047,31233.751340907096,0.0
19,16,A,Understocked,111567.33805682027,32319.166826051034,109378.98497738903,0.0
19,17,A,Understocked,34908.4841405183,3853.6716059029104,31992.495255282414,0.0
19,18,A,Healthy,16143.682426852452,6167.845403323037,23188.81778361166,0.0
19,19,A,Understocked,7820.049223288643,7820.049223288643,7507.45222387941,0.0
19,20,A,Overstocked,15821.98373010545,2155.543533951607,23928.877650336566,16259.870579806418
19,21,A,Healthy,14685.435637279164,1333.6662334330078,15359.995380386432,0.0
19,22,A,Understocked,27299.689701538795,4141.857570769564,25469.13845002756,0.0
19,23,A,Healthy,66590.15489188288,9950.509614959803,91660.01042671595,0.0
19,24,A,Healthy,14299.750575339907,2808.4854407245216,18315.930991212575,0.0
19,25,A,Healthy,29277.325414001087,3506.348444770317,34069.522151836645,0.0
19,26,A,Healthy,17564.87960513619,2609.4030089823423,21172.976237898252,0.0
19,27,A,Healthy,4344.378664500582,602.3137683467361,5756.376880128204,0.0
19,28,A,Understocked,1636.5379782967286,305.6991436813442,1582.1590308101397,0.0
19,29,A,Overstocked,12612.000673035112,1668.9389691889592,19262.608272937086,28602.40286090683
19,30,A,Overstocked,10620.000994559392,1366.2275637901612,16053.182972234143,10224.062872789538
19,31,A,Healthy,7975.450158725396,1961.4389394946259,10166.6073988115,0.0
19,32,A,Understocked,15816.41134615504,1952.1190423088876,14957.042280912214,0.0
19,33,A,Healthy,15981.737004912105,3850.144627989032,20721.386681840544,0.0
19,34,A,Understocked,46599.11501231433,9523.974354622023,39735.29084337197,0.0
19,35,A,Understocked,10013.371513673452,2154.823929058067,8234.759682398377,0.0
19,36,A,Understocked,7064.8569948885815,3117.5960564270426,6980.845308784791,0.0
19,37,A,Healthy,6395.561705632154,1154.6379864013852,7276.324940881577,0.0
19,38,A,Healthy,161618.9387373474,14292.12326042433,231735.52601688966,0.0
19,39,A,Healthy,451.6191095069048,291.85270950690483,601.0298044621657,0.0
19,40,A,Healthy,110720.075952987,4489.882641448535,148605.8021421593,0.0
19,41,A,Healthy,8796.086135253328,2464.9186429456345,9769.022402643102,0.0
19,42,A,Healthy,15018.208305064665,1358.3271127569715,15807.153002051069,0.0
19,44,A,Healthy,13102.198895074638,2453.6023181515625,14030.59839545662,0.0
19,46,A,Overstocked,43939.370641783826,3544.0574417838343,66831.08769241923,76528.63356870894
19,47,A,Understocked,8234.111563288643,7820.049223288643,6828.381647097601,0.0
19,49,A,Healthy,13056.547909364856,2573.120317057161,18709.158263169145,0.0
19,50,A,Healthy,2959.652645203836,838.0939990499899,3617.977204860926,0.0
19,52,A,Healthy,3842.268349602859,721.175872679782,4304.067723926253,0.0
19,54,A,Healthy,264.0044482536313,172.837764043105,350.97756999302595,0.0
19,55,A,Healthy,21047.566685791637,4000.4820704070207,24315.587157567556,0.0
19,56,A,Healthy,21379.00452502798,7089.978463489514,30734.434752247445,0.0
19,58,A,Healthy,12922.516987708816,5281.250741554969,18834.728241305987,0.0
19,59,A,Healthy,680.1457004743628,179.34550816667044,753.5036832850124,0.0
19,60,A,Healthy,1251.2644313410428,285.285377494889,1253.872431762133,0.0
19,67,A,Healthy,37546.84131709841,10552.40820555996,46273.318221711765,0.0
19,71,A,Healthy,14985.143930102797,3166.1165570258727,21968.59926103209,0.0
19,72,A,Understocked,142666.29915670285,24992.232725933605,136072.74758607475,0.0
19,74,A,Healthy,44124.06955180234,6960.786890263872,55365.364870412646,0.0
19,78,A,Healthy,7874.052489955309,7820.049223288643,9929.486968174899,0.0
19,79,A,Healthy,44734.86363233907,3937.287513108305,59728.7599978041,0.0
19,80,A,Understocked,46079.01010367252,2197.5958459802127,41288.83942831396,0.0
19,81,A,Healthy,46376.11381620472,2249.668196973967,61334.83247820518,0.0
19,82,A,Healthy,46900.74107927625,3936.379906199323,68643.63104901918,0.0
19,83,A,Understocked,8570.238036760933,1107.7986675301643,7980.337149777085,0.0
19,85,A,Understocked,10892.578279121175,1618.3007368134847,10602.90788413066,0.0
19,87,A,Overstocked,40953.81877125061,4429.616867404461,61804.162221764665,30995.027385765803
19,90,A,Understocked,137376.98248912065,7332.589858351416,128050.89538550991,0.0
19,91,A,Healthy,110251.46552581151,7801.385868119201,156965.1347478537,0.0
19,92,A,Healthy,238003.73353067547,15238.762446060122,275932.68329599086,0.0
19,93,A,Understocked,83490.18551681103,7265.534109118712,81860.34724868131,0.0
19,94,A,Healthy,86234.8436370204,9291.423144712715,123802.83146534208,0.0
19,95,A,Healthy,210539.00094649862,14346.285200344739,236871.7109154744,0.0
19,96,A,Healthy,42753.83948789032,6399.7254840441765,50270.67710662025,0.0
19,97,A,Healthy,46809.69661155202,4421.072896167393,49723.14896431612,0.0
19,98,A,Healthy,26564.595049417938,2094.8398840333207,32750.27049391514,0.0
19,99,A,Understocked,1511.1168841898289,960.8565786342733,1389.279197278737,0.0
20,1,A,Healthy,77279.22851347798,10347.843486554888,83885.79280075127,0.0
20,2,A,Overstocked,165292.8752034914,6574.039149645215,249207.27367483336,105240.75217649137
20,3,A,Understocked,41881.31400764005,7988.115869178518,41397.057372214986,0.0
20,4,A,Healthy,112281.00779987827,6424.999972955213,143654.31606419623,0.0
20,5,A,Healthy,71836.39025313452,10829.137803134527,74522.26286537117,0.0
20,6,A,Healthy,16263.339160010646,3080.2003253952644,22193.528043170667,0.0
20,7,A,Understocked,113653.95062457371,28749.556224573713,101781.40575819756,0.0
20,8,A,Overstocked,168741.68556079664,9859.23915310433,254457.2920710248,111615.38957587638
20,9,A,Healthy,101752.61594435011,14374.854117427018,115109.31198997982,0.0
20,10,A,Understocked,97289.65486541213,9286.537850027533,94596.36961248232,0.0
20,11,A,Understocked,78543.83444238539,25962.435750077704,67049.15049257822,0.0
20,12,A,Understocked,20125.91977098899,2316.1329286812993,18594.805620937786,0.0
20,13,A,Healthy,122390.37465622509,7218.525933148172,144351.4893842111,0.0
20,14,A,Healthy,46726.47678866785,4857.5017117447815,48876.47033482769,0.0
20,16,A,Healthy,95801.00662302074,19363.633084559195,134608.54370039765,0.0
20,17,A,Healthy,36404.9483037134,2709.980922944166,40575.05840021561,0.0
20,18,A,Understocked,17721.965084939384,5055.852312717162,17395.197196046083,0.0
20,19,A,Healthy,129.492073262539,111.22425508072084,161.93188879785575,0.0
20,20,A,Healthy,16348.025856362456,1871.1008332855292,21513.141603011718,0.0
20,21,A,Understocked,25844.436038096013,1879.3060650190905,23827.034680708977,0.0
20,22,A,Understocked,28904.074199694867,3271.402122771792,26660.020493127227,0.0
20,23,A,Understocked,86259.05996993881,10066.082435323435,71316.41523093297,0.0
20,24,A,Healthy,18709.629691236,2818.683829697544,25025.504327192233,0.0
20,25,A,Healthy,40526.321661257345,6554.181699718889,52059.19306782407,0.0
20,26,A,Healthy,27001.801393322596,3470.1608587072105,30957.039823416806,0.0
20,27,A,Healthy,5076.381758852429,770.0593665447373,7189.397379093876,0.0
20,28,A,Healthy,1850.2127661871236,366.50742772558544,2568.3528906463075,0.0
20,29,A,Healthy,19361.852836855243,3004.3613907013946,23762.970163912618,0.0
20,30,A,Healthy,13653.061508654884,1786.3392009625761,19576.278882227532,0.0
20,31,A,Understocked,9037.805543079952,1426.7461815414924,8588.301999681113,0.0
20,32,A,Understocked,29440.630728950397,4896.596478950396,25957.84303894994,0.0
20,33,A,Understocked,22707.876311639666,4996.111346255054,22637.87284312341,0.0
20,34,A,Understocked,55219.684077292404,8491.029781138559,46476.93951733294,0.0
20,35,A,Healthy,15432.17774203275,2535.743342032754,18329.627067728605,0.0
20,36,A,Healthy,12577.906396462806,4686.680534924347,18662.11838866884,0.0
20,37,A,Understocked,8989.04567745205,922.8724428366659,7449.4089874144465,0.0
20,38,A,Understocked,256441.88048352546,26859.89122198702,228012.79444814177,0.0
20,40,A,Healthy,182747.76484795375,8492.528317184524,206524.21590856952,0.0
20,41,A,Healthy,16932.128247453038,4381.885197453041,25088.82143959114,0.0
20,42,A,Healthy,20602.569959121436,1450.6585706598983,21237.004604971546,0.0
20,44,A,Healthy,17470.53052659701,1867.1088265970068,20445.43710409811,0.0
20,45,A,Understocked,7860.952473288643,7820.049223288643,6527.327635127833,0.0
20,46,A,Understocked,72309.22244362457,4303.95320900918,65677.78246184757,0.0
20,47,A,Overstocked,7954.896694717214,7820.049223288643,12093.352069718421,13363.58329433591
20,48,A,Overstocked,12394.332278415986,8409.927974415985,18647.727145303015,4666.9843973598145
20,49,A,Understocked,50101.260604490984,7260.712842952523,40261.68295228133,0.0
20,50,A,Healthy,7696.4626967203685,1574.4364813357545,11504.846404966696,0.0
20,52,A,Healthy,7194.345706013502,886.0234290904257,9112.052904393711,0.0
20,54,A,Healthy,242.87011677145017,130.98808760478352,348.1738282200138,0.0
20,55,A,Healthy,29020.93193444042,4817.52362674811,32850.5368582584,0.0
20,56,A,Healthy,19378.880158103202,6860.656415795511,22797.02588939937,0.0
20,58,A,Healthy,12282.468524583815,3774.9311822761238,14209.072016476975,0.0
20,59,A,Healthy,1153.5920585437063,197.05745469755252,1484.4548443262017,0.0
20,60,A,Understocked,1519.3085664085518,305.9633894854748,1370.3333969193488,0.0
20,67,A,Understocked,49453.59065321954,14692.250910911845,40644.95272267439,0.0
20,71,A,Healthy,15799.677787398527,2709.4014489369893,16191.333746429103,0.0
20,72,A,Healthy,177120.47504129724,36917.65468745112,232810.15579035413,0.0
20,74,A,Understocked,46559.36559688843,4676.724400734576,44108.15560981279,0.0
20,77,A,Healthy,7932.442023288642,7820.049223288643,10245.587144415947,0.0
20,79,A,Overstocked,84354.80645948341,8727.427828714193,127210.06750802,56262.198959974485
20,80,A,Understocked,88062.37321897567,4821.376103591057,76486.35608712555,0.0
20,81,A,Healthy,76173.64621491639,4533.182661070236,98340.14270380452,0.0
20,82,A,Healthy,66578.89647434003,7270.196735878488,74830.52911489968,0.0
20,83,A,Healthy,13202.195262431844,2090.056766278,18928.566207182983,0.0
20,85,A,Understocked,11127.445986908135,1288.3066946004442,10340.950830504102,0.0
20,87,A,Healthy,120019.60370862245,22278.847808622464,156699.62834917678,0.0
20,90,A,Healthy,199512.86970152342,7802.96283998495,281677.08996346383,0.0
20,91,A,Healthy,168123.4034122847,13202.451116130816,250431.3056972443,0.0
20,92,A,Healthy,362070.0347207519,22401.152497675106,470246.08302437526,0.0
20,93,A,Healthy,120859.94564355284,8777.862432014394,140552.5724308277,0.0
20,94,A,Healthy,147184.36930427875,12125.459058124892,184131.83859746854,0.0
20,95,A,Healthy,334427.15703839425,20246.923369163593,479669.08492858213,0.0
20,96,A,Healthy,762.7261096827428,360.75839857163163,927.8907228528442,0.0
20,97,A,Understocked,59018.609306450446,3814.5516833735333,48524.07090824052,0.0
20,98,A,Healthy,42673.83758525301,3560.059162176085,63139.892073758,0.0
20,99,A,Healthy,1181.2004030224007,667.8872980224008,1539.5228940535615,0.0
21,1,B,Healthy,26610.81161009182,2423.664371630277,34430.52557832874,0.0
21,2,B,Understocked,103389.1731333685,6560.222937214638,98989.22574711846,0.0
21,3,B,Healthy,63105.08208069512,23874.82124223359,80836.75149154683,0.0
21,4,B,Healthy,41605.68640705715,3383.892576287906,45247.05835808639,0.0
21,5,B,Healthy,29831.958796967192,4135.200620044119,38047.68243455325,0.0
21,6,B,Understocked,7759.336097845959,1799.891786307498,6811.245416205501,0.0
21,7,B,Healthy,45725.4659062397,7434.81285623969,58538.97934945213,0.0
21,8,B,Overstocked,38624.92336350558,3184.3989442748107,59079.6020442236,94804.01091411366
21,9,B,Understocked,39317.26885049904,4386.137065883655,32837.5780368084,0.0
21,10,B,Overstocked,35053.82378858761,3600.0197462799056,53048.25394591925,38804.01583214075
21,11,B,Healthy,32357.892937587116,5953.245499125578,35497.99383689115,0.0
21,12,B,Healthy,6716.7114811015335,898.5563311015338,9642.846963756228,0.0
21,13,B,Healthy,59786.349934394515,4497.12958439451,81975.53975096958,0.0
21,14,B,Healthy,30947.4168440567,3784.2622517490126,37567.74614310774,0.0
21,16,B,Healthy,20294.269100144553,5694.34519245225,27175.404767730466,0.0
21,17,B,Healthy,15034.257310851988,2400.6067685442954,21669.121018821774,0.0
21,18,B,Healthy,7990.383595642508,2373.3750823091755,8749.64929992842,0.0
21,19,B,Healthy,4367.947406860689,797.2857530145343,4537.1363899941,0.0
21,20,B,Healthy,11874.461162078935,1268.8490428481657,15286.506491786118,0.0
21,21,B,Healthy,6463.779064617852,546.3208107716981,8982.89176317245,0.0
21,22,B,Healthy,17642.863105449258,3432.710220833873,23931.981848892825,0.0
21,23,B,Healthy,80802.61174947683,8538.180014861462,111701.85075710657,0.0
21,24,B,Healthy,27041.679137080322,8252.03384092648,30231.943402409397,0.0
21,25,B,Healthy,39988.6668273551,3841.4447927397036,55864.92645504694,0.0
21,26,B,Understocked,23645.439066734933,4521.442178273396,20991.300256033854,0.0
21,27,B,Healthy,3580.4337661786494,971.397062332496,4287.487233651201,0.0
21,28,B,Understocked,1358.1487472857962,330.007424208873,1092.2284136339817,0.0
21,29,B,Healthy,10171.793279022722,985.2267097919545,10547.617196241452,0.0
21,30,B,Healthy,10193.634662183258,1013.6805275678755,10881.877482828639,0.0
21,31,B,Healthy,13414.252138519138,4837.762507749907,14610.884785034217,0.0
21,32,B,Healthy,15351.610094763202,2621.8477524555124,20075.163291092267,0.0
21,33,B,Healthy,22383.84820473827,5883.388670122885,24256.199220807037,0.0
21,34,B,Healthy,41973.300915714644,4051.9639695607957,47326.84201471895,0.0
21,35,B,Understocked,6112.089975735738,1099.6185911203547,5949.552484400231,0.0
21,36,B,Healthy,6089.669121511427,1866.4433330498898,6531.010631533969,0.0
21,38,B,Understocked,92899.28843756537,17815.605291411513,89732.05700909105,0.0
21,40,B,Understocked,83764.83877935157,6566.371902428485,71487.67969373292,0.0
21,41,B,Healthy,7341.797089337668,2790.8778277992064,9107.62757378032,0.0
21,42,B,Healthy,12634.793199811225,1942.751680580453,16271.027841792096,0.0
21,44,B,Healthy,9648.38456725511,1465.479528793572,12081.976852426054,0.0
21,46,B,Healthy,42757.521280101464,3224.809849332242,48673.052226013555,0.0
21,47,B,Healthy,6095.906834892643,5885.410634892643,6566.7767431425245,0.0
21,49,B,Healthy,25311.964555643408,4572.65776333572,36202.02128300383,0.0
21,52,B,Healthy,6003.885832570675,1106.9481594937527,7078.15934233567,0.0
21,54,B,Healthy,194.4975566600558,88.23971380291299,223.63382953621982,0.0
21,55,B,Understocked,14729.66419484782,2553.733817924744,12059.451639449677,0.0
21,56,B,Healthy,3603.113098630335,1121.0015178611045,3780.0652767515026,0.0
21,58,B,Healthy,3414.360551230071,1372.2068940872143,3679.1196344331006,0.0
21,59,B,Healthy,671.0922291203154,231.09555988954617,732.2559977071793,0.0
21,60,B,Healthy,552.8152455145703,183.20666474533954,676.3837318483359,0.0
21,67,B,Healthy,11703.044509241732,2685.2203592417313,13921.120886243649,0.0
21,71,B,Healthy,12358.953243836215,2822.6566207592923,15371.704146591563,0.0
21,72,B,Healthy,81772.00874321445,13494.990277829824,111076.21674233531,0.0
21,74,B,Healthy,23624.000762145894,2356.586631376665,32919.56287877791,0.0
21,79,B,Healthy,49715.65433276213,6365.08626737751,65834.95326323072,0.0
21,80,B,Healthy,355.0806608926358,207.79260489263586,531.7447580986327,0.0
21,81,B,Understocked,12731.27703001777,800.9875454023895,10354.472188562804,0.0
21,82,B,Understocked,33041.876873464855,3562.405077311008,31155.778129940092,0.0
21,83,B,Understocked,427.9332992965499,121.53150314270367,344.7092158475814,0.0
21,85,B,Healthy,3147.065008320908,798.2891198593688,4005.132868839356,0.0
21,87,B,Healthy,17144.913112172766,2798.0580198650764,24955.489175429982,0.0
21,90,B,Understocked,23807.512586514877,1871.351467284112,23277.606792655573,0.0
21,91,B,Healthy,15433.221345094242,1303.6152912480889,22790.781482880153,0.0
21,92,B,Understocked,50184.557810618644,3220.0659760032763,42355.52565091447,0.0
21,93,B,Healthy,1672.5431381502826,268.64791507335946,2478.940242732229,0.0
21,94,B,Healthy,2843.485672005199,1992.950736005199,3004.667410980201,0.0
21,95,B,Understocked,93882.61195724456,5977.097784167624,82056.8957314221,0.0
21,97,B,Healthy,7318.347576806141,471.48612680614025,8450.396301825154,0.0
21,98,B,Understocked,550.2212664455293,293.9686664455293,543.3142808042647,0.0
21,99,B,Healthy,6262.569284892643,5885.410634892643,6312.401916639343,0.0
22,1,B,Healthy,31720.696596887577,1838.618327656811,32492.197051137384,0.0
22,2,B,Healthy,116419.72225395497,6705.539727031858,161382.05575470437,0.0
22,3,B,Healthy,43724.27724796389,9201.574321040802,52188.76091255306,0.0
22,4,B,Healthy,74122.1475258196,4863.833198896529,76142.31851867396,0.0
22,5,B,Healthy,42228.148634510726,8685.451530664574,52597.00288197979,0.0
22,6,B,Healthy,10903.497541281748,2872.8279682048233,14423.037427398694,0.0
22,7,B,Understocked,57157.32926171869,7913.309557872543,57101.0590448137,0.0
22,8,B,Healthy,78239.94791507929,4113.026865079287,86211.88225154352,0.0
22,9,B,Understocked,62147.598716169625,8841.336685400387,55247.77642591964,0.0
22,10,B,Understocked,43341.614212178654,4967.2740467940275,40404.74418203595,0.0
22,11,B,Healthy,69183.7477897224,36814.84997049163,89746.26688314488,0.0
22,12,B,Understocked,8672.039099786198,903.6653190169656,8086.242804983427,0.0
22,13,B,Healthy,80346.58182121848,3305.7512135261686,95079.67588295358,0.0
22,14,B,Healthy,33989.17274823092,3718.964617461692,44784.26218818965,0.0
22,16,B,Understocked,69175.87001480362,13445.092280188239,60737.80803373933,0.0
22,17,B,Healthy,28316.62967415685,2701.7117510799258,34380.29386331007,0.0
22,18,B,Understocked,13454.289218152266,5543.475560257529,13283.296397530457,0.0
22,19,B,Overstocked,3518.9287071225267,885.5501801994495,5288.726813315339,857.7014684185697
22,20,B,Healthy,15680.155125905632,1540.1599220594783,18079.035748972598,0.0
22,21,B,Healthy,10956.680420056691,1136.7242315951546,15211.976371893476,0.0
22,22,B,Healthy,26048.624685887346,3174.3401205027253,31301.730371564565,0.0
22,23,B,Understocked,70743.03436224014,9308.331269932436,58836.35553134738,0.0
22,24,B,Healthy,22333.690112895274,5539.646562895271,28189.59492077751,0.0
22,25,B,Healthy,23433.7919160115,2906.7997467807318,35022.374735921345,0.0
22,26,B,Healthy,19845.366314540537,3614.628749155923,24591.914125104267,0.0
22,27,B,Healthy,4299.494371575787,715.7093715757868,6010.726957225674,0.0
22,28,B,Healthy,1774.1448528650603,385.2484797881372,2564.4744347403534,0.0
22,29,B,Understocked,16584.835749181322,1759.991518412093,16029.214454848217,0.0
22,30,B,Understocked,11908.95184447731,1222.7885137080766,11370.580680337836,0.0
22,31,B,Healthy,8323.235930463386,1682.420295848002,10370.886155411985,0.0
22,32,B,Healthy,13862.104737599884,2401.0937529845014,15249.019170054955,0.0
22,33,B,Healthy,17615.835907894914,3039.897342510297,24892.91572090035,0.0
22,34,B,Healthy,54903.785946417294,6827.726965648055,79995.74290425918,0.0
22,35,B,Healthy,11933.649338312349,1931.2558036969622,12625.772441410641,0.0
22,36,B,Understocked,8031.341183215328,2370.8067255230208,7813.816387601847,0.0
22,38,B,Healthy,170540.15514134144,22196.29471826453,233603.11210994163,0.0
22,40,B,Healthy,116423.83883306917,6161.22374076148,116494.67178935328,0.0
22,41,B,Healthy,3229.4520025953802,638.9531602876888,4522.874826626276,0.0
22,42,B,Healthy,16928.09020110704,1654.5954318762713,18778.82010786649,0.0
22,44,B,Healthy,12791.75550197335,2419.9230519733496,16466.97302246418,0.0
22,45,B,Understocked,5943.965492035501,5885.410634892643,5169.709177982357,0.0
22,46,B,Healthy,48344.36477608586,3552.8011530089366,60692.35223649127,0.0
22,47,B,Healthy,6009.618859892644,5885.410634892643,6789.609728487411,0.0
22,48,B,Healthy,5906.268634892644,5885.410634892643,7254.221939835707,0.0
22,49,B,Understocked,122.05929318279976,89.52762395203054,112.61805221890427,0.0
22,52,B,Healthy,4824.300148321048,1039.3986906287396,6454.517204087355,0.0
22,54,B,Healthy,176.87033403152512,92.20013403152511,252.8966085589611,0.0
22,55,B,Understocked,15517.180144707558,2563.857748553711,14868.873197217668,0.0
22,56,B,Understocked,19289.351022939,7542.184634477465,16779.25912973728,0.0
22,58,B,Understocked,10421.020754383127,4753.173992844665,8516.643486435496,0.0
22,59,B,Healthy,657.7649135654333,143.68659048851015,834.4663506577382,0.0
22,60,B,Healthy,1368.3641260803029,535.1074760803028,1701.12106196731,0.0
22,67,B,Healthy,28400.837536958345,6076.957171573724,34055.13504183515,0.0
22,71,B,Understocked,11328.676058532112,1699.3835046859565,10981.12791249471,0.0
22,72,B,Healthy,116789.24240001316,13251.656007705484,126758.53295135275,0.0
22,74,B,Healthy,41376.968188014274,4820.289457245047,51057.843289365104,0.0
22,79,B,Healthy,36569.419418687285,4036.189495610361,42517.06273384493,0.0
22,80,B,Overstocked,3830.8321710165383,538.6863556319222,5827.015337512784,6703.667722002045
22,81,B,Understocked,24783.338211917464,1416.7640965328408,22295.11631874358,0.0
22,82,B,Healthy,42446.733737297305,5815.739941143461,55497.2165198889,0.0
22,83,B,Healthy,3200.6499749511927,393.4923018742696,3505.200464114823,0.0
22,85,B,Healthy,6538.501313373765,950.2221133737644,7274.64318424042,0.0
22,87,B,Healthy,36024.439037472526,5422.507129780223,47690.822812515034,0.0
22,90,B,Healthy,45332.90238281963,2981.812144358089,59181.12443791147,0.0
22,91,B,Overstocked,44847.51324119084,3342.627079652393,68330.42799411982,87910.12498368513
22,92,B,Understocked,115349.74728713659,10100.342925598108,103091.27948410998,0.0
22,93,B,Understocked,8088.970005898243,1519.8250866674734,7085.938081489559,0.0
22,94,B,Healthy,1800.2843798746526,1056.5366078746526,2392.1590803957633,0.0
22,95,B,Healthy,133655.73143377266,13230.069964541895,163357.03545129608,0.0
22,96,B,Healthy,7097.79095155931,5885.410634892643,7098.76538306606,0.0
22,97,B,Understocked,9951.628319450534,758.257188681303,8538.259645887321,0.0
22,98,B,Understocked,808.35860883999,383.86083576306686,697.2339730119826,0.0
23,1,B,Healthy,70748.6656773261,12008.947588864574,102780.78474948996,0.0
23,2,B,Understocked,161536.51779524068,13781.430449086827,151854.52728123328,0.0
23,3,B,Healthy,63439.614965978806,17011.905231363435,65727.32616861873,0.0
23,4,B,Understocked,68266.45283221616,6507.667720677711,65908.47313774933,0.0
23,5,B,Healthy,65336.81074695897,10738.96408157436,69201.3069060751,0.0
23,6,B,Understocked,16554.271553546165,4405.573645853853,14082.37787876688,0.0
23,7,B,Healthy,85180.4453780403,11599.087674194132,100420.38954463348,0.0
23,8,B,Understocked,79871.74781533619,3417.083461490019,67839.64180099056,0.0
23,9,B,Healthy,148802.25579146112,27498.339083768777,205981.04790814972,0.0
23,10,B,Understocked,71059.63022898391,5468.443102060811,68971.17489122612,0.0
23,11,B,Healthy,109601.23803223207,39632.33576684747,130886.75173253722,0.0
23,12,B,Healthy,15649.356111644945,2196.7659501064854,22573.53475410835,0.0
23,13,B,Healthy,87985.52049160999,7334.598041609995,112193.89878032179,0.0
23,14,B,Healthy,79567.30671067529,11052.402314521432,94610.23680499232,0.0
23,16,B,Healthy,93549.96030314744,26508.510399301274,96989.19734462533,0.0
23,17,B,Healthy,61875.15735622961,8029.266602383459,64541.44429737678,0.0
23,18,B,Healthy,15217.353836666738,5659.325799824624,19610.991586320353,0.0
23,19,B,Overstocked,2776.140032399401,674.2397862455548,4235.617183202659,5926.7921720953145
23,20,B,Healthy,32907.987317010615,4910.594470856776,42225.64068939716,0.0
23,21,B,Healthy,18879.15269121886,2002.0182950650124,22790.57131574084,0.0
23,22,B,Healthy,56353.05293240662,7036.707867022022,75139.74476730486,0.0
23,23,B,Healthy,119736.02387175238,17803.717960213897,136451.18441470573,0.0
23,24,B,Understocked,26188.462255063605,4895.946258909755,22100.545696517074,0.0
23,25,B,Healthy,36543.73338905503,3741.931127516577,44235.336906462566,0.0
23,26,B,Healthy,31118.34972835984,6037.730316821378,46648.47429641759,0.0
23,27,B,Understocked,7508.099148872994,1524.126275796071,6967.299385885043,0.0
23,28,B,Healthy,2234.836174693492,439.58275930887646,2913.5638999814573,0.0
23,29,B,Understocked,25086.241150773443,2599.3476853888296,23748.682728000087,0.0
23,30,B,Healthy,19003.513171457467,2560.45797914977,22636.114712612474,0.0
23,31,B,Understocked,12772.99440552688,2690.8292362961097,11119.834382274643,0.0
23,32,B,Healthy,23961.022539423375,2569.2028394233744,27046.502184530716,0.0
23,33,B,Healthy,26754.054383796156,4727.1537184115405,36171.46092877282,0.0
23,34,B,Healthy,69257.10482152198,10392.093875368131,72978.09602287019,0.0
23,35,B,Healthy,15212.469211243482,3014.4399073973304,19553.88823897311,0.0
23,36,B,Healthy,13030.277210287626,4538.298437210701,17990.623220311994,0.0
23,38,B,Healthy,109206.14004154076,15015.184014617696,161279.97491539558,0.0
23,40,B,Understocked,137706.08873934767,8961.819354732268,133752.37063403797,0.0
23,41,B,Healthy,5878.142081452721,1336.5242352988762,6415.995717776321,0.0
23,42,B,Understocked,29072.380910886262,2548.1639378093387,26492.60509812526,0.0
23,44,B,Overstocked,15511.260879781763,1286.6729067048423,23647.118184051753,31558.829743466158
23,45,B,Healthy,201.87258263747964,94.4992493041463,298.107404146678,0.0
23,46,B,Healthy,84962.92752599868,8381.235260614056,101460.06914563554,0.0
23,47,B,Healthy,5885.410634892643,5885.410634892643,8325.99805304349,0.0
23,49,B,Healthy,59087.13338245545,7374.112017070853,69740.50355346533,0.0
23,50,B,Healthy,17399.303917245095,2979.120259552786,21839.911673719285,0.0
23,52,B,Understocked,5763.38556145251,732.9230729909716,4985.679128779984,0.0
23,54,B,Healthy,221.24319334482715,90.6936394986733,298.9764156346728,0.0
23,55,B,Understocked,21259.860954021824,2365.730865560281,18989.96352316581,0.0
23,56,B,Healthy,42302.33627520574,18556.73379059035,59351.42021729807,0.0
23,58,B,Healthy,11318.3774491695,3732.7185337848864,15516.142981972724,0.0
23,59,B,Healthy,1259.1978943979861,263.96214824413994,1658.846692194885,0.0
23,60,B,Understocked,378.79412197883346,131.15317582498733,313.0343554847141,0.0
23,67,B,Healthy,36939.550977368446,6421.684773522291,37725.76129259845,0.0
23,71,B,Understocked,30312.360988872235,5868.385685026078,30072.049926986358,0.0
23,72,B,Healthy,157599.3630828837,27500.257517499103,167512.29642784953,0.0
23,74,B,Understocked,95495.5094563497,10387.867798657371,82506.13435430739,0.0
23,79,B,Healthy,68170.07282786247,6559.619262477861,101162.970876134,0.0
23,80,B,Healthy,4088.440788704887,805.1740771664258,4923.609629921299,0.0
23,81,B,Healthy,20165.395796490036,1730.210584951574,20629.860251596274,0.0
23,82,B,Healthy,52447.26362802738,4792.108635719685,57156.84472787981,0.0
23,83,B,Healthy,2672.4080518722935,659.1504634107545,3010.3550406437284,0.0
23,85,B,Healthy,12040.894869246787,2255.719457708327,14911.851951151635,0.0
23,87,B,Healthy,84723.74696712256,11650.973755584078,99672.91171796336,0.0
23,90,B,Healthy,51200.342514496166,4579.271456803867,75323.69828316629,0.0
23,91,B,Healthy,53051.70496444319,5501.139472135508,61687.63882500677,0.0
23,92,B,Overstocked,149791.88639077242,10356.656971541606,228324.08017843674,301808.7991590834
23,93,B,Healthy,7182.682904893992,1354.2854318170673,10210.47263073612,0.0
23,94,B,Understocked,2648.419105433161,1445.8132911474468,2521.8582421791234,0.0
23,95,B,Healthy,130167.15301552173,10355.631242444817,192560.76109346625,0.0
23,96,B,Understocked,41025.941804723945,5578.377170108564,36305.80342318183,0.0
23,97,B,Healthy,17106.054987563162,1735.9929683323917,23892.681944053526,0.0
23,98,B,Healthy,1111.2995464303222,595.7431624303222,1197.819777327235,0.0
23,99,B,Healthy,6024.041734892643,5885.410634892643,8680.169770337441,0.0
24,1,A,Healthy,36175.476198276505,4884.059175199578,51864.106774789034,0.0
24,2,A,Healthy,89352.50270137475,4990.87421291319,124050.36174961466,0.0
24,3,A,Healthy,34755.15458188674,6139.651097271358,47848.19352042995,0.0
24,4,A,Healthy,67618.21941499492,4977.6089957641525,69133.9339734492,0.0
24,5,A,Understocked,51364.30233460488,6841.578957681805,44125.58650680501,0.0
24,6,A,Healthy,11694.653103624149,3339.197222854918,12796.003263654677,0.0
24,7,A,Understocked,63236.61823558557,11127.993885585567,58599.66014983186,0.0
24,8,A,Healthy,105635.49721436515,4763.5755335959375,138098.79555708164,0.0
24,9,A,Healthy,69056.9884580439,11022.062077274655,72693.03228565709,0.0
24,10,A,Overstocked,63041.443323003914,6453.549515311611,95330.98354188712,63811.94026264388
24,11,A,Healthy,69770.72065758378,32104.751738353003,88462.96766924084,0.0
24,12,A,Healthy,11583.630035076081,1432.6593619991588,16221.840736993205,0.0
24,13,A,Understocked,65841.25515175171,4606.705909444024,59042.685399487236,0.0
24,14,A,Healthy,36059.54686734497,4096.368878883434,51538.849179279,0.0
24,16,A,Healthy,67512.6820032903,13502.88445329032,99487.54892427991,0.0
24,17,A,Healthy,28138.027370442807,3110.51070505819,32515.043866418408,0.0
24,18,A,Healthy,8934.372734973116,3219.5459873540676,11101.535681782465,0.0
24,19,A,Healthy,257.2821385276269,104.60964237378076,349.46919865664574,0.0
24,20,A,Understocked,13479.95063828851,1495.285688288512,12504.436238180442,0.0
24,21,A,Healthy,13111.814092621313,1103.43200031362,15299.824937705187,0.0
24,22,A,Healthy,27792.442856027545,4182.702056027552,30322.222460088276,0.0
24,23,A,Understocked,67545.20861260164,8758.043377986249,61253.576030403965,0.0
24,24,A,Healthy,14306.007379433719,2491.4204217414085,15283.109518520921,0.0
24,25,A,Understocked,28785.472154980154,4033.001151133999,24460.9093668806,0.0
24,26,A,Understocked,17456.727767847773,2418.1453678477733,14294.313960212154,0.0
24,27,A,Understocked,4065.8891777102276,751.249389248689,3653.898283322249,0.0
24,28,A,Overstocked,1282.153091447228,205.18509913953605,1927.1710161106114,327.134452000849
24,29,A,Healthy,12089.18524440514,1624.0436636359116,14521.004175920107,0.0
24,30,A,Overstocked,9582.029499609025,1186.2371919167178,14421.435200556016,4016.448944825608
24,31,A,Healthy,6168.75159303968,1330.8176007319873,6882.620816864502,0.0
24,32,A,Healthy,14991.326960017896,2515.3802754025105,15405.47401783171,0.0
24,33,A,Healthy,14656.915784697047,2755.626769312433,17141.02204865181,0.0
24,34,A,Healthy,41797.55083492036,6721.515673381895,46848.51453610459,0.0
24,35,A,Understocked,8588.208667259501,1621.4409980287332,7533.020294563564,0.0
24,36,A,Healthy,9364.302766663153,4702.998332047768,11872.09310440148,0.0
24,37,A,Understocked,7133.540025185269,1008.4989021083469,6831.847446135587,0.0
24,38,A,Healthy,132473.92820877593,14499.846289545178,165896.99525401567,0.0
24,40,A,Healthy,100602.03629887864,6375.977391186336,128232.0633853799,0.0
24,41,A,Understocked,4738.203489073387,1126.4753198426172,4316.399814608331,0.0
24,42,A,Understocked,14257.914546749162,1360.1402582876221,12044.875588197077,0.0
24,44,A,Healthy,10418.419130171362,1364.2458263252092,14272.775358547899,0.0
24,45,A,Healthy,7894.868989955309,7820.049223288643,8965.84199020909,0.0
24,46,A,Understocked,36644.77292075753,3760.6614669113874,30871.73966391653,0.0
24,49,A,Overstocked,13344.36897083697,3420.466578529277,20366.875322138472,29076.714868290594
24,50,A,Understocked,3547.537692080161,1306.397438234007,2987.6646178071564,0.0
24,52,A,Healthy,3394.6645980983485,608.0364365598867,4438.102063139918,0.0
24,54,A,Overstocked,212.7981154158607,122.2498458506433,323.04575800604675,319.43254522722253
24,55,A,Understocked,24981.96708121618,5604.641131216175,24347.46199267594,0.0
24,56,A,Understocked,16790.221226282676,6279.601353205756,15175.707790802804,0.0
24,58,A,Understocked,7827.619455474559,2930.1478434745595,6955.708797179609,0.0
24,59,A,Healthy,640.049907705308,197.85736924376957,653.7411242175122,0.0
24,60,A,Understocked,364.36318391464033,103.40664160694804,318.3672297290979,0.0
24,67,A,Healthy,29428.730306339843,7433.3793563398485,38412.667745901264,0.0
24,71,A,Understocked,11277.936432398383,2296.2692208599224,9535.190891805274,0.0
24,72,A,Healthy,108523.55088662998,12886.305459706913,127176.37842964249,0.0
24,74,A,Overstocked,34551.7423231944,5044.33714242516,52780.851252682136,79118.73473491479
24,77,A,Healthy,8331.880456621977,7820.049223288643,11616.293541258603,0.0
24,79,A,Healthy,48159.6343320265,4151.3992166418875,60156.689986408186,0.0
24,80,A,Healthy,64760.251731614146,5476.044358537225,66286.33633566859,0.0
24,81,A,Healthy,56180.76611904859,3644.372188279363,70531.80352002347,0.0
24,82,A,Healthy,44418.1299736791,5911.029173679091,52623.947238191744,0.0
24,83,A,Healthy,9930.670673921362,1574.3330316136712,11033.380987620152,0.0
24,85,A,Understocked,4267.8584653689895,811.8368615228344,3821.5197454492195,0.0
24,87,A,Healthy,64799.63778859092,8800.017519360152,93779.40159774944,0.0
24,90,A,Healthy,157781.33337271342,10041.818472713421,178031.43048194307,0.0
24,91,A,Understocked,111781.45352037365,8624.627566527517,105306.4495154501,0.0
24,92,A,Healthy,268331.6637113213,18864.0528805521,286702.8102494551,0.0
24,93,A,Healthy,94348.65380823957,10477.957515931881,104001.90984331352,0.0
24,94,A,Healthy,123470.18933643508,10752.160532588954,173364.8217427115,0.0
24,95,A,Healthy,219169.80146692685,19688.074570773024,292709.7074164167,0.0
24,96,A,Healthy,36770.533082601236,5511.410374908932,50066.484726920506,0.0
24,97,A,Understocked,44055.41347268482,3300.0122111463597,35599.101226485174,0.0
24,98,A,Healthy,21894.573422230904,1670.0723376155227,24167.06415349899,0.0
24,99,A,Healthy,1175.3758299621795,634.6288593739441,1353.3056696295848,0.0
25,1,B,Understocked,36018.32926597968,3014.575389056603,29319.293247346726,0.0
25,2,B,Understocked,80771.33468802346,4564.391826485,79936.45328755633,0.0
25,3,B,Healthy,33134.506051010176,6235.681112548636,44897.639094484286,0.0
25,4,B,Understocked,45345.150306182855,3009.1128831059264,40814.7202016904,0.0
25,5,B,Healthy,23804.628380844588,5287.150469306128,28345.989590518577,0.0
25,6,B,Understocked,8698.009947870574,2595.3065171013427,8324.842415529061,0.0
25,7,B,Understocked,38122.8904992783,7020.028526201374,30835.63004351901,0.0
25,8,B,Understocked,64505.10084062233,3917.4638098530863,62961.94944461323,0.0
25,9,B,Overstocked,38286.238031972316,4393.991466587709,57903.64088041574,39365.55809395306
25,10,B,Healthy,48492.223393048094,6831.271285355787,67167.6498961299,0.0
25,11,B,Overstocked,31084.253142063528,7637.8514266789125,46641.64053819023,1266.6484828801476
25,12,B,Healthy,8413.588903417583,1052.8586803406592,9727.23158317442,0.0
25,13,B,Understocked,55061.3552443845,2966.2418828460577,48459.907583049375,0.0
25,14,B,Healthy,22009.341745968497,3109.531415199263,26411.43958548563,0.0
25,16,B,Healthy,59545.90190112584,14606.295293433532,67387.82649945648,0.0
25,17,B,Healthy,21980.734123580103,2646.1887543493335,31133.08693383878,0.0
25,18,B,Understocked,10146.230897810132,4369.313577810132,8843.45773178185,0.0
25,20,B,Healthy,9496.103700636417,1498.9271467902634,10981.446542204205,0.0
25,21,B,Understocked,10931.771396368735,1164.319604061044,9942.834438653454,0.0
25,22,B,Healthy,12942.856908740692,1453.0148625868453,13421.91639331164,0.0
25,23,B,Healthy,39197.550967367824,5357.105975060144,52456.932657996345,0.0
25,24,B,Healthy,7632.029498124765,1635.073309663226,8757.702214138568,0.0
25,25,B,Healthy,16625.069751314983,2043.2498859303666,17861.949141304918,0.0
25,26,B,Healthy,8534.378842244714,1098.716146090868,9285.128377880517,0.0
25,27,B,Healthy,2266.232952475079,345.9791986289246,2573.072148703041,0.0
25,28,B,Healthy,1248.6533574448122,296.68372667558157,1714.4785724275102,0.0
25,29,B,Healthy,8786.799888312386,1530.516311389308,12751.595751605935,0.0
25,30,B,Healthy,6323.057067630085,1298.5679983993166,9468.10974536318,0.0
25,31,B,Healthy,4167.131094101318,874.7760825628562,5727.469460591237,0.0
25,32,B,Healthy,8692.159916205157,1293.318331589773,8955.071971820495,0.0
25,33,B,Healthy,6837.5209737280275,1260.977866035721,8904.765683482761,0.0
25,34,B,Healthy,30544.718906466158,5905.217975696923,34193.294149483205,0.0
25,35,B,Understocked,6039.605892944908,1344.842162175678,5954.505152814498,0.0
25,36,B,Healthy,4730.787129275045,1705.6233331211981,6688.55834850461,0.0
25,37,B,Understocked,6735.537526408638,882.8440648701794,5577.370165397098,0.0
25,38,B,Healthy,103618.23234113332,16534.787264210227,151105.04391367547,0.0
25,40,B,Healthy,94257.48222552215,7683.9912755221485,107159.30964153951,0.0
25,41,B,Healthy,8241.250504249041,2687.328615787502,10426.476407598999,0.0
25,42,B,Healthy,13121.266619725726,1548.2418697257249,16812.65108109808,0.0
25,44,B,Healthy,8013.826282352393,733.8658054293176,11647.583221561888,0.0
25,45,B,Healthy,5920.366034892643,5885.410634892643,7487.894647990614,0.0
25,46,B,Healthy,45166.27327003401,4890.8458623417155,56375.255819042126,0.0
25,47,B,Understocked,5904.539834892644,5885.410634892643,5010.923096768372,0.0
25,48,B,Healthy,5927.1052948926435,5885.410634892643,6984.725256118071,0.0
25,49,B,Understocked,27980.05450780741,5231.29230396125,25451.311490863904,0.0
25,50,B,Healthy,5521.660235809042,1061.9502704244273,7389.785052270561,0.0
25,52,B,Healthy,4057.1168475181403,1030.6795513642942,4762.738732770472,0.0
25,54,B,Healthy,277.42145182998786,197.07968259921867,359.69529946463126,0.0
25,55,B,Understocked,10455.97073339763,2002.6204141668577,8682.859945942357,0.0
25,56,B,Understocked,16545.868622455393,5007.520726301547,14260.853915105017,0.0
25,58,B,Healthy,1798.2778868266919,619.9326773028827,2378.9707207173783,0.0
25,59,B,Understocked,630.303765695232,168.11370031061665,537.4105833083366,0.0
25,60,B,Understocked,625.0901198181234,186.55778520273884,532.5876656970407,0.0
25,67,B,Understocked,22933.318491533944,6338.930210764711,18549.36668210338,0.0
25,71,B,Healthy,7930.6617635275925,1721.1382635275932,11882.08242918776,0.0
25,72,B,Healthy,70676.00755943487,7785.310555588712,94591.43291098587,0.0
25,74,B,Healthy,25644.033328833877,2303.4162672954117,27128.144015018745,0.0
25,78,B,Healthy,5893.229434892643,5885.410634892643,5990.296665694424,0.0
25,79,B,Healthy,19330.170807714,2168.2545384832315,20398.807555158663,0.0
25,80,B,Healthy,1266.5740932086474,204.07658551633958,1729.503223045796,0.0
25,81,B,Healthy,19177.22220410893,1328.0684579550823,24600.551115755334,0.0
25,82,B,Understocked,24132.69462711281,2366.281719420498,22568.721404207703,0.0
25,83,B,Understocked,514.004736049184,145.35106681841464,476.53369559437647,0.0
25,85,B,Understocked,7348.350228815669,1042.189605738746,6406.50354046525,0.0
25,87,B,Healthy,15668.866683878816,1866.360583878817,20087.81590588515,0.0
25,90,B,Healthy,25686.54764183235,1716.2261341400454,34882.12732058506,0.0
25,91,B,Understocked,18111.136846663772,1541.052662048387,17993.122735233952,0.0
25,92,B,Understocked,87707.92461293946,5876.661486016388,71507.37820642935,0.0
25,93,B,Understocked,2485.3167615499456,487.8430269345609,2137.3359236676383,0.0
25,94,B,Overstocked,11826.017355875176,1782.5487020290236,17816.3424708989,6417.264278149432
25,95,B,Healthy,100669.98746060357,6030.23464906507,102247.95806056833,0.0
25,96,B,Healthy,5934.347334892644,5885.410634892643,8079.809124151115,0.0
25,97,B,Healthy,6457.532019681001,635.5985042963853,8110.68866385017,0.0
25,98,B,Healthy,3477.440907691043,655.0578884602729,3751.5186710071966,0.0
26,1,A,Understocked,38925.014772087816,4496.64466824166,36984.66901282662,0.0
26,2,A,Understocked,59901.60562603349,3542.122868341176,53229.29068555412,0.0
26,3,A,Healthy,18452.828829730224,2373.6702604994557,23046.83525370263,0.0
26,4,A,Healthy,56288.890361983256,3201.1080542909326,76861.50373236321,0.0
26,5,A,Healthy,30892.822927309207,4849.849685001509,39235.43300520214,0.0
26,6,A,Healthy,11651.76227990863,3181.566256831707,13832.04653092467,0.0
26,7,A,Understocked,32731.62853383965,5340.178156916574,27187.68908626195,0.0
26,8,A,Overstocked,62364.898755723734,4200.741817262194,93983.70333391071,36217.48162698411
26,9,A,Healthy,49891.403616284515,7521.837389361437,69002.87253324936,0.0
26,10,A,Healthy,24954.79837112312,3048.084048046195,25298.178562579255,0.0
26,11,A,Overstocked,36469.47380908165,9925.113486004728,55265.05069723302,46549.71863967467
26,12,A,Healthy,12500.073897494063,1445.2066359556031,15492.261092031766,0.0
26,13,A,Healthy,47245.74576067312,3042.8257722115727,57884.001378026434,0.0
26,14,A,Healthy,22306.726036734937,2376.3548444272383,30026.937161731545,0.0
26,16,A,Healthy,52843.3791795936,14801.57296036283,73589.26420824228,0.0
26,17,A,Healthy,16210.712175624922,1451.5722410095402,20737.219340121377,0.0
26,18,A,Understocked,6908.841527002987,2446.3621457529844,6173.118266309279,0.0
26,19,A,Healthy,3126.4052536764966,744.8955575226507,3273.1439577003466,0.0
26,20,A,Healthy,8821.69783273551,1311.8616942739718,13034.067876265373,0.0
26,21,A,Understocked,12387.136381641714,1274.5737970263262,11940.820383983026,0.0
26,22,A,Healthy,14155.969696224325,1965.249750070477,15170.696888285278,0.0
26,23,A,Healthy,32945.32726132773,4971.722915173878,36747.74925583736,0.0
26,24,A,Healthy,7117.783839085048,1625.9117160081248,7977.3675774242065,0.0
26,25,A,Healthy,16044.086087388743,1861.9112912349008,20014.1293322855,0.0
26,26,A,Healthy,8019.103857250838,1353.2449418662252,11935.997940141886,0.0
26,27,A,Understocked,2089.6216274942594,346.16728903272127,2038.8556902399832,0.0
26,28,A,Understocked,1031.1075703866225,376.5694511558533,916.3411782181754,0.0
26,29,A,Understocked,7316.558344910548,1094.1619718336258,6907.953859062996,0.0
26,30,A,Healthy,6056.037568748371,1092.6180572099108,8765.842931916484,0.0
26,31,A,Healthy,3006.879454887034,558.4164202716496,3823.0725068609195,0.0
26,32,A,Healthy,10031.17907319785,2045.7836616593895,10118.570265362048,0.0
26,33,A,Healthy,8204.384893891314,1881.176486199008,11450.37811552547,0.0
26,34,A,Healthy,21701.884317125514,4714.957151740897,31007.654424885553,0.0
26,35,A,Healthy,5203.490359089871,1188.1737629360246,7378.3176034224225,0.0
26,36,A,Healthy,3455.6442017585473,1499.629940220086,5082.618059310771,0.0
26,38,A,Understocked,232775.48572247324,23153.81834555017,229082.72255066867,0.0
26,40,A,Healthy,81763.74707280184,4704.848830494159,110477.58948094242,0.0
26,41,A,Healthy,3791.643655989722,816.181767528183,4308.042138907475,0.0
26,42,A,Healthy,6878.836374489463,849.7291052586949,9731.207398799552,0.0
26,44,A,Healthy,8475.42837834092,1252.6070475716883,11287.560210430536,0.0
26,45,A,Healthy,7882.575373288642,7820.049223288643,10773.956328545968,0.0
26,46,A,Healthy,22319.600296961675,2332.1975815770547,28546.727298997135,0.0
26,47,A,Understocked,8111.475423288643,7820.049223288643,7539.802983775562,0.0
26,48,A,Healthy,1791.0912648374565,778.1199348374566,2145.493867952398,0.0
26,49,A,Overstocked,10093.240667494665,3024.0349751869708,15329.703855080437,15756.956868590489
26,52,A,Healthy,4424.26273391001,1124.9812916023172,6566.903482693076,0.0
26,54,A,Understocked,100.04994009139708,43.42264961520658,83.19320873952702,0.0
26,55,A,Understocked,13244.85622880395,2264.7373672654926,12189.437416303805,0.0
26,56,A,Understocked,18741.676280445623,7461.618372753312,16795.578185457558,0.0
26,59,A,Healthy,396.79410544111533,119.01404390265387,527.722405087003,0.0
26,60,A,Healthy,358.2964887899819,102.65387340536648,500.53420799032693,0.0
26,67,A,Understocked,17319.348596296884,3956.8298232199613,16554.92965819401,0.0
26,71,A,Healthy,6447.299804352837,1565.2445351220683,7538.650140341038,0.0
26,72,A,Healthy,87930.26114686661,13194.11563532816,124308.17178148331,0.0
26,74,A,Healthy,21056.72858974127,2967.5619628181876,28109.57723574185,0.0
26,79,A,Healthy,27293.374209126403,3114.524455280248,32638.321927809113,0.0
26,80,A,Healthy,44567.6831177367,3152.5696638905524,54860.759516477,0.0
26,81,A,Healthy,45642.83516261012,3652.7879433793573,53452.47028172219,0.0
26,82,A,Healthy,31852.29022411631,2346.3861741163055,32400.479907107743,0.0
26,83,A,Healthy,5845.863505066725,900.6435512205704,7087.9110608120345,0.0
26,85,A,Healthy,4393.9931894248675,841.8446701940978,5724.873399157078,0.0
26,87,A,Healthy,57486.42282939901,9646.24519093747,82638.21186119718,0.0
26,90,A,Healthy,127582.02562480656,8951.125124806542,161326.53857444823,0.0
26,91,A,Healthy,89445.57733638803,8993.616444080317,121254.09924101898,0.0
26,92,A,Understocked,205168.3100824571,23541.74755553408,188109.03565607464,0.0
26,93,A,Healthy,63248.18333810802,8015.966330415717,71909.1970576056,0.0
26,94,A,Understocked,102057.38973879068,10557.176350329133,82341.1351469917,0.0
26,95,A,Understocked,168280.5509766418,14643.458015103291,164927.65710358694,0.0
26,96,A,Healthy,53011.12465045744,7694.309731226666,70521.60306992359,0.0
26,97,A,Overstocked,36715.85607491835,3872.1608749183506,55955.74540194764,73202.78703431945
26,98,A,Understocked,16815.85732870091,1412.3693748547532,14670.154147097657,0.0
26,99,A,Healthy,1259.3946442576662,742.2714842576661,1376.6327629059226,0.0
27,1,A,Healthy,57877.82244830739,5104.826432922752,80105.90475350904,0.0
27,2,A,Understocked,176093.51657097295,13188.529509434478,167103.24051432125,0.0
27,3,A,Healthy,72027.68625403523,20506.80590018907,86808.63274128613,0.0
27,4,A,Healthy,95860.81818105803,7126.909254134959,127987.80892723729,0.0
27,5,A,Healthy,46691.833641341735,6691.060460572507,58349.354736469126,0.0
27,6,A,Understocked,14724.627890280346,3202.515621049577,13800.776115732202,0.0
27,7,A,Healthy,91287.73359221706,14939.448211447838,96713.03070892084,0.0
27,8,A,Healthy,89168.21399043062,5923.142036584479,122353.77009328734,0.0
27,9,A,Healthy,80082.50192242138,10309.116591652151,96466.20903284401,0.0
27,10,A,Understocked,82745.59987937269,7562.633402449624,66512.37098561245,0.0
27,11,A,Healthy,65900.84595732481,21734.800788094035,89330.12920749788,0.0
27,12,A,Understocked,9288.018262152815,1170.0182659989703,7669.8345416910515,0.0
27,13,A,Healthy,114374.78468587597,7659.807339722134,153763.8205566948,0.0
27,14,A,Understocked,58212.94496464187,5873.028141564938,55174.85845658895,0.0
27,16,A,Healthy,93815.4114970016,24694.539162386198,140666.23137828903,0.0
27,17,A,Healthy,36834.100996207875,3355.8920846694095,39360.80055664586,0.0
27,18,A,Healthy,14026.34183190488,4708.928062339657,14568.601328206909,0.0
27,19,A,Understocked,4006.579510443972,808.6462719824335,3640.7318309778825,0.0
27,20,A,Healthy,26522.733722852816,3010.2483728528173,27135.172217662916,0.0
27,21,A,Healthy,14305.011890454301,1460.820667377377,20598.574199725048,0.0
27,22,A,Overstocked,40480.26481830675,5079.217906768286,61826.48267399335,91805.09206225752
27,23,A,Healthy,85297.60008575814,7408.356774219674,91171.70096849746,0.0
27,24,A,Healthy,24034.2170642509,5003.127383481672,27098.2375070359,0.0
27,25,A,Healthy,30574.923502638565,3789.14655648472,40576.341302400666,0.0
27,26,A,Healthy,28419.403528911334,3973.965901988255,41120.68633130756,0.0
27,27,A,Healthy,4452.730804521319,600.6667045213188,5489.871389571696,0.0
27,28,A,Healthy,1838.614315518555,316.71991551855484,1996.3927225159464,0.0
27,29,A,Healthy,18435.370938350945,2418.366780658638,20301.287536796757,0.0
27,30,A,Healthy,12596.673510367507,1310.1766411367364,16473.945324188313,0.0
27,31,A,Understocked,9589.026057404346,1700.2348612505016,7693.748655823025,0.0
27,32,A,Healthy,18620.24534142037,2235.26029526652,23318.13726947044,0.0
27,33,A,Healthy,25782.12028458509,6311.924565354318,27316.411623203763,0.0
27,34,A,Healthy,46156.01646115114,7856.1060688434545,63684.412288874926,0.0
27,35,A,Understocked,11045.826516410047,2650.034001025431,9586.48689997753,0.0
27,36,A,Healthy,10153.324056811058,3974.922476041828,12482.371251361708,0.0
27,37,A,Healthy,5665.103236530345,837.8889557611159,6521.158174103657,0.0
27,38,A,Healthy,94045.2754452767,16325.32128758438,119333.82749300257,0.0
27,40,A,Understocked,149305.64031525925,7273.24910372081,126513.10769145621,0.0
27,41,A,Healthy,4854.078890526449,785.1445174495261,5938.422665784964,0.0
27,42,A,Healthy,22877.103529383145,2159.3057486139137,27678.635789205753,0.0
27,44,A,Healthy,10075.073504137215,1377.3941233679839,12183.603716627758,0.0
27,46,A,Healthy,89503.22524159972,6906.825945445885,111032.86775763403,0.0
27,47,A,Healthy,7820.049223288643,7820.049223288643,10117.748552604195,0.0
27,49,A,Healthy,26638.17575653498,5506.37068345806,36964.25067779673,0.0
27,50,A,Understocked,6770.027107618579,1383.267423003195,6749.508006404443,0.0
27,52,A,Healthy,6315.584402380435,1208.827910072743,8856.256027776602,0.0
27,54,A,Healthy,217.64341424068667,130.7875096952321,253.27744092497713,0.0
27,55,A,Understocked,22420.084951541434,4525.3509938491225,19197.254771253396,0.0
27,56,A,Understocked,19855.96437563286,5937.709214094395,16733.458671123204,0.0
27,58,A,Healthy,6609.9612585920695,3369.0761542442438,6900.759713407731,0.0
27,59,A,Healthy,837.4226235767271,161.50209280749647,1149.7601535027748,0.0
27,60,A,Healthy,329.4556736538934,106.20590057697036,433.7636732566871,0.0
27,67,A,Healthy,30592.870145010813,7750.51349501082,42086.27261831236,0.0
27,71,A,Healthy,25340.127165113183,5134.3608689593375,29840.69621032074,0.0
27,72,A,Healthy,122349.78880039703,16313.839711935492,137196.35677421812,0.0
27,74,A,Understocked,62645.776235140554,7719.667358217469,56859.83392325645,0.0
27,77,A,Healthy,9002.718623288643,7820.049223288643,9359.052619542175,0.0
27,79,A,Healthy,79809.54451466628,6273.854926204754,89134.02379689628,0.0
27,80,A,Understocked,56195.080552451815,3274.911175528743,48590.66748842584,0.0
27,81,A,Understocked,65068.81342051382,5639.178701283043,62534.170068600804,0.0
27,82,A,Healthy,59492.10507808395,5322.595328083948,73574.15196247672,0.0
27,83,A,Healthy,18524.084006687808,2054.6035989954985,24767.331495365725,0.0
27,85,A,Overstocked,10118.883485177677,1886.7635313315236,15469.685154358858,24182.8739071644
27,87,A,Healthy,40007.05850225314,3772.2279484069863,59257.364136297154,0.0
27,90,A,Healthy,193341.71117832419,9827.568459093402,245364.6672545553,0.0
27,91,A,Healthy,132569.22862057146,7209.889755186867,146821.88941912932,0.0
27,92,A,Healthy,308747.28908360883,20949.18542591649,390382.99807980255,0.0
27,93,A,Healthy,119870.16696228622,8920.53393536315,164644.75273226044,0.0
27,94,A,Understocked,165627.16742851015,21744.606343894724,146809.50626085972,0.0
27,95,A,Healthy,267750.65026951,22367.396669510006,294319.69977393607,0.0
27,96,A,Healthy,57348.610128575325,8345.845432421482,81036.7786235828,0.0
27,97,A,Healthy,47471.21553333854,5055.095206415479,51278.314683378936,0.0
27,98,A,Healthy,24840.104289729257,2335.486458960037,30242.00123789539,0.0
27,99,A,Healthy,1862.933305839503,1130.393380839503,2289.6784811781986,0.0
28,1,A,Understocked,38586.69829071858,6056.802648410898,36065.73918324795,0.0
28,2,A,Healthy,118660.3127478194,7099.299951665537,126305.81887846318,0.0
28,3,A,Healthy,37361.81726951577,7027.951304131153,39012.95705614601,0.0
28,4,A,Understocked,60448.21220447887,5137.506150632704,49514.55702695885,0.0
28,5,A,Understocked,49290.15660286779,7204.723845175492,40302.58883870852,0.0
28,6,A,Healthy,9804.292339601943,2367.1677242173278,13796.000568232932,0.0
28,7,A,Understocked,55345.55075684266,8264.211810688816,55309.116298174704,0.0
28,8,A,Healthy,68883.48899306965,3206.290316146582,81158.35447843655,0.0
28,9,A,Healthy,44249.31461054167,7019.135202849367,45048.88506663255,0.0
28,10,A,Healthy,49218.264669072596,5461.581726764898,73172.58977525495,0.0
28,11,A,Understocked,31226.04047229195,4386.041076138109,30891.504471107608,0.0
28,12,A,Healthy,7681.702574200239,963.2720165079324,8554.724025800915,0.0
28,13,A,Healthy,81282.4731228151,4989.140899738173,116810.4798820442,0.0
28,14,A,Healthy,33102.69864452655,4691.258909911166,46827.45830798229,0.0
28,16,A,Understocked,21282.073946048666,4914.275226817899,19916.914776169284,0.0
28,17,A,Healthy,19060.767459187104,2289.375601494797,26416.88212825215,0.0
28,18,A,Healthy,10166.945647956167,3434.238762956164,11534.160175436327,0.0
28,19,A,Healthy,4084.221770140376,1157.6052009096072,4707.340362732241,0.0
28,20,A,Understocked,11808.451892756224,1366.4694119869948,10597.381552236653,0.0
28,21,A,Understocked,10000.044928895186,1119.42290197211,8588.429637119141,0.0
28,22,A,Healthy,19057.283766856453,2375.621751471838,25372.785548260108,0.0
28,23,A,Healthy,65263.2469875569,5539.481152941501,75863.08435834598,0.0
28,24,A,Healthy,20125.24494252974,4515.710954068209,22518.156951239886,0.0
28,25,A,Healthy,33610.40344129647,3558.7215989887804,44787.24084452658,0.0
28,26,A,Healthy,20618.346463842325,3009.8189292269385,28016.712598049355,0.0
28,27,A,Understocked,3092.5732770126583,484.97896162804346,2832.806283178428,0.0
28,28,A,Healthy,1182.8877578400952,237.95094245548,1473.2445432276443,0.0
28,29,A,Understocked,10254.611434189972,1022.8701226515093,9216.93171679798,0.0
28,30,A,Healthy,8601.083003392141,1232.3329880075255,11598.593224293927,0.0
28,31,A,Healthy,7369.5503223175265,1424.230560779066,9429.909038894182,0.0
28,32,A,Healthy,17619.648230742256,3103.5162345884105,26400.02415918279,0.0
28,33,A,Understocked,22381.970457305182,6409.244272689798,19032.27025380931,0.0
28,34,A,Understocked,38702.30621540572,5402.283469251883,32573.793953316792,0.0
28,35,A,Healthy,6131.809681241179,1086.5248120104102,6168.579473656115,0.0
28,36,A,Understocked,5464.5202344264235,1697.1450344264235,5415.586270635799,0.0
28,37,A,Understocked,4862.209443528461,1198.4287204515379,4766.3972887381815,0.0
28,38,A,Healthy,112618.84112290404,14243.128061365565,164599.8515513632,0.0
28,40,A,Understocked,92518.33512735047,4633.222696581233,90868.61533350675,0.0
28,41,A,Understocked,3715.7950205987954,1155.3760821372573,3710.307906366477,0.0
28,42,A,Healthy,14407.77929885735,1488.2797450111957,19513.33051142914,0.0
28,44,A,Healthy,9783.659036135636,1233.1415822894837,11039.001158564563,0.0
28,45,A,Healthy,113.38684242848257,42.75709242848256,154.99966694261778,0.0
28,46,A,Understocked,43442.356336587654,2867.669571203041,36826.836803033984,0.0
28,49,A,Healthy,29495.508536466154,4201.99779800461,34094.65385191658,0.0
28,52,A,Understocked,5760.37272274992,1095.7707458268428,4749.645790094654,0.0
28,54,A,Understocked,142.34261207269827,54.88741733585614,120.38439072138551,0.0
28,55,A,Healthy,17570.546817146493,3375.7418094541863,25682.856702603396,0.0
28,56,A,Understocked,2474.0233529471493,936.5418952548414,2230.700981310067,0.0
28,58,A,Healthy,29840.71490421037,16488.826242671905,35470.67598925064,0.0
28,59,A,Healthy,487.4022239062497,135.01530467548048,536.1910841153347,0.0
28,60,A,Healthy,1399.1158678371005,277.3544678371006,1474.0533925996083,0.0
28,67,A,Healthy,16277.07273780604,4318.320964729119,23713.714748593055,0.0
28,71,A,Understocked,13582.188768390946,1888.0313914678723,11082.129945750457,0.0
28,72,A,Healthy,103156.45150123531,17456.404274312234,132511.31885635268,0.0
28,74,A,Overstocked,25981.632195562328,3254.292030177712,39057.614446211344,7068.790688031746
28,79,A,Healthy,93451.91242213032,6982.138545207246,112976.14519415838,0.0
28,80,A,Healthy,40324.25744326161,4092.747166338531,59836.37515509567,0.0
28,81,A,Understocked,51809.52607252985,7372.851334068312,43424.06370835987,0.0
28,82,A,Healthy,41068.23598495886,4868.054484958865,45409.93387333023,0.0
28,83,A,Understocked,17574.793955204892,4301.74410135874,17397.555451723412,0.0
28,85,A,Healthy,3483.82892551825,637.279367825942,4645.683448952369,0.0
28,87,A,Overstocked,31450.409781734088,4372.8477894263915,47689.73062343339,42671.62391907696
28,90,A,Understocked,162702.08622116162,26352.114713469357,160630.39170375981,0.0
28,91,A,Healthy,141390.36827146236,26711.30629069311,180632.90572303717,0.0
28,92,A,Understocked,249812.0161178601,49452.592883244724,235975.24628464496,0.0
28,93,A,Healthy,131693.95866959024,34114.02051189793,159704.08973723464,0.0
28,94,A,Healthy,91999.69169910278,13084.927176025863,104757.35475278551,0.0
28,95,A,Overstocked,239947.37973092007,40562.35781938162,362215.900093327,190470.9312465905
28,96,A,Healthy,63451.493782323894,6715.920920785437,78947.9290815674,0.0
28,97,A,Healthy,62505.77932169751,13285.76151785136,65952.32621794364,0.0
28,98,A,Understocked,21760.15501796315,2924.4549833477663,19220.525649592575,0.0
28,99,A,Understocked,1588.9429398991492,836.4510293728334,1446.5898358306918,0.0
29,1,B,Understocked,27195.82177465654,2737.0727823488496,26229.863140654823,0.0
29,2,B,Understocked,56601.895675525186,4906.894375525185,55651.30435216959,0.0
29,3,B,Healthy,25576.101356813164,7288.508114505471,36342.35411853732,0.0
29,4,B,Healthy,35834.722642976936,4059.0161929769347,43349.000074467935,0.0
29,5,B,Healthy,25844.612901568496,7942.848678491573,30550.28023674364,0.0
29,6,B,Understocked,7373.176504287525,2308.749319672141,6516.275342557501,0.0
29,7,B,Healthy,38373.29814123337,8837.17813738722,54793.30824707174,0.0
29,8,B,Healthy,45027.49892296877,3400.5992114303103,59780.95892761031,0.0
29,9,B,Understocked,32980.94155226096,5749.486386876342,28013.942632604445,0.0
29,10,B,Healthy,20994.12804531476,2692.8397530070642,27643.380322584806,0.0
29,11,B,Healthy,32342.847992287003,14879.047415363922,38707.36737113326,0.0
29,12,B,Understocked,5644.006384815579,768.394907892501,4851.9237202856,0.0
29,13,B,Healthy,39620.065342653594,2490.649215730527,44951.32026980304,0.0
29,14,B,Healthy,19436.615717070417,2610.7495170704187,22426.517068535744,0.0
29,16,B,Understocked,27245.39522492664,7056.902182618954,25093.428971375928,0.0
29,17,B,Healthy,16209.18554958871,2096.245188050247,24157.51605887072,0.0
29,18,B,Healthy,3540.7019895866088,1362.4169229199413,5029.50351856716,0.0
29,19,B,Healthy,63.14800204693656,31.570818713603224,81.35902110433577,0.0
29,20,B,Healthy,9075.062572744613,1468.6332073599958,10322.663692718977,0.0
29,21,B,Healthy,8041.344305422196,952.1444361914273,8850.21384422022,0.0
29,22,B,Healthy,13602.121542178089,2013.7043306396304,17345.569995014328,0.0
29,23,B,Healthy,46178.19317799441,7546.953362609791,55329.10705095743,0.0
29,24,B,Understocked,12194.184421878377,3278.3304257245304,10309.687445984919,0.0
29,25,B,Healthy,15827.944434074314,2531.327407151236,18584.015863607932,0.0
29,26,B,Healthy,9332.26253471182,1505.726827019513,12959.476321188882,0.0
29,27,B,Healthy,2660.5708954688407,403.4835262380714,3020.4001006074645,0.0
29,28,B,Understocked,1222.242486904427,258.2135292121194,1024.151571213051,0.0
29,29,B,Healthy,10161.106680287054,1607.989776440899,13961.18870918702,0.0
29,30,B,Understocked,6878.8517970454595,936.6112624300745,6514.2421162986875,0.0
29,31,B,Understocked,5501.953445272077,1548.9718337336149,5440.294205495574,0.0
29,32,B,Understocked,9462.387129491366,2460.9310910298277,8707.625857163239,0.0
29,33,B,Healthy,9752.102230755241,2126.2118961398564,10152.494266260685,0.0
29,34,B,Healthy,26847.555149572163,5630.254430341393,36309.401401610834,0.0
29,35,B,Healthy,6328.850288989401,1270.9178428355558,7462.674434515027,0.0
29,36,B,Understocked,4263.417063361448,1707.9119902845248,4048.3845044186473,0.0
29,38,B,Healthy,100559.41818953076,13555.603524146156,144887.61435923947,0.0
29,40,B,Healthy,66672.1296936185,7924.550416695405,96147.52847681657,0.0
29,41,B,Healthy,2479.1236178803865,593.472529418848,3558.8371146708355,0.0
29,42,B,Understocked,9113.747635750937,1124.507158827862,8879.717845641242,0.0
29,43,B,Healthy,5894.495134892643,5885.410634892643,6657.2706347454105,0.0
29,44,B,Overstocked,4253.672169724519,646.7236274168272,6461.508589868479,6723.02782838112
29,46,B,Healthy,27330.29758195236,2855.639616567743,37266.74948717024,0.0
29,49,B,Understocked,231.1930962333012,183.0318962333012,189.53954875440334,0.0
29,51,B,Understocked,5907.256034892644,5885.410634892643,5006.986385029278,0.0
29,52,B,Healthy,2085.832910777471,436.01565308516297,2375.0751625131284,0.0
29,54,B,Healthy,278.27897773211293,251.95699537917176,407.3254968626818,0.0
29,55,B,Healthy,8482.546788169588,1776.1742227849734,10121.818570919306,0.0
29,56,B,Healthy,14265.390551344619,5106.888762883081,16596.400030446774,0.0
29,58,B,Understocked,3215.8538747009816,1289.6391913676484,2820.2903446405285,0.0
29,59,B,Healthy,419.1627627832047,120.2499781678201,536.2975773897764,0.0
29,60,B,Healthy,703.778455522135,253.94385936828886,985.3850640500855,0.0
29,67,B,Healthy,16158.630123737106,4925.947562198646,17414.262419868,0.0
29,71,B,Healthy,6682.586484521298,1539.0570652905296,9129.727276343581,0.0
29,72,B,Overstocked,62189.35430901209,12973.133947473616,93537.0151043215,20997.642186679994
29,74,B,Understocked,19946.250736379654,3014.506163302731,18923.995715464076,0.0
29,79,B,Healthy,18351.947788389258,1935.1684730046416,21692.564420207524,0.0
29,80,B,Healthy,308.20320349112393,236.0284817519935,311.1652549165625,0.0
29,81,B,Healthy,12234.822080091322,1333.0478685528606,16869.17357324709,0.0
29,82,B,Healthy,21802.710646393745,2676.5278425475926,26635.132267250956,0.0
29,83,B,Healthy,1871.9793922153817,398.13481144615037,2364.7689158432668,0.0
29,85,B,Healthy,4084.2073129477217,902.997297563107,5646.324047797849,0.0
29,87,B,Healthy,21069.418430192753,2991.1280994235244,22945.82807355852,0.0
29,90,B,Healthy,23574.687274898035,1999.1313018211122,34608.01221939303,0.0
29,91,B,Healthy,10499.508059251084,1051.5055784818546,12485.081295249824,0.0
29,92,B,Understocked,56982.91718956147,4974.956885715317,52156.86416185168,0.0
29,93,B,Healthy,4228.4812336144805,1181.0552836144805,5530.8803309075065,0.0
29,94,B,Healthy,1938.5252934424773,1403.1530511347848,2673.3829850124534,0.0
29,95,B,Healthy,72552.61347628619,6377.595976286189,74818.86867090668,0.0
29,96,B,Healthy,5950.797034892644,5885.410634892643,8484.294467985466,0.0
29,97,B,Healthy,5147.696690480559,734.9549443267123,7523.279314955529,0.0
29,98,B,Healthy,748.2864960069356,227.87026908385883,749.8880354751809,0.0
29,99,B,Overstocked,5960.405334892644,5885.410634892643,9047.720509970008,8890.33813337647
30,1,C,Understocked,18878.697991691428,1242.6065070760437,17042.16721599995,0.0
30,2,C,Understocked,26788.362390199833,1422.5470632767522,25381.208233734837,0.0
30,3,C,Understocked,2974.259388792435,1391.7213618693581,2779.3982051932558,0.0
30,4,C,Healthy,26964.97484523478,1431.6651875424743,39169.65920703833,0.0
30,5,C,Healthy,1647.1516335149493,745.727168130334,2104.4562106538297,0.0
30,6,C,Understocked,127.50358013052076,61.731443766884375,116.16036778915596,0.0
30,7,C,Healthy,965.161694531778,281.57870607023966,1082.3671621539495,0.0
30,8,C,Healthy,25174.444044988424,1674.9283757576516,31447.09879926222,0.0
30,9,C,Understocked,298.2734470308586,122.20215856932019,256.79219546782065,0.0
30,10,C,Healthy,614.9092919009692,163.477218824046,888.0298312299777,0.0
30,11,C,Healthy,1785.927258331497,360.27804679303557,2476.421351615915,0.0
30,12,C,Healthy,303.03251500188037,106.82295730957276,354.18468981233167,0.0
30,13,C,Overstocked,23272.20346261289,1403.365854920578,35047.99494611659,11594.249432371718
30,14,C,Healthy,2034.6851978433535,365.35816707412306,2248.256977235023,0.0
30,16,C,Overstocked,5002.803655516863,1324.6296209014786,7596.25973651408,7640.503018819184
30,17,C,Healthy,3209.0521915736886,3156.6436772879742,4131.916552507323,0.0
30,18,C,Healthy,3803.5496915736885,3156.6436772879742,4805.062472973019,0.0
30,20,C,Understocked,185.17003575031407,62.405885750314084,170.56883654349917,0.0
30,21,C,Healthy,2905.8182733410913,443.4757887257067,4195.44152964219,0.0
30,22,C,Healthy,210.49321991841578,75.30181991841579,234.0826629861328,0.0
30,23,C,Understocked,3198.9235772879742,3156.6436772879742,2937.988616580729,0.0
30,25,C,Understocked,216.26653179553654,66.3903087186135,175.0036322088105,0.0
30,26,C,Healthy,3182.7354439546407,3156.6436772879742,3846.7229607814998,0.0
30,28,C,Healthy,153.8276956429769,50.582264873746134,182.28608455888042,0.0
30,31,C,Healthy,346.9358674912996,226.7821554912996,459.7344822900862,0.0
30,32,C,Healthy,260.1048381373827,88.3580304450751,377.12298205981494,0.0
30,33,C,Understocked,3203.2342772879742,3156.6436772879742,2748.2686842831517,0.0
30,38,C,Healthy,134498.77750884194,13821.778085764994,179420.35211010816,0.0
30,40,C,Understocked,52117.74534085127,5801.240221620499,48824.462495388514,0.0
30,41,C,Healthy,3194.145143954641,3156.6436772879742,4556.349824070252,0.0
30,42,C,Healthy,214.46363711728196,53.87549096343585,299.802228049193,0.0
30,44,C,Healthy,3172.520677287974,3156.6436772879742,3790.462481813467,0.0
30,46,C,Healthy,13214.680793658312,1391.6857590429277,17423.25589988182,0.0
30,49,C,Healthy,3186.561977287974,3156.6436772879742,3280.4877481364574,0.0
30,52,C,Healthy,77.57508633621232,31.051802336212308,88.7422190891222,0.0
30,56,C,Healthy,506.54305052112903,233.48542878199868,709.056396645398,0.0
30,59,C,Healthy,88.18781822573354,32.730187456502776,100.11641946036028,0.0
30,60,C,Healthy,1439.7556484794281,277.84696771019725,1527.8582324520082,0.0
30,67,C,Healthy,4574.025959934579,1773.920302242272,5309.415379263002,0.0
30,72,C,Healthy,187.00847223343226,69.10883377189383,262.67620573528546,0.0
30,74,C,Healthy,477.7907377879366,210.80877240332126,499.14887942437076,0.0
30,79,C,Understocked,14528.154387795628,2352.77387625717,13465.361244010657,0.0
30,80,C,Healthy,14776.858036013247,1414.7173052440166,19502.057400408266,0.0
30,81,C,Healthy,23530.019905125497,1228.3651820485713,33011.77308804183,0.0
30,82,C,Understocked,9848.788662506508,1078.2667240449696,8602.575727984453,0.0
30,83,C,Understocked,3648.239307468139,451.21086516044625,3557.4277078847176,0.0
30,85,C,Understocked,179.57644478220288,78.06460632066442,162.27237820711457,0.0
30,87,C,Healthy,1053.9929618920369,306.96840035357536,1110.9056627532498,0.0
30,90,C,Healthy,72820.78173982244,2589.6635398224257,82196.90994092406,0.0
30,91,C,Healthy,65445.03257812308,2701.9958665845984,88131.10979558018,0.0
30,92,C,Healthy,111825.14929641092,7706.049188718607,142614.83283930388,0.0
30,93,C,Healthy,48938.92029177033,3371.152757154958,61334.065013034626,0.0
30,94,C,Healthy,55323.48054883217,3434.0076026783304,58489.848647463885,0.0
30,95,C,Healthy,96268.05684710844,4099.152316339234,136147.74571587026,0.0
30,96,C,Healthy,42493.690853831,3316.1440038310034,48614.46645526537,0.0
30,97,C,Overstocked,27610.634526517424,1197.727464978964,41823.114904064736,33794.53848595349
30,98,C,Healthy,7152.545186280169,647.161609357094,9033.119267063883,0.0
30,99,C,Understocked,3524.965060621307,3156.6436772879742,3144.8795742514194,0.0
31,1,A,Healthy,33718.48268637644,3138.83855176105,43618.55358552358,0.0
31,2,A,Healthy,127720.72391844734,6821.819141524249,132488.01888056129,0.0
31,3,A,Healthy,45037.90033366803,17930.265449052655,58595.15745979742,0.0
31,4,A,Understocked,76250.08709484506,3579.1534140758354,64876.47451319701,0.0
31,5,A,Understocked,35822.67255842286,7031.483585345934,33231.38398290387,0.0
31,6,A,Healthy,6790.416955131425,2136.0693359006573,9674.226902273567,0.0
31,7,A,Understocked,41272.033934815365,4894.376623276901,39862.225690194995,0.0
31,8,A,Healthy,54209.79402443285,3183.5348244328643,76492.18892180777,0.0
31,9,A,Healthy,27548.348239514187,3769.209362591116,27655.002897600723,0.0
31,10,A,Healthy,48576.59098540181,5188.814985401816,61658.451254011525,0.0
31,11,A,Healthy,28988.542501615386,5038.432747769235,37880.19578527093,0.0
31,12,A,Healthy,6805.640340823526,830.0731100542962,7991.441296969617,0.0
31,13,A,Healthy,91292.72788814054,2663.3494227559345,93381.2128166961,0.0
31,14,A,Understocked,35988.96459444129,3342.474521364359,34377.752856224324,0.0
31,16,A,Understocked,26925.340803578812,7592.599226655732,22192.625961193273,0.0
31,17,A,Healthy,17869.78658446405,2783.0033806178994,18260.793113571202,0.0
31,18,A,Healthy,5792.68240241493,2689.0642624149305,7396.148081846583,0.0
31,19,A,Healthy,328.3907932922772,190.08455098458487,487.648019120414,0.0
31,20,A,Healthy,15588.555118092076,2192.7367142459193,22384.842030820775,0.0
31,21,A,Healthy,9482.290047678092,1173.1895515242468,12888.587374827206,0.0
31,22,A,Healthy,17886.423208689717,2408.0661086897194,24603.965654164527,0.0
31,23,A,Healthy,46716.252801954106,5405.47024041565,60050.892329558665,0.0
31,24,A,Understocked,12811.315322266735,3343.7944068821203,12683.322672572984,0.0
31,25,A,Healthy,20713.368118535975,2545.2860839205896,30288.171672039753,0.0
31,26,A,Healthy,16686.971798623963,3868.092217854734,21520.09599533408,0.0
31,27,A,Healthy,2056.1840094586746,350.38516330482867,2486.1766240481643,0.0
31,28,A,Understocked,971.5891637721527,184.32072915676824,855.9917318915902,0.0
31,29,A,Healthy,9324.922112189635,960.3788891127108,10503.131121598482,0.0
31,30,A,Healthy,7688.579260211208,1060.1074794419774,8734.699179216732,0.0
31,31,A,Healthy,7083.613431446392,1942.0056122156218,10137.58185478794,0.0
31,32,A,Healthy,13987.51575824518,2807.107077475951,16771.775540284303,0.0
31,33,A,Healthy,12867.24289516879,3122.1234490149436,13866.929886707234,0.0
31,34,A,Overstocked,31923.987164111,4147.46814488023,48303.0433702586,34616.197799644084
31,35,A,Understocked,4259.5980481175675,809.1646519637219,3751.9648514440655,0.0
31,36,A,Healthy,6075.216140508659,1988.696067431736,6734.13622564085,0.0
31,37,A,Understocked,6348.205538134911,758.6257150579903,5273.314761740777,0.0
31,38,A,Healthy,178192.86572407736,18215.708016385037,238801.6065968365,0.0
31,40,A,Healthy,121571.71483274543,5956.182201976199,178734.23464916358,0.0
31,41,A,Healthy,3962.997144010652,1153.2511555491135,3980.5423253827416,0.0
31,42,A,Healthy,13011.773122352011,1635.120226198166,18562.45792465924,0.0
31,44,A,Healthy,5242.270267208005,917.8489441310819,5312.093680759581,0.0
31,45,A,Healthy,7854.570273288643,7820.049223288643,11505.863231966925,0.0
31,46,A,Healthy,58031.35571127499,3867.932022813463,78365.08950589375,0.0
31,47,A,Healthy,7820.049223288643,7820.049223288643,10850.959127623733,0.0
31,49,A,Understocked,20927.015815543615,4166.1625809282295,17016.69378833384,0.0
31,52,A,Overstocked,1933.9030741223978,519.2767164300898,2906.369253117828,457.715280541202
31,54,A,Healthy,279.43160557128436,183.3253950449686,371.77531914351806,0.0
31,55,A,Healthy,13532.39810916226,1843.1386668545688,13836.44808461677,0.0
31,56,A,Healthy,4372.172017401486,1267.6572674014872,6144.904599828081,0.0
31,58,A,Healthy,13755.980585748883,6921.8068511335,13831.782570706058,0.0
31,59,A,Healthy,597.639462979839,165.6487437490698,858.8738296579533,0.0
31,60,A,Understocked,1007.8577968786472,427.8706314940317,889.1157052071061,0.0
31,67,A,Healthy,18662.66966294684,6294.098951408377,24516.976759330515,0.0
31,71,A,Healthy,13280.336349520749,2844.3464495207463,15866.149152084663,0.0
31,72,A,Understocked,90983.90080892721,14283.172720465682,79198.77098960192,0.0
31,74,A,Understocked,33189.535524212144,3557.3190703659884,32412.319397811334,0.0
31,79,A,Understocked,89121.78127116128,14642.578409622796,72104.4179767591,0.0
31,80,A,Healthy,44079.21109441876,3485.901621341842,50347.30201146315,0.0
31,81,A,Healthy,56201.31558903494,3248.822789034937,57321.050388297495,0.0
31,82,A,Healthy,41422.194732575816,4159.607736421967,51231.010357082094,0.0
31,83,A,Healthy,20494.238162008474,2554.6634158546285,20842.30409761837,0.0
31,85,A,Healthy,3311.7376009967356,915.0082663813511,3374.465061947095,0.0
31,87,A,Healthy,21448.340687088326,2675.946406319094,28795.06302325799,0.0
31,90,A,Understocked,187143.11383271572,6218.626209638805,156291.4992367931,0.0
31,91,A,Healthy,155336.18266350604,9718.848351967546,226653.09731715362,0.0
31,92,A,Healthy,285032.8108601182,19016.631621656652,405360.16111803934,0.0
31,93,A,Healthy,132289.66438688766,7171.101006118424,170322.6014261197,0.0
31,94,A,Healthy,162883.02926154132,12458.634250002835,200843.2036537694,0.0
31,95,A,Healthy,244642.9659284757,15330.252393860348,355070.1093874796,0.0
31,96,A,Understocked,71003.22070660957,6807.132710455726,66408.67550297886,0.0
31,97,A,Understocked,70551.18663578956,4882.446724251085,60508.048021775525,0.0
31,98,A,Understocked,21460.718782412634,2061.7505747203227,20920.819119358326,0.0
31,99,A,Healthy,1795.4338411779734,1040.7914611779736,2477.7743666039623,0.0
32,1,A,Understocked,46444.905425102734,3473.9098327950487,38331.41213927965,0.0
32,2,A,Healthy,110909.5763743069,5675.152581999226,135914.0283060726,0.0
32,3,A,Overstocked,55340.33513113324,16301.372234979392,84486.39550104146,122499.10276035355
32,4,A,Healthy,63077.39458105047,4457.007373358161,89863.72417613184,0.0
32,5,A,Healthy,41999.06640263899,9194.376698792841,49586.42256935464,0.0
32,6,A,Understocked,10931.006499933133,2936.8699576254417,9252.636410890485,0.0
32,7,A,Healthy,49672.98592816052,6377.9030550836005,69885.05630575091,0.0
32,8,A,Healthy,51727.37935655752,2930.925929634444,63999.92310404846,0.0
32,9,A,Understocked,66089.02357564881,7609.7136679565065,58416.15983369052,0.0
32,10,A,Understocked,56603.62736682462,6211.36052836307,49161.14571979602,0.0
32,11,A,Healthy,38107.55243102152,7845.946234867676,55790.507696287816,0.0
32,12,A,Healthy,8217.14942454982,946.3190783959752,10587.930085162317,0.0
32,13,A,Healthy,64068.93511432329,2733.627687400221,90041.15925116939,0.0
32,14,A,Healthy,30904.566864503868,1885.8381760423297,44553.71089487392,0.0
32,16,A,Healthy,52811.66997604639,11538.23139527716,64292.6004940339,0.0
32,17,A,Healthy,24786.720973162213,3032.819769316054,29192.209566388825,0.0
32,18,A,Healthy,13716.752874619666,6074.643412119666,15283.370784715678,0.0
32,19,A,Healthy,5074.553357799005,1710.3776539528512,5233.747217301608,0.0
32,20,A,Healthy,12157.448006835883,1392.3377645281905,13582.970198096798,0.0
32,21,A,Healthy,10438.06147359376,1247.6707351322223,14247.24567523772,0.0
32,22,A,Healthy,19911.702878443193,2868.5136092124208,24678.646277935426,0.0
32,23,A,Healthy,43073.57932899328,4100.276863608669,62523.10955817083,0.0
32,24,A,Healthy,9758.298548258039,1803.5216482580402,10965.082060575862,0.0
32,25,A,Healthy,17878.78039365284,2095.9811013451476,22226.45983266938,0.0
32,26,A,Healthy,13322.200992657585,1913.8298465037387,16797.357254772323,0.0
32,27,A,Healthy,2685.843860246282,508.07540255397384,3308.795607266108,0.0
32,28,A,Healthy,1211.9027082648672,221.327692880252,1591.1345205520042,0.0
32,29,A,Understocked,7390.268053398409,963.6417803214861,7193.143235299403,0.0
32,30,A,Healthy,6047.959908616199,780.7807316931219,7100.459504106546,0.0
32,31,A,Understocked,6787.692613460569,1826.7466942298006,5946.5896154064285,0.0
32,32,A,Healthy,12061.720915874706,1444.991215874708,13035.020608522022,0.0
32,33,A,Healthy,8744.557737357973,1614.9660565887446,10108.682161748111,0.0
32,34,A,Healthy,28134.937125806955,4103.689979653112,35903.660330639206,0.0
32,35,A,Healthy,5333.887031064217,891.1414502949876,7968.228060281133,0.0
32,36,A,Healthy,4834.7662491069095,1509.2134644915247,5987.738477233312,0.0
32,37,A,Healthy,6284.414034788439,709.3941655576688,8438.859219223137,0.0
32,38,A,Healthy,149805.30299640392,18062.973711788498,175208.4209179394,0.0
32,40,A,Healthy,124860.64118620634,5628.034574667861,157685.99718254223,0.0
32,41,A,Understocked,11346.088574965566,4049.2690441963355,9664.377201135301,0.0
32,42,A,Understocked,15775.250935657788,1439.8153356577836,15549.757195826363,0.0
32,44,A,Healthy,10229.724115813817,1616.679058121509,10885.98913182903,0.0
32,45,A,Healthy,201.9911327729421,112.99754453764803,231.26371786233477,0.0
32,46,A,Understocked,61951.796692328564,3950.4192461747352,51625.893268318025,0.0
32,47,A,Understocked,7820.049223288643,7820.049223288643,7055.3859734097805,0.0
32,48,A,Healthy,7848.752673288643,7820.049223288643,7865.03447657645,0.0
32,49,A,Overstocked,11924.40796243557,2578.422804743265,17996.541443205726,9124.148462846755
32,52,A,Healthy,5852.248465253215,848.9274229455227,6097.360032265677,0.0
32,54,A,Healthy,172.80384110165204,81.14210473801568,199.0510117609666,0.0
32,55,A,Understocked,17875.138220533612,4678.403266687463,16858.960391975255,0.0
32,56,A,Healthy,25226.48289467012,9381.570933131656,31428.90441697683,0.0
32,58,A,Healthy,8629.011099336969,4515.170441644662,8671.282444391576,0.0
32,59,A,Understocked,850.125054856227,223.5408663946886,808.5578351678353,0.0
32,60,A,Healthy,1883.6735300327955,518.0591492635643,2217.268380202741,0.0
32,67,A,Understocked,23847.415875092513,5808.97144432328,19173.781030155413,0.0
32,71,A,Understocked,13095.168782531991,2956.8096440704535,10549.399140825995,0.0
32,72,A,Understocked,104827.60085025923,25106.02738487462,100626.13478607534,0.0
32,74,A,Understocked,34834.03157478954,3676.0816670972285,28801.007023432343,0.0
32,77,A,Understocked,8774.315123288643,7820.049223288643,7711.3840645976325,0.0
32,79,A,Healthy,33275.58254332503,2889.581077940413,34851.789455322156,0.0
32,80,A,Healthy,38179.324770514475,2039.7226782067708,52912.250717706054,0.0
32,81,A,Healthy,36503.68487956838,2021.938960337613,44446.72279539112,0.0
32,82,A,Healthy,40610.94235786583,4582.907965558141,47687.29509760722,0.0
32,83,A,Healthy,7835.66651932423,589.7335962473077,7947.300013899038,0.0
32,85,A,Healthy,5025.176466889743,1070.4442668897427,7438.166784108262,0.0
32,87,A,Healthy,20446.977118417297,4516.268649186529,22283.54464334022,0.0
32,90,A,Understocked,127450.14718896012,4545.401908190843,110063.10749263495,0.0
32,91,A,Healthy,101620.82658895347,5168.366235107331,127072.6321537902,0.0
32,92,A,Understocked,210301.9141396328,8935.10781270969,185718.04670872452,0.0
32,93,A,Healthy,70021.20688494483,5763.588411867903,73663.21251357518,0.0
32,94,A,Healthy,107464.7849127518,5354.618231982584,125777.9357754258,0.0
32,95,A,Healthy,185591.58343454386,8156.631276851528,266914.55686787557,0.0
32,96,A,Healthy,6154.343478043705,892.1483703513965,7140.817062248661,0.0
32,97,A,Healthy,37346.45887789728,2036.2143855895915,49022.78813520627,0.0
32,98,A,Overstocked,16351.736269115816,1126.3331383465857,24932.412769133167,33599.094333133915
32,99,A,Understocked,982.3521148926077,533.1286306820815,880.1747808766056,0.0
33,1,A,Healthy,5971.204793157464,518.3164123882323,5974.512921995912,0.0
33,2,A,Healthy,17967.886978537204,1476.8576900756625,19549.789364294244,0.0
33,3,A,Healthy,2290.9433980103054,1339.049578779536,2538.215389332566,0.0
33,4,A,Healthy,14185.603355117479,1284.3199205020958,15604.807503440956,0.0
33,5,A,Healthy,235.91599637921865,103.06459637921867,345.0403635181709,0.0
33,7,A,Healthy,2346.425633892036,1412.4216300458818,3100.2003924149362,0.0
33,8,A,Healthy,9617.202867845004,923.1775947680832,11961.596165157669,0.0
33,9,A,Healthy,203.0833056111587,74.92466330346642,208.33140146184894,0.0
33,10,A,Healthy,378.87482811042617,103.74064349504155,530.9426738495723,0.0
33,11,A,Healthy,601.176219971263,155.56391612510916,900.077533718018,0.0
33,12,A,Healthy,101.01226424449513,36.7369373214182,141.36411287288112,0.0
33,13,A,Understocked,16397.927857313236,1283.4384765440116,13137.07735772437,0.0
33,14,A,Healthy,1870.4981794089115,315.64506017814205,2365.381494667151,0.0
33,16,A,Understocked,1086.7045966517176,450.26245819017925,909.929086788583,0.0
33,17,A,Understocked,608.9886760384485,121.02915680767929,601.7132532665129,0.0
33,18,A,Understocked,1327.1240345500212,634.1892970500212,1119.3667897910855,0.0
33,20,A,Healthy,213.79669227248365,95.07496150325285,265.27266739230083,0.0
33,21,A,Healthy,387.12637366363606,94.24186597132837,503.73295521613727,0.0
33,22,A,Understocked,144.5279677082506,54.53337604158393,127.70144009649009,0.0
33,23,A,Healthy,30.03361089145106,11.891230891451057,32.44237810377979,0.0
33,24,A,Healthy,7859.030573288643,7820.049223288643,8904.695429579335,0.0
33,25,A,Healthy,26.33294155421244,11.56565064512153,28.160676949648018,0.0
33,26,A,Understocked,511.10316653023057,195.46022422253833,454.037603737617,0.0
33,31,A,Healthy,200.773656017127,97.02657268379369,222.02191086055365,0.0
33,32,A,Healthy,124.89096505231319,55.15944838564653,168.39797850319195,0.0
33,33,A,Understocked,7853.2020232886425,7820.049223288643,6689.637019021456,0.0
33,38,A,Understocked,47650.101926265794,10234.03001857348,40909.10920673269,0.0
33,40,A,Healthy,15123.517215460814,1743.0332769992785,16015.54828230058,0.0
33,41,A,Healthy,134.7387272919245,58.5682722919245,200.41843623791922,0.0
33,42,A,Healthy,266.2844728869129,96.747269040759,342.9898541275605,0.0
33,44,A,Healthy,7831.401623288642,7820.049223288643,10145.025308895727,0.0
33,46,A,Healthy,4655.1776226807715,477.2255534500021,4954.047443205577,0.0
33,49,A,Healthy,8061.845943288643,7820.049223288643,9943.258098775595,0.0
33,52,A,Understocked,121.76006768088492,67.9380876808849,98.30856291132898,0.0
33,55,A,Healthy,103.46638707846597,40.388829183729115,130.81773828530362,0.0
33,59,A,Healthy,7880.897789955309,7820.049223288643,11558.908625290722,0.0
33,60,A,Healthy,317.4790972081335,103.4212433619797,395.9531461102577,0.0
33,67,A,Healthy,1914.0821544453272,386.9753582914807,2752.067270422339,0.0
33,74,A,Healthy,881.971138457649,162.1120961499567,1171.6989489238474,0.0
33,79,A,Understocked,27395.048906446398,2951.5395949079366,24327.01283598498,0.0
33,80,A,Healthy,16020.927694212136,1653.7992826736745,23371.18375927293,0.0
33,81,A,Understocked,19676.76551177407,1298.1440348509907,16695.814369334516,0.0
33,82,A,Healthy,7541.952857955704,883.752573340318,8973.387265479565,0.0
33,83,A,Understocked,4768.293766667511,828.8175358982811,4309.393653153375,0.0
33,87,A,Understocked,995.6928041460712,253.52470414607097,805.0632606048183,0.0
33,90,A,Healthy,54999.46361513816,3428.358438215073,60944.08118409976,0.0
33,91,A,Healthy,26278.72274505259,3202.6129719756595,26682.882053153884,0.0
33,92,A,Healthy,73339.58762442373,5291.774205192946,84691.11543381821,0.0
33,93,A,Healthy,48940.42112890499,6696.196813520369,59773.672941735975,0.0
33,94,A,Understocked,59200.83271044557,6503.042729676326,49250.92050530708,0.0
33,95,A,Understocked,63782.25466391668,4078.0632985320613,56752.96580181441,0.0
33,96,A,Healthy,24173.90169564591,2061.8005494920694,29197.45481012995,0.0
33,97,A,Healthy,12853.595833157236,1544.3937062341608,13502.858822921235,0.0
33,98,A,Healthy,14263.050273857833,1350.317254627064,19002.614040322143,0.0
33,99,A,Healthy,8158.685263288643,7820.049223288643,10411.893060966233,0.0
34,1,A,Healthy,38358.541182362125,3076.881113131352,54365.22228655511,0.0
34,2,A,Healthy,75403.29746550658,5060.012338583521,98440.49507191569,0.0
34,3,A,Healthy,31790.992186430412,11133.185728738104,35410.38668021441,0.0
34,4,A,Healthy,42887.061863670766,2301.726229055385,55378.589142711986,0.0
34,5,A,Healthy,41713.12591220417,7375.034773742625,41756.01773452717,0.0
34,6,A,Healthy,8650.351275206023,2898.3017021291007,8854.576156446137,0.0
34,7,A,Healthy,39213.10598747427,7432.947879781966,53955.632639897856,0.0
34,8,A,Healthy,57124.47873536204,2927.203189208188,64315.664973654566,0.0
34,9,A,Healthy,44572.80062545702,7700.858406226257,61636.0553514482,0.0
34,10,A,Healthy,42095.118685167436,5050.622862090507,58948.67117123336,0.0
34,11,A,Healthy,36264.40685702798,4750.603164720287,51713.787833917726,0.0
34,12,A,Healthy,12069.024835859915,1163.913335859915,17731.132070245974,0.0
34,13,A,Healthy,51192.65180774579,3333.3221731304093,57060.313165652486,0.0
34,14,A,Healthy,20761.249508044486,2496.3790080444874,21441.65331618665,0.0
34,16,A,Healthy,46756.33672438927,8752.45262054312,57276.75024398981,0.0
34,17,A,Healthy,14678.914911769727,1730.5534963851092,15720.470076918278,0.0
34,18,A,Healthy,6142.5466596917795,1647.220859691781,7609.289392072651,0.0
34,19,A,Healthy,324.3162493242997,197.65501296066336,426.5010606601336,0.0
34,20,A,Healthy,6738.408241934596,1010.4462034730566,8777.017050337161,0.0
34,21,A,Healthy,8975.594609165135,883.6879437805197,9634.615145049187,0.0
34,22,A,Understocked,12264.8652863366,1363.437620951985,11305.850292774176,0.0
34,23,A,Healthy,29510.94793652597,4276.4572557567335,32883.64844074955,0.0
34,24,A,Understocked,7530.918840535686,1808.326244381841,6808.656468566599,0.0
34,25,A,Healthy,12182.680319197016,1272.8563230431707,17662.09462723547,0.0
34,26,A,Healthy,9694.398173120757,1747.8629577361423,10203.262429652139,0.0
34,27,A,Understocked,1562.4290372792666,377.67122958695876,1426.1158775547651,0.0
34,28,A,Understocked,578.7431579735052,172.6479695119667,473.7457597385844,0.0
34,29,A,Healthy,4610.286474367254,869.0571089826382,5861.750314502123,0.0
34,30,A,Healthy,4550.9109971186035,695.483024041681,5756.623402929317,0.0
34,31,A,Healthy,3406.2576958212417,1407.4976919750882,3571.941618118796,0.0
34,32,A,Understocked,12052.197675721685,3453.6076834139944,10272.686818443977,0.0
34,33,A,Healthy,8300.952488169312,1944.835453553928,9122.988286379285,0.0
34,34,A,Healthy,16503.43399453863,2223.2711406924773,16952.142088669694,0.0
34,35,A,Healthy,3880.68393331253,839.27048331253,5022.761713549809,0.0
34,36,A,Healthy,2518.017323068649,821.8593576840334,3127.9285886314206,0.0
34,37,A,Healthy,5269.196024351368,661.7439012744437,5617.7713703600975,0.0
34,38,A,Understocked,106952.96653044716,11088.106080447178,102574.47941995907,0.0
34,40,A,Overstocked,75642.61397074228,2389.6870245884465,115072.55609588911,133516.7166013815
34,41,A,Healthy,2732.3296778673302,1372.094570175023,3091.415677771503,0.0
34,42,A,Healthy,9999.918569547712,1194.4891810861736,13024.295862901807,0.0
34,44,A,Understocked,8783.370627647455,2038.2983353397635,7927.90253126918,0.0
34,45,A,Healthy,7857.191323288643,7820.049223288643,9070.97401626569,0.0
34,46,A,Understocked,36511.070100493445,2435.4709158780697,29942.794510323703,0.0
34,47,A,Healthy,8284.439998288643,7820.049223288643,9684.36319382555,0.0
34,48,A,Overstocked,12010.220239356539,8145.211908921756,18060.16099454687,3720.942747501158
34,49,A,Healthy,10783.567671633871,3602.0374754800264,11651.331072553321,0.0
34,51,A,Understocked,7836.588966145786,7820.049223288643,6492.35604988044,0.0
34,52,A,Understocked,3327.4752827223915,838.4425673377764,2737.173605451017,0.0
34,54,A,Healthy,91.88847186065043,49.41839186065041,99.53638013430881,0.0
34,55,A,Understocked,19411.853061887687,4197.1365272723015,17797.140253098998,0.0
34,56,A,Understocked,9470.133269483347,2543.484623329501,7737.544264561983,0.0
34,59,A,Healthy,607.9405961027558,174.3929499489096,821.9575342117041,0.0
34,60,A,Healthy,222.91220951344837,71.77079028267913,252.94334283726891,0.0
34,65,A,Healthy,104846.22432681065,11768.292899887572,106015.12170219808,0.0
34,67,A,Healthy,19916.568522968802,6295.987492199575,29019.649743746355,0.0
34,71,A,Understocked,5345.104693915833,1075.5682631466025,4729.249433092131,0.0
34,72,A,Healthy,72247.50532579236,10690.130279638495,108213.81226139536,0.0
34,74,A,Healthy,16446.601130716914,1676.6948345630674,16926.7712239624,0.0
34,79,A,Healthy,32400.741066398296,2407.4511202444437,46933.59711782363,0.0
34,80,A,Healthy,25403.272189784744,1408.7600013232,31503.824816280452,0.0
34,81,A,Healthy,36040.240020761295,1849.4239092228345,50582.346137178574,0.0
34,82,A,Overstocked,36595.04695024415,2840.221011782614,55563.34333255731,55674.15129686023
34,83,A,Healthy,6710.58718312938,999.1904600524564,6781.289725740547,0.0
34,85,A,Overstocked,4815.871914442217,1338.189029826831,7231.652466361969,651.1013599875241
34,87,A,Healthy,18050.556475475405,3419.8134947061767,19572.611586661584,0.0
34,90,A,Healthy,95450.48068927313,3829.438508503898,103222.41108297935,0.0
34,91,A,Healthy,76244.98349111479,4270.542625730174,79941.53746835723,0.0
34,92,A,Healthy,148608.0144012259,7449.534501225852,177620.39346302024,0.0
34,93,A,Understocked,70641.08413981904,5949.689547511343,64461.81757623774,0.0
34,94,A,Healthy,85534.91867466651,4948.057447743436,103001.9517543414,0.0
34,95,A,Healthy,156810.29608929902,8744.582150837463,187458.0080511572,0.0
34,96,A,Healthy,45326.99349150997,4485.090083817657,61471.93929901872,0.0
34,97,A,Healthy,40573.780422377495,2876.5917031467247,57150.78560639063,0.0
34,98,A,Healthy,16904.914275740102,1950.9444142016405,18959.236408073684,0.0
34,99,A,Healthy,915.9106618862548,510.4090493862548,934.8730094713405,0.0
35,1,B,Understocked,30456.087830266053,2571.764811035288,30130.64854361684,0.0
35,2,B,Understocked,99544.3563502277,6974.371984843066,93778.28940547691,0.0
35,3,B,Understocked,52749.18971161185,14164.132142381071,44419.18194166692,0.0
35,4,B,Healthy,41486.06676875888,3742.460061066574,43559.83180678442,0.0
35,5,B,Understocked,41046.82426099253,7364.055049454058,40935.21036265071,0.0
35,6,B,Overstocked,12000.9873364034,2527.9515556341676,18067.302720030588,5463.202380315583
35,7,B,Healthy,57839.83854549106,9356.188080106444,69820.0564163523,0.0
35,8,B,Healthy,38328.54818567198,3476.562243364283,40379.59459724614,0.0
35,9,B,Healthy,41194.920415134664,7283.90716513466,50411.92746945233,0.0
35,10,B,Understocked,32861.08065053854,3508.5115197693135,29627.99696175401,0.0
35,11,B,Healthy,79533.37027123303,42529.18835969457,89407.59223999194,0.0
35,12,B,Healthy,4951.8737328764655,718.453794414927,6225.253285716773,0.0
35,13,B,Healthy,68028.29335494785,4460.793735717079,78701.6208228539,0.0
35,14,B,Healthy,56457.2299834647,6414.945268080091,61724.60623701767,0.0
35,16,B,Overstocked,25830.66378186334,9064.983370324871,39404.91844167538,54690.58981707096
35,17,B,Healthy,33243.48548161416,3323.1036316141544,47958.04202605771,0.0
35,18,B,Healthy,8696.157318181222,4122.556776514556,10914.428342774552,0.0
35,19,B,Healthy,6003.397434892643,5885.410634892643,7298.002918327705,0.0
35,20,B,Healthy,25947.871478585523,3151.5867324316787,32514.814587366058,0.0
35,21,B,Understocked,7285.8967652450765,726.1231806296921,6899.4370538834,0.0
35,22,B,Healthy,42702.38224396146,3786.169513192233,46479.43155004831,0.0
35,23,B,Understocked,87583.86928084918,11553.1957193107,72589.98898121726,0.0
35,24,B,Healthy,25116.58647564051,3819.295910255897,28812.457197303233,0.0
35,25,B,Healthy,32124.614212626784,3027.95733185755,38434.14371545826,0.0
35,26,B,Understocked,28018.61942104915,3269.8955787414584,27073.195757597074,0.0
35,27,B,Overstocked,3495.2626222313775,603.3913106929159,5255.969915047913,1085.3064811702652
35,28,B,Healthy,1495.5915285055435,328.03935158246645,2189.399229329407,0.0
35,29,B,Healthy,18483.153143468513,2888.5581242377425,24530.185843864292,0.0
35,30,B,Healthy,12709.938704893604,1461.194320278223,15116.84825497573,0.0
35,31,B,Healthy,11389.932946548572,2080.5104888562637,16345.43634482407,0.0
35,32,B,Understocked,16767.83309409467,3891.986717171591,15013.518862322126,0.0
35,33,B,Healthy,22727.343305311162,2703.437286080393,31297.191505157167,0.0
35,34,B,Understocked,64562.959297554306,10184.393420631231,57533.29226413278,0.0
35,35,B,Healthy,6851.760027092996,972.9566040160732,9453.87885731975,0.0
35,36,B,Healthy,10319.246637268387,3759.8268334222325,10332.768202296922,0.0
35,38,B,Healthy,80752.08814237497,9347.6863231442,116305.30452617617,0.0
35,40,B,Healthy,73602.03011769339,4226.740913847224,109604.51676829302,0.0
35,41,B,Understocked,4791.53906915196,1313.9264460750373,4353.693296859542,0.0
35,42,B,Healthy,16919.905180445414,2018.2620227531083,19250.67612227485,0.0
35,44,B,Overstocked,4369.353068468482,889.9137184684816,6624.467008734691,5846.304700653331
35,46,B,Healthy,35158.34729578375,3121.365607322211,40533.616595722015,0.0
35,47,B,Healthy,866.4905927018742,778.6280052018743,1239.4192115266997,0.0
35,49,B,Healthy,288.915952708415,195.91761270841502,355.30133004914524,0.0
35,51,B,Healthy,5904.02180155931,5885.410634892643,6340.86529141569,0.0
35,52,B,Healthy,3829.1882339192352,904.3960608423118,3862.203477770493,0.0
35,54,B,Understocked,182.26799296129866,86.286826294632,172.85437177206512,0.0
35,55,B,Healthy,18511.044539592676,3820.6279049772947,25103.06221473894,0.0
35,56,B,Healthy,2957.321435563659,1304.9286395636589,3200.3380528261355,0.0
35,58,B,Healthy,7022.632607846305,3258.7120309232287,8239.170890960206,0.0
35,59,B,Healthy,239.689772927835,142.22714684087848,277.8957475731596,0.0
35,60,B,Healthy,239.3849911979629,79.53947196719368,292.38810575054174,0.0
35,67,B,Healthy,12284.416491658918,2285.1254301204576,17589.703611961846,0.0
35,71,B,Overstocked,25470.112067500544,4061.8347559620806,38611.15457675655,33696.87746697541
35,72,B,Healthy,162447.13355480463,26278.379085573844,178291.65389030846,0.0
35,74,B,Healthy,45416.32620009105,4000.8735423987464,63768.55555135598,0.0
35,78,B,Healthy,5995.566334892644,5885.410634892643,8142.610356550841,0.0
35,79,B,Healthy,53402.91062188808,4790.089068041928,65080.85269107289,0.0
35,80,B,Healthy,1262.274492381332,1022.3102885351782,1890.7791576186896,0.0
35,81,B,Understocked,14424.99392361914,1295.9736236191407,13651.041016781835,0.0
35,82,B,Understocked,24589.990722017625,2907.359156633003,21633.360897580485,0.0
35,83,B,Healthy,4544.05786163622,1414.6194770208353,6467.97667963092,0.0
35,85,B,Healthy,4771.284763610241,1235.9677289948559,5346.603256092382,0.0
35,87,B,Healthy,29079.283791676055,5335.547137829904,41242.77783550524,0.0
35,90,B,Healthy,28185.067620758404,3043.7667015276415,40923.47380876166,0.0
35,91,B,Understocked,16157.885904679346,1948.665108525498,13663.012073995262,0.0
35,92,B,Healthy,74189.75674470348,8756.911229318872,107198.95157243345,0.0
35,93,B,Healthy,4638.073430872373,1253.8088462569897,5228.374535159683,0.0
35,94,B,Healthy,2804.1963295889736,1785.1324348521318,3288.2446895542803,0.0
35,95,B,Healthy,98885.26935949392,12178.309421032394,124339.57703140359,0.0
35,96,B,Healthy,715.7022942230057,383.5970142230057,1056.562169962863,0.0
35,97,B,Understocked,8088.637285833117,1003.0990281408087,6583.784731206284,0.0
35,98,B,Healthy,548.2206761332206,317.0368761332207,629.4098183925363,0.0
36,1,A,Healthy,4937.800622525366,644.1368186792117,6429.199558364061,0.0
36,2,A,Healthy,26594.59154008393,1402.1018131608555,35306.34356257475,0.0
36,3,A,Healthy,2175.1239459740473,993.4247113586628,2839.730185675235,0.0
36,4,A,Understocked,18223.56559861725,1276.8004409249365,16367.27028054888,0.0
36,5,A,Healthy,562.0399251996555,196.76329827657855,572.4707002479988,0.0
36,6,A,Healthy,7866.852973288643,7820.049223288643,8353.514855945805,0.0
36,7,A,Healthy,1234.927744736432,283.2329293518169,1713.1401292522041,0.0
36,8,A,Healthy,7190.057213146653,553.1662054543475,7215.184355432094,0.0
36,9,A,Understocked,604.4557885384811,233.270019307712,576.5387704416103,0.0
36,10,A,Healthy,653.577968006623,186.27478339123837,979.6722338563649,0.0
36,11,A,Understocked,752.6727101820607,205.27209095129132,607.0081097097024,0.0
36,12,A,Overstocked,150.58174227893198,56.00306920200892,230.15052396266393,355.0665751740738
36,13,A,Healthy,23504.859746735845,1271.6507236589166,30417.158280758747,0.0
36,14,A,Healthy,3302.192992529264,691.0379386831097,4638.863220094959,0.0
36,16,A,Healthy,1561.2433770218895,470.2094808680435,1584.7746859575188,0.0
36,17,A,Understocked,663.3189065255833,145.51027191019875,537.5869090804355,0.0
36,18,A,Healthy,559.8129068649398,295.04804019827316,749.3906079452155,0.0
36,20,A,Healthy,123.60068741263655,46.819714335713456,174.144167211408,0.0
36,21,A,Healthy,526.62174339719,117.35925493565153,705.9615017517121,0.0
36,22,A,Understocked,1354.918281257823,810.3427448941867,1225.2264650014506,0.0
36,23,A,Healthy,7854.042023288643,7820.049223288643,10602.975449566371,0.0
36,24,A,Healthy,7883.034823288643,7820.049223288643,10731.282758106312,0.0
36,25,A,Healthy,52.48147569816102,23.339611412446725,67.21484054918528,0.0
36,26,A,Healthy,627.987132838058,226.5094597611349,853.6006983526801,0.0
36,31,A,Healthy,523.2133405363445,253.1532786315827,741.6667614971986,0.0
36,32,A,Healthy,62.84235654075356,30.916423207420227,78.42292505350491,0.0
36,33,A,Understocked,7848.318223288643,7820.049223288643,6786.295112292697,0.0
36,36,A,Healthy,7898.544223288643,7820.049223288643,9130.466746619059,0.0
36,38,A,Understocked,44441.43862775832,8559.696708527556,38072.27004535157,0.0
36,40,A,Healthy,21682.123414111156,1671.527598726536,23796.269486935376,0.0
36,42,A,Healthy,284.5979552329147,76.63904369445319,312.25738647439107,0.0
36,44,A,Understocked,7834.436089955309,7820.049223288643,6645.068302778231,0.0
36,46,A,Healthy,5018.490651222741,476.5148050688932,5292.695910714853,0.0
36,49,A,Understocked,8496.210623288644,7820.049223288643,7485.404653695311,0.0
36,55,A,Healthy,75.51434700983036,26.819202565385893,104.96582611122994,0.0
36,60,A,Healthy,470.84513515028436,206.7134043810536,702.4125446860771,0.0
36,67,A,Understocked,1525.4235332224584,346.8301486070739,1300.8675014126231,0.0
36,71,A,Healthy,7861.177323288643,7820.049223288643,11770.022764974363,0.0
36,72,A,Healthy,7824.597789955309,7820.049223288643,9244.612976068687,0.0
36,74,A,Healthy,1232.6814066579886,203.37384511952726,1255.7115254656346,0.0
36,79,A,Understocked,38922.85660860749,6311.812877838252,33322.220107154295,0.0
36,80,A,Healthy,39752.18550848276,4369.109881559683,46329.41181208628,0.0
36,81,A,Healthy,22713.903194092694,1346.4097825542292,31345.103444822398,0.0
36,82,A,Healthy,11506.015325618113,1508.3045140796526,15143.908186591094,0.0
36,83,A,Understocked,5603.505058806124,1126.4988664984317,4688.256494849982,0.0
36,87,A,Understocked,753.5456326420219,296.69138464202194,642.9389536603597,0.0
36,90,A,Healthy,65176.253151692865,5366.655063231342,71309.17539290462,0.0
36,91,A,Healthy,22981.48876027863,2616.2181218170895,23339.128082308256,0.0
36,92,A,Understocked,78044.51200022924,7571.598650229251,75675.1239954548,0.0
36,93,A,Healthy,42193.19720283284,5887.810014371294,42409.78687552343,0.0
36,94,A,Healthy,78765.05497775757,7945.156162372949,109211.0885703108,0.0
36,95,A,Healthy,80987.60717086591,6771.885770865934,119726.93403986272,0.0
36,96,A,Healthy,35467.563573719766,4716.014700642849,38862.69492656621,0.0
36,97,A,Healthy,12682.851725380226,1303.6530330725352,18535.493565655146,0.0
36,98,A,Healthy,16375.686457008327,2977.8831762390937,16943.789510271934,0.0
36,99,A,Healthy,7884.693623288643,7820.049223288643,9050.043456361253,0.0
37,1,C,Understocked,22817.71315718657,1378.7987379558112,22019.11985703069,0.0
37,2,C,Healthy,37280.17795154162,2404.646893849303,47254.396764223915,0.0
37,3,C,Overstocked,5078.184299763839,2028.4711420715307,7691.703405868658,6177.437366500634
37,4,C,Healthy,37501.230073647974,1856.5390121095106,46522.14947200242,0.0
37,5,C,Healthy,2680.418345251083,788.3037644818518,2844.471423931301,0.0
37,6,C,Healthy,250.35263485810265,142.29774438191214,318.6755551793482,0.0
37,7,C,Understocked,2067.9382381466403,347.5701535312557,1839.9110215352896,0.0
37,8,C,Healthy,35886.758593290346,2275.670404828811,51989.90541084272,0.0
37,9,C,Healthy,646.5665508118993,242.54754311959175,754.7056366714353,0.0
37,10,C,Healthy,1093.2846367344523,199.52601750368316,1233.2527431171086,0.0
37,11,C,Healthy,4196.752351516508,623.9917707472756,5152.274364100716,0.0
37,12,C,Healthy,684.2291401474453,168.54121707052215,859.4548995244626,0.0
37,13,C,Understocked,36007.25130971258,1707.9767789433465,30692.449177481423,0.0
37,14,C,Healthy,3103.608508884653,425.71860503849933,4029.4477368608314,0.0
37,16,C,Understocked,5942.6483951083665,934.9619181852895,5803.650601666349,0.0
37,17,C,Healthy,926.622031929919,197.84483577607273,1224.239520039464,0.0
37,18,C,Healthy,1858.8071367739071,730.3470617739067,2603.167198032854,0.0
37,20,C,Healthy,302.43831242492405,118.94943909159072,419.44858356714593,0.0
37,21,C,Healthy,3999.861405694513,431.63247492528234,4813.13605074051,0.0
37,22,C,Healthy,350.90811811572075,141.98795383000643,413.9747362407693,0.0
37,23,C,Understocked,171.02717030421545,71.85437030421545,154.65977634520544,0.0
37,24,C,Healthy,3174.492202287974,3156.6436772879742,4336.364887056368,0.0
37,25,C,Understocked,260.64556522899863,67.3875767674601,260.1578576869388,0.0
37,27,C,Healthy,102.08515665695134,45.71882332361801,118.68294326144844,0.0
37,28,C,Healthy,327.2441930089043,106.5327430089043,329.705098084508,0.0
37,31,C,Understocked,999.5894908575676,729.1252908575677,897.3261931062646,0.0
37,32,C,Healthy,467.2755050791794,154.95883424584608,588.5695343411904,0.0
37,33,C,Understocked,3216.7833772879744,3156.6436772879742,2701.01200395534,0.0
37,38,C,Healthy,147865.82013778936,17528.661695481693,199102.95643174354,0.0
37,40,C,Healthy,57283.56935754397,2398.83459985165,59107.384291802795,0.0
37,42,C,Understocked,355.73909481218715,83.0112601968025,284.62625421401975,0.0
37,44,C,Healthy,3177.8282915736886,3156.6436772879742,3727.9874999594676,0.0
37,46,C,Understocked,19150.594162227073,1061.5207737655323,15975.461906516337,0.0
37,49,C,Healthy,85.12735988021558,38.26532388021558,85.26388519987566,0.0
37,52,C,Healthy,130.8028251260428,58.327594356812014,172.14866105636688,0.0
37,56,C,Understocked,1056.4854805759687,495.8876605759684,893.5367772299759,0.0
37,59,C,Healthy,293.52076960213964,100.96033498675507,414.6618102518261,0.0
37,60,C,Understocked,1826.4786842930791,391.4837650623097,1466.2761627718949,0.0
37,67,C,Understocked,7095.891389444839,2008.972743290992,6955.2609303267145,0.0
37,71,C,Healthy,3265.8986772879744,3156.6436772879742,4379.112773028952,0.0
37,72,C,Healthy,567.7640148804313,154.77952257273898,585.2949832022618,0.0
37,74,C,Understocked,1824.9684806797304,304.5517922181921,1595.7185740921977,0.0
37,79,C,Healthy,16792.374878172108,1595.8759589413376,17849.80349861844,0.0
37,80,C,Understocked,23217.587630607064,1014.0530844532082,23156.922374078855,0.0
37,81,C,Healthy,22670.903149800113,1029.393907492413,32083.401659298106,0.0
37,82,C,Healthy,14290.447486789224,1875.5908906353823,14701.211821213408,0.0
37,83,C,Healthy,5252.05970084127,679.5998854566532,7226.417683113914,0.0
37,85,C,Healthy,385.9042285816178,139.67301704315625,559.9727622520264,0.0
37,87,C,Healthy,3133.2236509715835,622.324024048507,3498.8292302083382,0.0
37,90,C,Healthy,92767.57144735332,2732.483270430242,135835.70455357802,0.0
37,91,C,Healthy,66249.6106953111,2443.8442799265003,71247.62571011184,0.0
37,92,C,Overstocked,123069.91149146475,4207.731779926252,185069.73232660824,38583.802421122935
37,93,C,Understocked,49636.58641701306,4056.033086243826,42944.6489897912,0.0
37,94,C,Healthy,76066.47546786649,5035.396802481886,99002.34832673018,0.0
37,95,C,Healthy,114380.10124776379,5952.320974686883,132736.3059580835,0.0
37,96,C,Healthy,45327.60256779794,3594.636471644092,49089.05147662824,0.0
37,97,C,Healthy,30530.57631361353,1558.1398443827654,38525.91360891551,0.0
37,98,C,Healthy,11023.01603812667,1030.3248842805194,14482.211277534469,0.0
37,99,C,Understocked,4621.655977287974,3156.6436772879742,3712.0456196500845,0.0
38,1,C,Understocked,15830.697917581494,1395.7201214276463,14593.936591550973,0.0
38,2,C,Healthy,25270.47448571538,1346.2554741769102,33370.25837024941,0.0
38,3,C,Healthy,2227.5425277466666,943.1437623620511,2865.6473716866526,0.0
38,4,C,Overstocked,24422.485905665093,1571.3601248958594,36761.08427662395,10570.499704483715
38,5,C,Healthy,1139.226577852682,526.5895970834513,1544.2872307870414,0.0
38,6,C,Healthy,263.73658153710375,158.8767255371037,394.03935217144544,0.0
38,7,C,Healthy,1369.378682805048,437.86461357427874,1797.7950564685582,0.0
38,8,C,Healthy,21699.687686257355,1222.7789324111966,22081.12723342873,0.0
38,9,C,Understocked,396.528898891925,173.68914889192493,347.72269183297476,0.0
38,10,C,Healthy,947.2532762945298,189.94251090991446,1298.429828743902,0.0
38,11,C,Healthy,1949.9841245558343,369.3900899404493,2476.926251322484,0.0
38,12,C,Understocked,211.27790247999272,68.25482555691579,176.4541889119455,0.0
38,13,C,Healthy,22707.10625025538,1702.798123332297,24133.949055011555,0.0
38,14,C,Healthy,2326.9327080033327,484.6071118494865,3486.8245799358815,0.0
38,16,C,Healthy,2721.144938759335,878.3738772208736,3170.9307038565094,0.0
38,17,C,Healthy,1052.4459121276532,187.06499289688406,1174.4162571937252,0.0
38,18,C,Healthy,909.4492991538216,287.9017291538218,1031.425286471681,0.0
38,20,C,Understocked,278.86393350222863,124.55203350222862,265.6135431832034,0.0
38,21,C,Healthy,2428.136211059709,363.3951149058627,2596.056968831325,0.0
38,22,C,Healthy,276.60163187985745,151.49951937985742,295.95369907459127,0.0
38,23,C,Understocked,171.30132664035798,60.94263433266568,143.58805493479602,0.0
38,24,C,Healthy,3176.9056915736887,3156.6436772879742,4321.622229684545,0.0
38,25,C,Healthy,276.49172012159295,96.92989704466989,305.2601956724948,0.0
38,26,C,Healthy,54.969605080527536,33.063765080527524,76.9679637533417,0.0
38,27,C,Healthy,116.8987646787657,54.736336900987915,166.08439228393317,0.0
38,28,C,Understocked,180.24155468469934,47.863439300083954,172.08664448980298,0.0
38,29,C,Healthy,3338.657077287974,3156.6436772879742,4273.040496365231,0.0
38,31,C,Healthy,463.0924697933426,316.6601614600093,530.1323832383265,0.0
38,32,C,Healthy,231.2893509974316,93.05509330512389,333.6382237015553,0.0
38,33,C,Understocked,3168.4020439546407,3156.6436772879742,3033.7154776365055,0.0
38,34,C,Healthy,3200.8165772879743,3156.6436772879742,4144.428943165993,0.0
38,38,C,Healthy,165416.70456566557,24006.791073357854,205721.9815292919,0.0
38,40,C,Healthy,36247.3406138175,2789.6016061251885,36811.714557210165,0.0
38,42,C,Understocked,285.80777655406285,67.76034578483204,257.146589643157,0.0
38,44,C,Healthy,38.222602222478656,20.592964722478648,48.760459948647096,0.0
38,46,C,Healthy,11901.089268336615,898.8049144904634,15937.654840966843,0.0
38,49,C,Healthy,58.240843461985186,25.884138700080427,60.01182875551188,0.0
38,52,C,Healthy,99.1839380736827,42.577303458298076,126.0357875165719,0.0
38,55,C,Healthy,3224.497477287974,3156.6436772879742,3509.689970628393,0.0
38,56,C,Healthy,548.4505047929401,358.55798126352835,724.3062366998025,0.0
38,59,C,Understocked,181.1406822207975,84.67053222079748,171.2553190629101,0.0
38,60,C,Healthy,1038.3254318955117,276.04531266474237,1505.4233457936202,0.0
38,67,C,Healthy,2551.6746305857046,856.5179844318583,2576.7040208668727,0.0
38,72,C,Healthy,623.8727060602123,199.99316759867384,666.5978616338651,0.0
38,74,C,Understocked,1166.6549127103578,297.07403194112703,982.7984109052228,0.0
38,79,C,Understocked,20105.142998296156,1802.4951059884627,17720.75175022313,0.0
38,80,C,Healthy,24997.746811564768,1821.8403807955247,29411.828669878243,0.0
38,81,C,Understocked,23712.388304826163,1541.596462518464,23601.95150827501,0.0
38,82,C,Healthy,13804.34286826314,1984.633668263137,19462.750806543885,0.0
38,83,C,Understocked,6559.440123573395,1569.3078004964718,5317.909793117747,0.0
38,85,C,Healthy,264.95945413760086,106.14484544194873,285.29208641821907,0.0
38,87,C,Healthy,1955.875016059064,514.3249006744487,2046.3581933415019,0.0
38,90,C,Understocked,81229.80067473174,6647.200359347115,66129.92565286,0.0
38,91,C,Understocked,61505.37139709439,6243.109127863613,54788.30405420505,0.0
38,92,C,Healthy,107981.63301548231,12039.214269328477,118991.34882388862,0.0
38,93,C,Healthy,46138.92576410723,5666.838667953398,53511.51761699794,0.0
38,94,C,Healthy,52695.48438421055,4395.725911133619,57708.485673479176,0.0
38,95,C,Healthy,102746.92489117653,7622.134564253452,122020.65596190444,0.0
38,96,C,Healthy,30105.873980460146,2703.7162573832293,37164.07940510628,0.0
38,97,C,Understocked,23736.01984957546,2583.4769918831535,19160.76885081035,0.0
38,98,C,Healthy,11185.143590190153,1731.5949055747694,12737.523700691856,0.0
39,1,A,Overstocked,49971.762695686455,6723.8863726095215,75125.27161541845,13913.088466767309
39,2,A,Healthy,160973.65334460206,10286.824590755876,189770.8039811313,0.0
39,3,A,Healthy,88301.97165397002,28375.682865508476,114316.24953291078,0.0
39,4,A,Healthy,104994.44589124297,6348.31022970453,107898.65697050096,0.0
39,5,A,Healthy,52846.71326663699,12539.127697406224,72136.487928734,0.0
39,6,A,Healthy,11641.58134050252,3477.8745981948273,15881.825732192268,0.0
39,7,A,Healthy,86046.2424665006,11592.07405880829,101581.55723589231,0.0
39,8,A,Overstocked,81662.23291234225,3475.1644700345623,123513.31808834754,84657.40374623497
39,9,A,Understocked,52474.0948766167,6402.662522770546,46788.61363459496,0.0
39,10,A,Understocked,39805.55925394177,3894.0073808648403,32336.91363680748,0.0
39,11,A,Healthy,51556.607658376735,4991.479796838283,70231.20980036086,0.0
39,12,A,Healthy,12130.872849078216,1248.19082984745,16852.49415030061,0.0
39,13,A,Understocked,126544.60619771673,6670.6807592551895,112340.13578213626,0.0
39,14,A,Understocked,48957.11461057038,5797.282279801147,48657.27519843705,0.0
39,16,A,Understocked,70691.58383318629,11682.814756263228,57459.05425402293,0.0
39,17,A,Healthy,26897.26702111504,2717.7064711150397,27276.929634234748,0.0
39,18,A,Healthy,15788.424945200732,5342.915957700727,21541.625443461046,0.0
39,19,A,Healthy,7820.049223288643,7820.049223288643,9212.887459006952,0.0
39,20,A,Healthy,21122.580887624583,2887.476445316893,22265.519156125327,0.0
39,21,A,Healthy,15705.469677000458,1461.8355423850728,16826.364105048022,0.0
39,22,A,Understocked,31000.256730989953,3435.433730989954,24830.83818842091,0.0
39,23,A,Healthy,47289.94311379955,5883.621113799551,48181.56591369402,0.0
39,24,A,Healthy,17803.411809981077,3500.760056134923,22644.424420730695,0.0
39,25,A,Overstocked,17865.56094571563,1874.1179341771685,26997.755809126935,16551.39441593946
39,26,A,Healthy,23086.204965025605,3328.9064150256063,32744.420476824394,0.0
39,27,A,Understocked,3321.6904455947124,543.0236955947123,2714.566229573625,0.0
39,28,A,Healthy,1205.0088696986597,223.07332739096756,1754.4317497332577,0.0
39,29,A,Healthy,14488.394277029718,1885.5369308758743,19874.235230204413,0.0
39,30,A,Healthy,10562.875461077172,1712.9998533848664,14467.701907298997,0.0
39,31,A,Healthy,12524.410800289636,5780.796438751174,14206.90137253407,0.0
39,32,A,Healthy,14619.176575518977,2217.828133211283,15942.853309071097,0.0
39,33,A,Healthy,17132.04374056561,2202.6809867194515,17494.01781918765,0.0
39,34,A,Understocked,41200.90101432971,4436.304418175862,34936.60259954207,0.0
39,35,A,Understocked,5456.760565247128,1363.2252767855907,5274.569235906004,0.0
39,36,A,Understocked,8039.651794920974,2037.7451833825126,7879.0248062439105,0.0
39,38,A,Healthy,109568.7712642095,14601.460998824905,126374.0197108555,0.0
39,40,A,Healthy,138232.67579110878,8979.072583416488,186010.6460730267,0.0
39,41,A,Healthy,4614.320904603215,1540.6668469109077,5287.4634587502405,0.0
39,42,A,Understocked,9198.159152205568,926.545367590183,7746.9329117877405,0.0
39,44,A,Healthy,10077.293889980354,1161.4772822880477,15107.743507834548,0.0
39,45,A,Healthy,7871.127073288642,7820.049223288643,11713.72278341948,0.0
39,46,A,Healthy,86275.17543135243,8546.95916981396,118472.0672199364,0.0
39,47,A,Overstocked,7966.582923288643,7820.049223288643,12138.438368977104,15650.810675663615
39,49,A,Healthy,21485.383415391094,4524.364438468017,25728.147260990638,0.0
39,51,A,Overstocked,7924.326689955309,7820.049223288643,11908.843733897924,1855.3570140916909
39,52,A,Understocked,5469.980333270936,1512.9474832709368,4677.881668863686,0.0
39,54,A,Healthy,179.59063139930026,99.55354958111842,191.61367574314482,0.0
39,55,A,Understocked,19616.76338803024,2739.9103841840806,18920.923945229748,0.0
39,56,A,Understocked,7822.03120599376,2593.023552147606,7375.848086337919,0.0
39,58,A,Understocked,11996.015393461399,5138.114916538323,10829.83658469287,0.0
39,59,A,Healthy,791.079015376775,172.34454999215944,992.2994229322042,0.0
39,60,A,Healthy,1242.1861140141996,336.83641401419953,1702.2483178544885,0.0
39,67,A,Healthy,33892.912844415325,9505.283082876858,41422.488867754255,0.0
39,71,A,Understocked,17554.138514641592,2855.013968487747,15926.567556950164,0.0
39,72,A,Healthy,116513.62805965445,17354.6483558083,162200.99291319598,0.0
39,74,A,Healthy,53136.22780599149,4852.8053559915015,67177.31320651867,0.0
39,77,A,Healthy,9343.700723288643,7820.049223288643,10122.600636670013,0.0
39,79,A,Healthy,94390.58629891505,6211.05516429965,121963.50334051423,0.0
39,80,A,Understocked,28434.172114239496,2441.4014911625795,28142.17121798274,0.0
39,81,A,Healthy,44137.184414712305,2621.203118558453,46431.89041209632,0.0
39,82,A,Healthy,56365.986551229485,7793.313201229478,82844.73536827606,0.0
39,83,A,Healthy,13054.186599909415,837.7696845248003,13211.728298286424,0.0
39,85,A,Healthy,4610.431078040572,1115.30308573288,5270.144280448224,0.0
39,87,A,Healthy,20506.10709997759,3965.5566345929756,29729.81621318521,0.0
39,90,A,Healthy,178269.88247804178,7339.131939580243,234716.64939819044,0.0
39,91,A,Understocked,133201.42204487693,5114.566033338469,112609.59510797133,0.0
39,92,A,Understocked,254010.47855004025,12787.113934655703,230522.4400815329,0.0
39,93,A,Understocked,92541.03374295034,6130.901835258059,74562.5653032026,0.0
39,94,A,Healthy,140112.4524066573,7047.2185143496245,176621.96141856472,0.0
39,95,A,Healthy,250979.68853877304,19339.981423388566,282804.31475093093,0.0
39,96,A,Understocked,66565.29199667748,7234.7914043697765,59777.006197769806,0.0
39,97,A,Healthy,57435.39311610394,4795.740389180869,86112.4201531075,0.0
39,98,A,Healthy,22361.04675267981,2344.7399411413503,26534.771872760273,0.0
39,99,A,Understocked,3504.0878656763857,2271.6706906763857,3422.0295029244176,0.0
40,1,A,Healthy,38558.030999641735,4431.677376564812,44937.095050747026,0.0
40,2,A,Healthy,59262.49491272311,3409.560216569261,76811.47338342568,0.0
40,3,A,Understocked,18690.145450824744,3702.9778700555134,15992.309473937425,0.0
40,4,A,Healthy,58425.11831629241,4735.201035523173,58456.304767194226,0.0
40,5,A,Healthy,31624.88857342639,3984.729834964854,43929.65228295995,0.0
40,6,A,Healthy,8566.031316169998,2069.7898661699974,9727.202735549066,0.0
40,7,A,Healthy,39692.68277133008,6066.76403286855,47591.57878645018,0.0
40,8,A,Healthy,75321.41199155831,4077.9425954044864,84055.35765908647,0.0
40,9,A,Understocked,58625.039701434514,7897.651420665284,48778.78595379353,0.0
40,10,A,Understocked,52681.85760368275,7678.352876759673,48519.850680725074,0.0
40,11,A,Healthy,36880.35401911423,9201.480965268074,41499.44857324317,0.0
40,12,A,Understocked,13712.089090929388,2287.560175544776,13063.581181630265,0.0
40,13,A,Understocked,51020.35108001254,4358.767826166391,42677.742603874045,0.0
40,14,A,Healthy,25727.73897045016,2963.1188396809316,36426.98596400043,0.0
40,16,A,Overstocked,55443.22514761351,17225.50087069043,84066.92928264057,74873.5995812845
40,17,A,Healthy,16475.850587468314,2152.0752105452343,22720.10401510906,0.0
40,18,A,Healthy,8495.362485646285,3200.952232705108,12091.13503661903,0.0
40,20,A,Understocked,8256.910215702736,872.883723395044,8064.056083237497,0.0
40,21,A,Overstocked,15295.958178669163,2289.4719094383954,22963.174874143817,1596.7213096259657
40,22,A,Understocked,15808.246222516842,2659.9590225168413,14919.12349519941,0.0
40,23,A,Healthy,35775.44591208662,4702.543096702018,53467.96950508429,0.0
40,24,A,Overstocked,8176.974744053215,1823.735232514752,12479.846731651767,17793.923092471494
40,25,A,Healthy,16385.06243366234,2201.799383662344,21621.034450485422,0.0
40,26,A,Overstocked,9480.210205049761,1210.1215088959154,14374.225801729817,12774.5710148796
40,27,A,Healthy,2034.8605555883194,259.11434789601094,2473.910288034738,0.0
40,28,A,Understocked,726.8191400810855,192.18508238877783,719.1624650989734,0.0
40,29,A,Healthy,7224.250569997678,1053.383954613064,8083.986932555889,0.0
40,30,A,Healthy,6619.5346589561395,983.1877320330632,8163.86867144279,0.0
40,31,A,Understocked,3417.8971166994934,805.896439776416,2916.6609332588964,0.0
40,32,A,Healthy,10546.38117410175,1874.1245279479037,13228.437520826894,0.0
40,33,A,Overstocked,8527.663281918778,2055.7538319187784,12930.153199995953,11508.637000776345
40,34,A,Understocked,20184.333349419943,4110.460491727637,18948.619887657922,0.0
40,35,A,Healthy,5588.696229444678,1135.008260213908,7704.545520206064,0.0
40,36,A,Healthy,3477.0460950324305,1616.4765604170464,5086.105223611083,0.0
40,37,A,Healthy,5253.661401808193,922.7566364235763,7822.187823554443,0.0
40,38,A,Overstocked,93534.13195409611,14668.023611788401,140385.28429416489,6979.168130720704
40,40,A,Healthy,75238.3633762534,4087.272003176472,88831.34264345115,0.0
40,41,A,Overstocked,1301.9126070996163,453.61080325346217,1970.3598107752648,1451.7447104447554
40,42,A,Healthy,11285.921350417315,977.7506465711597,15268.005788312745,0.0
40,44,A,Understocked,6928.71729441727,923.8050636480394,6360.702079209687,0.0
40,45,A,Healthy,7883.498998288643,7820.049223288643,9051.337502116427,0.0
40,46,A,Healthy,20932.25715374611,1593.5839960538042,27722.29952863771,0.0
40,47,A,Understocked,7820.049223288643,7820.049223288643,7668.015193195478,0.0
40,48,A,Healthy,3504.4992570143195,1654.553588832501,4442.475273000248,0.0
40,49,A,Healthy,250.13164271154739,105.26507732693203,321.8239613542897,0.0
40,52,A,Understocked,2346.3744528095867,427.6609566557404,2155.7803635639607,0.0
40,54,A,Healthy,176.65573136341692,78.33887536341692,214.1972432732022,0.0
40,55,A,Healthy,14238.418991829772,2232.155230291309,19411.060696099685,0.0
40,56,A,Healthy,18584.253696806725,7632.816331422109,21635.673583965614,0.0
40,58,A,Understocked,11463.148032052297,5017.075524359989,9271.798493697064,0.0
40,59,A,Understocked,442.7778499622501,121.01605765455784,357.143764721092,0.0
40,60,A,Healthy,424.7462165203042,131.44217036645804,450.4991832339753,0.0
40,67,A,Healthy,19278.439907993954,3540.5858656862565,28457.322911119023,0.0
40,71,A,Understocked,5165.315449288884,1193.99993390427,4994.519382314616,0.0
40,72,A,Healthy,78218.31574622363,12427.605184685175,98796.41989627539,0.0
40,74,A,Understocked,24793.787418204738,3242.4715912816614,23854.48434250232,0.0
40,79,A,Healthy,32579.723401464744,4531.713505310901,33714.11980262369,0.0
40,80,A,Healthy,38466.69831220689,3397.3924468222854,54586.96547799579,0.0
40,81,A,Healthy,53840.8543100857,7160.129890854923,71719.72503768002,0.0
40,82,A,Understocked,34282.199555041094,4490.091962733405,29813.222499481355,0.0
40,83,A,Healthy,6427.322940108229,869.0724708774603,7153.304975875094,0.0
40,85,A,Understocked,4822.609033579376,861.4229720409146,3960.7795137975113,0.0
40,87,A,Healthy,55927.639626423166,6945.601241807791,64375.49879908949,0.0
40,90,A,Healthy,135631.6105924086,9051.907657793192,174093.59257421747,0.0
40,91,A,Understocked,95130.3367200496,7852.914577741916,84333.70135016374,0.0
40,92,A,Healthy,224689.4838328994,23303.483771360974,227135.45476805686,0.0
40,93,A,Healthy,67728.75783736636,8658.467487366377,73852.84201114663,0.0
40,94,A,Healthy,87946.3571789418,6082.919602018724,129391.75061316253,0.0
40,95,A,Overstocked,155028.26518662984,10575.24900970679,236429.91155743107,322663.6435313638
40,96,A,Understocked,44582.15724721505,6069.721224138133,37127.36289139149,0.0
40,97,A,Healthy,41663.60839026224,3876.905101800702,56476.51206988082,0.0
40,98,A,Healthy,16980.807618768747,1340.4662495379785,18192.533741971565,0.0
40,99,A,Healthy,1236.5112279361742,598.4527390472854,1343.4626185997388,0.0
41,1,A,Healthy,51279.31793725243,4991.643721867826,69258.53551515445,0.0
41,2,A,Healthy,109552.49515261201,5596.185017996632,161091.60841870727,0.0
41,3,A,Healthy,56691.41198582387,11511.48888197772,84707.05343429152,0.0
41,4,A,Healthy,75318.31994890151,6851.839660439957,91986.22557615054,0.0
41,5,A,Healthy,49605.44809438987,7996.505479005255,52616.42172120718,0.0
41,6,A,Healthy,12731.553814190182,2751.0532026517203,17504.751255939096,0.0
41,7,A,Understocked,74521.8754535583,8523.427911250617,73272.21885301176,0.0
41,8,A,Healthy,73254.47032014046,3183.348643217399,88767.86552470166,0.0
41,9,A,Healthy,104958.37445400354,17209.702761695862,111440.84264138657,0.0
41,10,A,Healthy,39835.87304509255,4155.01286816948,50963.653061547564,0.0
41,11,A,Understocked,37329.649318814816,6899.279684199432,36414.74464895727,0.0
41,12,A,Understocked,11250.545552903684,1339.9466144421467,10573.96981175435,0.0
41,13,A,Healthy,75657.30069000949,4759.381913086419,111240.02875273154,0.0
41,14,A,Understocked,38254.453710853675,3725.87381085368,33446.507290883805,0.0
41,16,A,Healthy,66945.03343960614,14140.34957806767,78282.12615989905,0.0
41,17,A,Understocked,27652.316043313775,2912.8932394676217,26580.02923073413,0.0
41,18,A,Understocked,14899.883151870301,6341.405872922932,12343.344411897342,0.0
41,19,A,Understocked,4719.139937440315,1751.8141643633924,3899.39577599814,0.0
41,20,A,Understocked,15057.092745237009,2605.6610529293184,13971.655441904632,0.0
41,21,A,Healthy,11046.657402989162,1322.245256835314,15827.01398429686,0.0
41,22,A,Healthy,25315.861389897935,4500.132755282558,25473.059803442207,0.0
41,23,A,Healthy,47109.30589397304,5745.818659357663,70373.5391338238,0.0
41,24,A,Healthy,13214.836006763735,3033.1433413791206,16182.680355813947,0.0
41,25,A,Healthy,19559.837473941006,2196.751100864084,21882.14487035906,0.0
41,26,A,Healthy,15634.716825751186,3164.4617680588776,19128.5264652019,0.0
41,27,A,Healthy,3521.7560922201665,830.6213652970893,4145.775424564113,0.0
41,28,A,Healthy,1087.7835503387996,220.07574264649216,1472.757399145229,0.0
41,29,A,Healthy,9850.245218855687,1110.696338086457,9911.53470701663,0.0
41,30,A,Healthy,7533.462868879927,890.0367727260798,7968.345466757951,0.0
41,31,A,Healthy,6882.311411775635,1786.3577271602496,9997.85698713607,0.0
41,32,A,Healthy,13618.506719871482,1790.5189621791767,20304.012176512784,0.0
41,33,A,Healthy,13646.024145315916,2723.1330030082245,19808.125236320724,0.0
41,34,A,Healthy,32972.01570315091,4443.223776227834,36473.54602821418,0.0
41,35,A,Healthy,6136.494698512246,1166.1108292814765,8404.953162445405,0.0
41,36,A,Healthy,4631.384219858434,1137.7240275507418,5315.555848839494,0.0
41,38,A,Healthy,117870.00590588842,13430.545378965335,137106.87320165016,0.0
41,40,A,Understocked,125259.61674108947,7680.699764166382,118923.54436385063,0.0
41,41,A,Healthy,6641.752979680519,1465.6484566035965,8179.485644468507,0.0
41,42,A,Understocked,13028.462930215283,1336.6279148306687,12193.067534191367,0.0
41,44,A,Healthy,10288.068712016271,1240.4500081701185,10720.602066345087,0.0
41,45,A,Healthy,141.62473849422273,71.79884474422272,201.69799375301082,0.0
41,46,A,Understocked,66091.39174090451,3543.1035370583445,62863.8411441558,0.0
41,47,A,Understocked,7913.025923288643,7820.049223288643,6741.467207951836,0.0
41,48,A,Understocked,6573.056767976794,3287.450052592178,5589.566715657219,0.0
41,49,A,Healthy,20361.601670013395,6277.6683353980125,30273.073490583865,0.0
41,51,A,Healthy,140.5820249538054,116.86447110765154,164.48826817421985,0.0
41,52,A,Healthy,5206.024778146316,895.6076781463165,5720.748677473734,0.0
41,54,A,Healthy,158.90680641000785,82.11793684479044,221.18895688480671,0.0
41,55,A,Healthy,14374.977189508978,1829.0803587397497,20270.916164730286,0.0
41,56,A,Healthy,46698.08449936574,22047.94284936575,48682.727601578394,0.0
41,58,A,Healthy,21801.589666960994,8347.104259268686,28480.31441405472,0.0
41,59,A,Healthy,964.4855140395327,176.42521019337886,1314.5162645988248,0.0
41,60,A,Healthy,1418.1768747081464,440.7420785543003,1812.2811393078407,0.0
41,67,A,Understocked,26933.29626470257,7099.800707010264,24527.19420692046,0.0
41,71,A,Healthy,14140.269288098036,2682.6949804057294,20353.427976527648,0.0
41,72,A,Healthy,114465.04882509867,14323.425286637133,136618.50259927748,0.0
41,74,A,Healthy,47462.29363027677,7260.2618148921565,47756.79105148721,0.0
41,77,A,Healthy,8607.715523288643,7820.049223288643,9558.149993125202,0.0
41,79,A,Understocked,47523.240550129325,3348.9294693601046,39322.00741583675,0.0
41,80,A,Understocked,41501.77955213965,2603.0358482934953,37075.314493061844,0.0
41,81,A,Healthy,45943.28799860671,2654.6417562990255,62429.9968286892,0.0
41,82,A,Understocked,43600.790641200205,3216.2082488925103,34881.00283066917,0.0
41,83,A,Healthy,8101.98013791923,657.1254686884622,8945.340000339947,0.0
41,85,A,Healthy,5819.931503931187,1217.725434700417,6875.855831883058,0.0
41,87,A,Understocked,31247.657281953943,5132.685131953941,26244.380096914916,0.0
41,90,A,Overstocked,157800.747576486,6786.892768793688,238333.89500538193,135520.21217419193
41,91,A,Understocked,116050.74040331444,6379.095184083649,111997.26116694404,0.0
41,92,A,Healthy,261262.24541032832,16428.35590263602,267027.01392474154,0.0
41,93,A,Healthy,84550.40499778162,5450.369859320083,86400.2016284855,0.0
41,94,A,Understocked,113304.1851897754,8898.079459006163,109701.58382522884,0.0
41,95,A,Understocked,214146.1550522848,11807.926694592523,171547.3217749286,0.0
41,96,A,Healthy,8547.35668131131,1255.3039351574635,11388.683517120238,0.0
41,97,A,Overstocked,47522.959484356885,2978.9964805107356,71559.9400331393,22866.56694812981
41,98,A,Understocked,20955.304775036893,1197.9977211907394,20195.34477997323,0.0
41,99,A,Healthy,1901.1884393525988,1251.446066625326,2441.1724402174455,0.0
42,1,C,Healthy,21110.734322461834,1785.5505647695254,28321.830122831543,0.0
42,2,C,Healthy,35052.88319993594,1809.1128653205594,49752.32823344747,0.0
42,3,C,Healthy,3211.3012606406432,1301.428333717566,3559.789469914457,0.0
42,4,C,Healthy,32122.789186648413,1960.8264789561042,32801.850851924566,0.0
42,5,C,Healthy,1950.829699452607,531.3894379141452,2023.918407795954,0.0
42,7,C,Healthy,3801.3610999302023,2326.8329922378944,5018.608520617557,0.0
42,8,C,Healthy,41452.69795719779,2834.584999505493,57878.28850732871,0.0
42,9,C,Understocked,595.9170124313705,183.87180473906278,555.7392126944615,0.0
42,10,C,Healthy,1006.3313063399027,117.1225332629797,1077.5664160714666,0.0
42,11,C,Healthy,2213.4911466998474,421.8084813152324,3228.19166482046,0.0
42,12,C,Healthy,295.3188418331775,75.04906106394675,410.16428451046534,0.0
42,13,C,Overstocked,33221.537307667255,2128.2639730518786,50461.74227033832,52243.213633507316
42,14,C,Healthy,3233.583397812581,599.0890785818118,4367.281712996081,0.0
42,16,C,Healthy,2879.740887683901,599.9345838377469,3130.3719271331956,0.0
42,17,C,Healthy,1248.71976460836,212.4447876852829,1537.3808417219282,0.0
42,18,C,Healthy,1044.2512967723426,575.7626158199616,1339.294481711294,0.0
42,20,C,Understocked,506.70368885785183,296.47504885785185,434.3832627106572,0.0
42,21,C,Healthy,2586.9032023582245,273.98061389668646,3097.7720387280556,0.0
42,22,C,Healthy,3851.1141372879747,3156.6436772879742,5075.014403225071,0.0
42,23,C,Understocked,235.30329874448438,100.3519756675613,216.9836549862126,0.0
42,24,C,Healthy,3270.0216272879743,3156.6436772879742,4479.4755990482045,0.0
42,25,C,Healthy,343.68995342235615,112.3614418838946,421.41685575110307,0.0
42,26,C,Healthy,3168.490343954641,3156.6436772879742,4737.279314462547,0.0
42,27,C,Understocked,173.30926422010143,58.73278422010147,144.0145007968775,0.0
42,28,C,Understocked,171.9967104088774,72.72653348580045,170.91108100397648,0.0
42,31,C,Healthy,913.3578756150725,558.7018297817392,1131.7731009757222,0.0
42,32,C,Healthy,226.02070234359536,86.33061388205694,229.74749801480607,0.0
42,33,C,Healthy,3200.6487272879745,3156.6436772879742,4229.752159609609,0.0
42,38,C,Healthy,96784.24775992562,15182.438898387178,131053.01958766779,0.0
42,40,C,Understocked,43082.45446979426,3256.747723640421,37690.1103044897,0.0
42,42,C,Healthy,460.89406551509137,83.97373859201447,541.6029577687485,0.0
42,44,C,Healthy,29.412832068987754,19.33912297807866,34.45684174594854,0.0
42,46,C,Healthy,13355.187815301604,862.2838922246801,14284.374503490966,0.0
42,49,C,Healthy,108.91771526515859,32.299011419004735,161.31096473008694,0.0
42,52,C,Healthy,96.95495472263597,31.02699703032829,136.13247535459118,0.0
42,56,C,Healthy,624.9400079844473,367.875555603495,818.0232531766891,0.0
42,59,C,Healthy,158.12589418960957,60.57308265114805,208.95679810559562,0.0
42,60,C,Healthy,767.8860033775939,182.15302260836324,873.1269186904015,0.0
42,67,C,Healthy,4040.057562997221,1436.6350168433746,5948.2817931154905,0.0
42,71,C,Healthy,3156.6436772879742,3156.6436772879742,4125.905834340302,0.0
42,72,C,Healthy,3172.162027287974,3156.6436772879742,4225.815232779937,0.0
42,74,C,Healthy,906.8511292631798,242.1137331093337,1295.9214229085596,0.0
42,79,C,Healthy,30004.703493979687,2806.08573244122,30006.871640449182,0.0
42,80,C,Healthy,32048.58313621304,2673.894470828427,44520.666149325596,0.0
42,81,C,Understocked,35424.262256360766,2218.0983717453837,33388.275460309786,0.0
42,82,C,Healthy,16162.907327195882,1296.424492580498,17004.98874009544,0.0
42,83,C,Healthy,9307.455015651607,1662.2649771900697,9726.249832827529,0.0
42,85,C,Overstocked,199.34592985837952,91.09220377142302,301.8742445385855,236.99402933434982
42,87,C,Healthy,3603.419394027973,971.7563786433572,5135.853391167293,0.0
42,90,C,Healthy,121210.195206055,9950.60769067034,159010.07929589332,0.0
42,91,C,Healthy,98546.5782520337,8708.46847511062,131141.00051973388,0.0
42,92,C,Healthy,183680.4665536783,12148.196907524516,222310.88221542822,0.0
42,93,C,Healthy,75712.60868767154,7171.6806569023065,112915.9816516264,0.0
42,94,C,Healthy,82891.72097561792,4833.246641002542,96342.46849570631,0.0
42,95,C,Healthy,136391.06903752327,6932.504422138687,146999.28381293008,0.0
42,96,C,Understocked,35150.86630230248,2670.4091061486374,32304.201373496213,0.0
42,97,C,Healthy,39598.29758410572,2858.817761028793,54405.293995078275,0.0
42,98,C,Healthy,12791.34237037029,1202.644420370292,17091.076260820737,0.0
43,1,C,Healthy,13122.561240612704,1324.709859843475,14179.966440245005,0.0
43,2,C,Understocked,43012.51847085711,2761.5154131648005,35201.06627046936,0.0
43,3,C,Healthy,3932.015518266364,1375.4086028817483,5553.846288644088,0.0
43,4,C,Understocked,36724.02051312766,2030.8006169738171,29685.315819269872,0.0
43,5,C,Healthy,2031.5390275195225,688.3936775195225,2668.8345251761307,0.0
43,6,C,Overstocked,90.10517421711405,38.159317967114035,135.904525085991,61.98139210655236
43,7,C,Healthy,1825.3098228648153,790.6810574802,2043.4211488824453,0.0
43,8,C,Understocked,27326.732397421394,1282.1647474213892,26548.7563298869,0.0
43,9,C,Healthy,832.0580557667274,287.4928057667275,1093.7867742069907,0.0
43,10,C,Healthy,1140.350431342586,188.46587749643223,1592.503418397105,0.0
43,11,C,Healthy,1521.818979782646,500.2940990134154,1824.4998429053228,0.0
43,12,C,Overstocked,249.77000848482965,69.79428540790654,376.1375852891395,123.05352263728832
43,13,C,Understocked,37277.4158862097,2441.849655440476,31227.96849962118,0.0
43,14,C,Healthy,3543.700806948855,479.04486848731676,4140.817180969954,0.0
43,16,C,Healthy,7239.626387586585,1884.106595278892,9588.677963439784,0.0
43,17,C,Healthy,1093.8225845367683,254.71515376753752,1563.8682772946545,0.0
43,18,C,Understocked,1070.6927097645578,468.92464309789085,996.6613719151069,0.0
43,20,C,Healthy,237.77313864663162,92.45641781329829,329.07862823194955,0.0
43,21,C,Healthy,3488.987512514257,391.25181636041077,4198.913312251408,0.0
43,22,C,Healthy,269.06260287082875,140.83492429940026,293.13945137025115,0.0
43,25,C,Understocked,328.8687716700046,114.28556782385078,294.71639788728254,0.0
43,26,C,Healthy,3167.099977287974,3156.6436772879742,4534.229052053471,0.0
43,28,C,Understocked,15.099988402146266,8.108252038509901,13.813611963938902,0.0
43,31,C,Healthy,216.0018069683636,118.83456252391917,221.6492038518902,0.0
43,32,C,Healthy,3187.139777287974,3156.6436772879742,3224.535247894137,0.0
43,33,C,Healthy,3162.5776772879744,3156.6436772879742,4541.879779541822,0.0
43,38,C,Healthy,131523.01514897632,12459.446468207094,169805.83817079305,0.0
43,40,C,Healthy,37036.169386362635,3292.8882517472534,51168.335345631014,0.0
43,42,C,Understocked,453.33788454644264,95.08800762336568,445.55931642848446,0.0
43,44,C,Healthy,3165.567943954641,3156.6436772879742,3976.4537908318207,0.0
43,46,C,Healthy,14549.302209193951,1621.8715553477964,17711.95048718047,0.0
43,49,C,Healthy,41.203582849217426,17.039289992074565,58.0132509427925,0.0
43,52,C,Healthy,75.66871151514535,32.159923515145344,110.58555069474495,0.0
43,56,C,Understocked,721.1579784306949,435.92837843069503,583.3262582468557,0.0
43,59,C,Healthy,3202.7011106213076,3156.6436772879742,4138.000459142896,0.0
43,60,C,Understocked,918.9511950211638,193.9831488673179,769.9341917854761,0.0
43,67,C,Healthy,4045.755949558434,1420.270038019973,4857.604952730238,0.0
43,71,C,Healthy,3220.816277287974,3156.6436772879742,3252.933910007167,0.0
43,72,C,Healthy,566.3465035951433,206.68276897975863,579.9087566787604,0.0
43,74,C,Healthy,1880.123405860903,373.8790866301338,1988.5307715447632,0.0
43,79,C,Healthy,33337.81560915841,5982.7751091584105,41790.40165454493,0.0
43,80,C,Healthy,37439.850241461616,3270.8333260770014,39081.8300952663,0.0
43,81,C,Healthy,40426.95566552275,1588.7271270612084,53964.74271751843,0.0
43,82,C,Healthy,17463.362694594533,1527.56672151761,19127.708327221604,0.0
43,83,C,Understocked,10696.11558891302,1737.8371735284068,9090.60549504325,0.0
43,85,C,Healthy,3187.120152287974,3156.6436772879742,4373.1899774610365,0.0
43,87,C,Healthy,365.03438284127003,134.59112899511618,368.17498424441726,0.0
43,90,C,Healthy,132016.52704609276,7754.110034554297,147319.85937652073,0.0
43,91,C,Healthy,73881.95946883873,4816.442584223341,96074.18172987667,0.0
43,92,C,Healthy,168029.47936767217,6895.372017672168,175203.16104287855,0.0
43,93,C,Understocked,75854.87743707358,4170.751633227428,63817.27949820388,0.0
43,94,C,Healthy,110912.56488754618,8135.967672161603,119005.00785446531,0.0
43,95,C,Healthy,155964.9310288776,9482.340844262195,232301.57120707602,0.0
43,96,C,Healthy,58691.76063429765,5955.489184297654,74448.50930247897,0.0
43,97,C,Healthy,40882.10006738959,2386.025413543431,52745.25881066586,0.0
43,98,C,Healthy,18958.976861550495,2056.7984230889547,23918.000075415144,0.0
43,99,C,Understocked,3253.881077287974,3156.6436772879742,3075.777493337474,0.0
44,1,C,Healthy,18257.242767142914,1723.8074325275288,20181.258941395914,0.0
44,2,C,Healthy,22855.23248957069,1765.0789395706945,30813.10567605999,0.0
44,3,C,Understocked,2166.7569797772394,673.7543220849318,1893.7504001552836,0.0
44,4,C,Healthy,17697.809931523298,1102.0120238309892,17747.939447951376,0.0
44,5,C,Healthy,3173.868604802071,1128.2046201866867,3179.3052804263266,0.0
44,6,C,Healthy,137.04245071563506,57.7295552610896,152.8535613654649,0.0
44,7,C,Overstocked,2196.1989262782417,1031.126018585934,3328.711027658798,2856.2489740391184
44,8,C,Understocked,11432.312371079,838.7854787713102,9709.19834252214,0.0
44,9,C,Healthy,540.9310471721641,210.27536640293323,637.5693123411941,0.0
44,10,C,Understocked,290.573148298811,89.0034598372726,270.5050676915581,0.0
44,11,C,Overstocked,1734.2766321268937,642.3100436653554,2616.3191102436936,1237.045450428303
44,12,C,Understocked,347.86985593683346,124.63920209067956,307.06874267214414,0.0
44,13,C,Healthy,17139.7000539302,1178.8216923917403,18761.608132162728,0.0
44,14,C,Healthy,1976.0196386031903,333.50242321857434,2645.2106222589796,0.0
44,16,C,Healthy,2773.9654162893094,716.4236201354634,3645.8913536178366,0.0
44,17,C,Healthy,738.1875220265792,141.00283741119463,818.3487112408993,0.0
44,18,C,Healthy,4154.09326300226,3156.6436772879742,4374.105019840499,0.0
44,20,C,Healthy,120.89134222163332,54.506513054966646,131.8026364901573,0.0
44,21,C,Understocked,1952.0054584246259,215.4732199630871,1938.1885237386414,0.0
44,23,C,Understocked,75.05044420063909,27.672440033972432,71.28989498955787,0.0
44,24,C,Healthy,101.59627879401313,55.85449546067982,117.10179915590172,0.0
44,25,C,Understocked,180.93336681065193,89.47902450295963,180.214996557486,0.0
44,26,C,Healthy,609.0052380486595,211.0667072794287,615.0021219911757,0.0
44,27,C,Healthy,68.08006575766366,26.36285706201149,87.10380967743822,0.0
44,28,C,Overstocked,254.47448705981952,99.73532552135802,383.5012593461655,148.53088678420443
44,31,C,Healthy,99.14943940020248,49.241466672929754,123.01026324685782,0.0
44,32,C,Understocked,175.86257763022988,74.56754963022988,150.57266158111577,0.0
44,33,C,Understocked,61.15973335575198,35.302938911307535,52.302338463248155,0.0
44,38,C,Healthy,120664.69506401556,21758.971571707883,180338.08680992466,0.0
44,40,C,Healthy,34517.792869107485,2644.4356421844163,35105.36429814291,0.0
44,42,C,Understocked,121.56618621404925,42.870498214049256,105.4232786044554,0.0
44,44,C,Healthy,3162.0231772879742,3156.6436772879742,3912.3793360532204,0.0
44,46,C,Healthy,13421.753812142424,1215.1060813731945,16847.839117956344,0.0
44,49,C,Healthy,31.141801527775296,13.168891527775298,39.65623535271776,0.0
44,52,C,Understocked,83.06727702601935,39.295638564480875,82.66884319832955,0.0
44,55,C,Understocked,3177.8076272879744,3156.6436772879742,2577.299860542098,0.0
44,56,C,Overstocked,3842.610218257345,1808.7470259496524,5781.058055797908,1422.8464581869412
44,59,C,Understocked,230.70013453915408,147.7377678724874,226.81328099031236,0.0
44,60,C,Healthy,946.0464244583853,182.63477445838544,1223.710284002659,0.0
44,67,C,Healthy,4062.1893662748585,1436.8911662748587,5345.190463638727,0.0
44,71,C,Healthy,3927.0051772879747,3156.6436772879742,4890.3208099206795,0.0
44,72,C,Healthy,652.7649443773029,290.88981745422586,671.3180892805991,0.0
44,74,C,Understocked,1689.1166281315311,445.4849089007621,1685.5699312468703,0.0
44,79,C,Healthy,10884.25701550346,1045.890850118846,13456.183507636852,0.0
44,80,C,Healthy,12405.217480610185,924.3317344563404,17767.370411078882,0.0
44,81,C,Healthy,17632.402706441302,915.7485718259154,26291.951130981186,0.0
44,82,C,Understocked,10101.44202790487,1321.1793817510263,8862.108603154225,0.0
44,83,C,Understocked,2013.903497817753,262.1558439715994,1838.7440139193595,0.0
44,85,C,Healthy,361.29061089567733,88.98917628029272,538.1992569683979,0.0
44,87,C,Healthy,956.8171493935884,242.2334109320498,1279.9062819652447,0.0
44,90,C,Healthy,69777.01204672836,2161.6675736514326,100798.85928658638,0.0
44,91,C,Understocked,41605.210358101765,1595.0195465632983,39438.48684557199,0.0
44,92,C,Healthy,91462.76115104393,4930.410731813175,112402.03403589048,0.0
44,93,C,Healthy,28206.080615476047,2036.0881847068129,37001.63643605509,0.0
44,94,C,Healthy,58153.21877351477,3349.7252119763143,75394.58256216357,0.0
44,95,C,Healthy,75346.6585912864,4766.406064363324,82726.91912981737,0.0
44,96,C,Understocked,7396.351388501775,1167.172638501775,6000.203311633317,0.0
44,97,C,Healthy,15834.834403182806,892.3586108751099,19406.159955067207,0.0
44,98,C,Understocked,7482.659671761712,640.7033909924828,7368.654793867825,0.0
45,1,B,Healthy,28488.485583646714,2520.7499028774773,32154.54343507611,0.0
45,2,B,Healthy,74887.50333323161,2677.466190923905,112258.92423160323,0.0
45,3,B,Healthy,31812.292764045047,7673.841429429659,34716.62090530147,0.0
45,4,B,Healthy,53547.60267974903,3817.3401412874978,75665.71696114079,0.0
45,5,B,Understocked,28296.12252474946,6096.146493980224,26531.424719054612,0.0
45,6,B,Healthy,7762.716040702393,2142.0850291639304,10020.86035573497,0.0
45,7,B,Overstocked,56603.74709500841,15960.421237316097,85653.64350416898,62085.89751747863
45,8,B,Understocked,72598.30904630852,3483.5825232316133,63478.65202065473,0.0
45,9,B,Understocked,40019.655234757556,5780.720442449866,32258.785878044935,0.0
45,10,B,Healthy,32044.255433570703,3547.927172032236,35777.90591072247,0.0
45,11,B,Understocked,52746.6299348173,21824.046750201916,45763.851864096076,0.0
45,12,B,Healthy,8813.719788276057,1028.7111075068283,11866.092295564427,0.0
45,13,B,Healthy,59691.06961220776,4303.48208143853,87603.83889876743,0.0
45,14,B,Healthy,23969.540118349665,2541.589064503508,26770.028770489585,0.0
45,16,B,Understocked,60666.08534390649,13796.809066983407,59990.23474572404,0.0
45,17,B,Healthy,21303.48559882995,1973.3805411376438,23798.431019959065,0.0
45,18,B,Healthy,8126.069203115507,3762.6609174012224,10792.369896357573,0.0
45,19,B,Understocked,3177.0941287236274,601.1586210313201,2562.6744272050855,0.0
45,20,B,Healthy,12565.503138244203,2142.9026920903593,15459.356257541347,0.0
45,21,B,Healthy,8618.477679643367,977.3799988741353,10753.299852753,0.0
45,22,B,Healthy,16125.583055059797,2107.4157781367194,20407.125639693633,0.0
45,23,B,Understocked,50563.33473521616,6116.684215985396,49384.00150184496,0.0
45,24,B,Healthy,15425.8812342721,4190.474891964409,20381.576516680536,0.0
45,25,B,Understocked,18426.77155239439,1862.3158447020824,15970.773771458189,0.0
45,26,B,Understocked,15477.692521307637,1902.9914905384019,14633.652864455093,0.0
45,27,B,Healthy,2350.4223432911567,425.33984329115657,3385.908272987488,0.0
45,28,B,Healthy,1330.200366705208,341.673024397516,1781.4946517369428,0.0
45,29,B,Understocked,9619.622301421248,1139.4286321904794,7792.223578813436,0.0
45,30,B,Understocked,7351.973538448506,909.5778807562008,7214.5994872456295,0.0
45,31,B,Understocked,7335.757714085497,2131.1350563931906,7016.774999712343,0.0
45,32,B,Understocked,11012.28445141045,2855.1163398719896,10986.830871505492,0.0
45,33,B,Understocked,12005.292017909764,1704.806571755917,11773.813568218398,0.0
45,34,B,Understocked,36990.170948416344,5281.0037138009575,31280.52336759142,0.0
45,35,B,Healthy,6945.940924673985,1397.1049900586,7883.8275525804265,0.0
45,36,B,Healthy,6246.60840325041,2447.8524263273334,8338.569051688084,0.0
45,38,B,Healthy,123866.08816637265,12298.307350988069,153954.91480734342,0.0
45,40,B,Healthy,80565.91419737815,4495.748339685827,104026.4117741298,0.0
45,41,B,Understocked,6133.696231671012,1361.924412440243,5270.310405068188,0.0
45,42,B,Healthy,10580.382015827969,960.5156965972008,15813.314307335133,0.0
45,44,B,Healthy,6394.905965081211,1360.2741843119802,9030.240565902659,0.0
45,45,B,Healthy,5929.049584892643,5885.410634892643,8227.836573548904,0.0
45,46,B,Healthy,30088.16389407141,2204.8644440714106,42146.84338928927,0.0
45,47,B,Healthy,6338.621834892643,5885.410634892643,9386.729878427534,0.0
45,49,B,Healthy,129.07214085234205,73.22210927339471,154.5387706206549,0.0
45,52,B,Understocked,3266.330995141198,623.2042836027364,3090.6215709061867,0.0
45,54,B,Healthy,139.9269809776807,61.71530405460378,174.94399254137386,0.0
45,55,B,Healthy,9849.200941508192,2370.292287662038,13220.616801216745,0.0
45,56,B,Healthy,14840.175706330167,6510.8704370993955,19866.24192017968,0.0
45,58,B,Healthy,6132.917796066868,2716.1799760668673,7240.87715689347,0.0
45,59,B,Understocked,473.98713681557274,121.78717527711129,402.87715268035623,0.0
45,60,B,Healthy,487.6184977805457,106.46102470362254,522.1967177117194,0.0
45,67,B,Healthy,17331.144407505206,5073.716669043669,25514.21103753186,0.0
45,71,B,Healthy,9422.621382131378,2052.0516859775325,11558.236885211,0.0
45,72,B,Healthy,68559.99481648166,11306.437797250881,81790.86157777082,0.0
45,74,B,Understocked,22579.087447887734,2608.034120964658,22494.710877002657,0.0
45,79,B,Healthy,32434.932125520663,2278.6849601360454,34671.89516814394,0.0
45,80,B,Healthy,1905.6612233474382,257.61957719359174,2770.0741948876807,0.0
45,81,B,Healthy,31930.00482372675,1851.6470352652186,41078.52673430967,0.0
45,82,B,Healthy,31888.529455474538,5059.111290089921,43840.112073058335,0.0
45,83,B,Healthy,1570.17041217605,313.21156986835774,1776.9181400930026,0.0
45,85,B,Healthy,4975.395246245944,1235.2176654767127,6269.398381335336,0.0
45,87,B,Understocked,17356.908650447134,2970.4074312163634,17032.682193631415,0.0
45,90,B,Healthy,50385.13468137333,2749.5433352194955,66255.76717587352,0.0
45,91,B,Healthy,37929.7982432294,3628.933466306322,42183.586185192995,0.0
45,92,B,Healthy,104751.95688642103,7234.1182210364,117642.54685148869,0.0
45,93,B,Healthy,8985.614649990295,2058.790130759528,11447.720660359395,0.0
45,94,B,Healthy,11560.735286913157,2995.0392484516187,17150.17569545075,0.0
45,95,B,Understocked,121062.09263197101,9283.866612740248,102506.25595695866,0.0
45,96,B,Healthy,6511.633934892644,5885.410634892643,9129.71816578797,0.0
45,97,B,Healthy,15290.40325752229,1444.831303676136,15495.901240658333,0.0
45,98,B,Healthy,1805.540257275725,348.1415841988016,2029.537751472956,0.0
