store_id,dept_id,store_type,status,reorder_point_usd,simulated_inventory_usd,excess_value_inr,abs_deviation_usd,alert_message
13,92,A,Overstocked,362404.2151953755,550351.9669624759,559888.4660612516,187947.75176710042,"Store 13, Dept 92: 1.5x reorder point - INR 559,888 excess tied up"
1,95,A,Overstocked,281263.02812491823,427640.03248972015,476875.6950944528,146377.00436480192,"Store 1, Dept 95: 1.5x reorder point - INR 476,876 excess tied up"
28,95,A,Overstocked,239947.37973092007,362215.900093327,190470.9312465905,122268.52036240691,"Store 28, Dept 95: 1.5x reorder point - INR 190,471 excess tied up"
2,90,A,Overstocked,204690.7119885926,308960.34907010896,159715.33023926534,104269.63708151635,"Store 2, Dept 90: 1.5x reorder point - INR 159,715 excess tied up"
10,38,B,Overstocked,193565.72137718764,291841.6350544352,123923.39805825806,98275.91367724753,"Store 10, Dept 38: 1.5x reorder point - INR 123,923 excess tied up"
20,8,A,Overstocked,168741.68556079664,254457.2920710248,111615.38957587638,85715.60651022816,"Store 20, Dept 8: 1.5x reorder point - INR 111,615 excess tied up"
2,91,A,Overstocked,169866.3256900735,255238.85208544068,36467.17467742527,85372.52639536717,"Store 2, Dept 91: 1.5x reorder point - INR 36,467 excess tied up"
20,2,A,Overstocked,165292.8752034914,249207.27367483336,105240.75217649137,83914.39847134196,"Store 20, Dept 2: 1.5x reorder point - INR 105,241 excess tied up"
40,95,A,Overstocked,155028.26518662984,236429.91155743107,322663.6435313638,81401.64637080123,"Store 40, Dept 95: 1.5x reorder point - INR 322,664 excess tied up"
41,90,A,Overstocked,157800.74757648606,238333.89500538202,135520.21217419434,80533.14742889596,"Store 41, Dept 90: 1.5x reorder point - INR 135,520 excess tied up"
23,92,B,Overstocked,149791.8863907724,228324.0801784367,301808.7991590858,78532.19378766432,"Store 23, Dept 92: 1.5x reorder point - INR 301,809 excess tied up"
17,95,B,Overstocked,128978.06539803254,195827.87172142445,195944.21082317788,66849.80632339191,"Store 17, Dept 95: 1.5x reorder point - INR 195,944 excess tied up"
6,9,A,Overstocked,131862.9383813201,198014.50153091605,18267.79859168004,66151.56314959595,"Store 6, Dept 9: 1.5x reorder point - INR 18,268 excess tied up"
11,2,A,Overstocked,128106.61291724762,192732.51043042014,47525.05752754319,64625.89751317252,"Store 11, Dept 2: 1.5x reorder point - INR 47,525 excess tied up"
37,92,C,Overstocked,123069.91149146474,185069.73232660824,38583.802421122935,61999.8208351435,"Store 37, Dept 92: 1.5x reorder point - INR 38,584 excess tied up"
40,38,A,Overstocked,93534.13195409611,140385.28429416489,6979.168130720704,46851.15234006877,"Store 40, Dept 38: 1.5x reorder point - INR 6,979 excess tied up"
4,10,A,Overstocked,91804.52066768221,138652.15687020574,78466.19710064164,46847.63620252353,"Store 4, Dept 10: 1.5x reorder point - INR 78,466 excess tied up"
4,92,A,Understocked,356102.88557719387,309313.3936394724,0.0,46789.4919377215,"Store 4, Dept 92: 13% below reorder point - restock recommended"
20,79,A,Overstocked,84354.80645948341,127210.06750802,56262.198959974485,42855.26104853659,"Store 20, Dept 79: 1.5x reorder point - INR 56,262 excess tied up"
41,95,A,Understocked,214146.1550522848,171547.3217749286,0.0,42598.8332773562,"Store 41, Dept 95: 20% below reorder point - restock recommended"
39,8,A,Overstocked,81662.23291234224,123513.31808834751,84657.40374623497,41851.085176005276,"Store 39, Dept 8: 1.5x reorder point - INR 84,657 excess tied up"
34,40,A,Overstocked,75642.61397074228,115072.55609588911,133516.7166013815,39429.94212514683,"Store 34, Dept 40: 1.5x reorder point - INR 133,517 excess tied up"
13,38,A,Understocked,190494.4124811411,156085.12269471728,0.0,34409.28978642382,"Store 13, Dept 38: 18% below reorder point - restock recommended"
6,92,A,Understocked,211067.88352656306,177722.93494949277,0.0,33344.94857707029,"Store 6, Dept 92: 16% below reorder point - restock recommended"
24,10,A,Overstocked,63041.443323003914,95330.98354188712,63811.94026264388,32289.54021888321,"Store 24, Dept 10: 1.5x reorder point - INR 63,812 excess tied up"
17,38,B,Understocked,190017.97592039622,158359.40107237827,0.0,31658.574848017946,"Store 17, Dept 38: 17% below reorder point - restock recommended"
26,8,A,Overstocked,62364.89875572373,93983.7033339107,36217.48162698411,31618.804578186973,"Store 26, Dept 8: 1.5x reorder point - INR 36,217 excess tied up"
29,72,B,Overstocked,62189.35430901209,93537.0151043215,20997.642186679994,31347.660795309414,"Store 29, Dept 72: 1.5x reorder point - INR 20,998 excess tied up"
31,90,A,Understocked,187143.11383271572,156291.4992367931,0.0,30851.614595922612,"Store 31, Dept 90: 16% below reorder point - restock recommended"
15,11,B,Overstocked,59196.044704284635,89319.28508605722,43593.09645931229,30123.240381772586,"Store 15, Dept 11: 1.5x reorder point - INR 43,593 excess tied up"
17,13,B,Overstocked,57140.888105988786,86640.78069995072,77144.22890030581,29499.89259396193,"Store 17, Dept 13: 1.5x reorder point - INR 77,144 excess tied up"
32,3,A,Overstocked,55340.33513113324,84486.39550104146,122499.10276035355,29146.060369908228,"Store 32, Dept 3: 1.5x reorder point - INR 122,499 excess tied up"
45,7,B,Overstocked,56603.74709500841,85653.64350416898,62085.89751747863,29049.896409160574,"Store 45, Dept 7: 1.5x reorder point - INR 62,086 excess tied up"
1,92,A,Understocked,298311.1210527401,269337.5592232604,0.0,28973.561829479702,"Store 1, Dept 92: 10% below reorder point - restock recommended"
40,16,A,Overstocked,55443.22514761353,84066.92928264059,74873.5995812845,28623.70413502706,"Store 40, Dept 16: 1.5x reorder point - INR 74,874 excess tied up"
20,38,A,Understocked,256441.88048352546,228012.79444814177,0.0,28429.08603538369,"Store 20, Dept 38: 11% below reorder point - restock recommended"
4,94,A,Understocked,161513.47258121634,133448.54592593806,0.0,28064.92665527828,"Store 4, Dept 94: 17% below reorder point - restock recommended"
7,16,B,Overstocked,53556.500390977046,81394.13975567899,87929.30104471388,27837.639364701943,"Store 7, Dept 16: 1.5x reorder point - INR 87,929 excess tied up"
13,90,A,Understocked,260759.74828085565,235134.8706262302,0.0,25624.877654625452,"Store 13, Dept 90: 10% below reorder point - restock recommended"
39,1,A,Overstocked,49971.762695686455,75125.27161541845,13913.088466767309,25153.50891973199,"Store 39, Dept 1: 1.5x reorder point - INR 13,913 excess tied up"
32,92,A,Understocked,210301.91413963278,185718.0467087245,0.0,24583.867430908285,"Store 32, Dept 92: 12% below reorder point - restock recommended"
41,97,A,Overstocked,47522.959484356885,71559.9400331393,22866.56694812981,24036.980548782412,"Store 41, Dept 97: 1.5x reorder point - INR 22,867 excess tied up"
7,10,B,Overstocked,46084.211851819484,70059.37985209336,77444.15217222311,23975.16800027388,"Store 7, Dept 10: 1.5x reorder point - INR 77,444 excess tied up"
39,92,A,Understocked,254010.47855004022,230522.44008153287,0.0,23488.03846850735,"Store 39, Dept 92: 9% below reorder point - restock recommended"
22,91,B,Overstocked,44847.51324119084,68330.42799411982,87910.12498368513,23482.914752928977,"Store 22, Dept 91: 1.5x reorder point - INR 87,910 excess tied up"
10,72,B,Understocked,267345.0834665658,244001.78926260103,0.0,23343.29420396479,"Store 10, Dept 72: 9% below reorder point - restock recommended"
19,46,A,Overstocked,43939.370641783826,66831.08769241923,76528.63356870894,22891.7170506354,"Store 19, Dept 46: 1.5x reorder point - INR 76,529 excess tied up"
27,40,A,Understocked,149305.64031525925,126513.10769145621,0.0,22792.53262380304,"Store 27, Dept 40: 15% below reorder point - restock recommended"
6,34,A,Overstocked,40911.00252691746,62310.2696296734,78332.56466166888,21399.26710275594,"Store 6, Dept 34: 1.5x reorder point - INR 78,333 excess tied up"
27,22,A,Overstocked,40480.26481830675,61826.48267399335,91805.09206225752,21346.2178556866,"Store 27, Dept 22: 1.5x reorder point - INR 91,805 excess tied up"
1,94,A,Understocked,145826.2802345147,124597.17761915586,0.0,21229.102615358846,"Store 1, Dept 94: 15% below reorder point - restock recommended"
18,95,B,Understocked,130124.25029524931,109036.18899128106,0.0,21088.06130396825,"Store 18, Dept 95: 16% below reorder point - restock recommended"
19,87,A,Overstocked,40953.81877125062,61804.16222176468,30995.027385766407,20850.34345051406,"Store 19, Dept 87: 1.5x reorder point - INR 30,995 excess tied up"
39,91,A,Understocked,133201.42204487693,112609.59510797133,0.0,20591.826936905607,"Store 39, Dept 91: 15% below reorder point - restock recommended"
21,8,B,Overstocked,38624.92336350557,59079.60204422358,94804.01091411366,20454.67868071801,"Store 21, Dept 8: 1.5x reorder point - INR 94,804 excess tied up"
14,98,A,Overstocked,38881.69250591709,59138.96276767949,67763.19273072013,20257.2702617624,"Store 14, Dept 98: 1.5x reorder point - INR 67,763 excess tied up"
10,9,B,Understocked,145429.66141847972,125571.50442365783,0.0,19858.156994821897,"Store 10, Dept 9: 14% below reorder point - restock recommended"
26,94,A,Understocked,102057.38973879069,82341.13514699171,0.0,19716.254591798977,"Store 26, Dept 94: 19% below reorder point - restock recommended"
25,9,B,Overstocked,38286.238031972316,57903.64088041574,39365.55809395306,19617.402848443424,"Store 25, Dept 9: 1.5x reorder point - INR 39,366 excess tied up"
26,97,A,Overstocked,36715.85607491835,55955.74540194764,73202.78703431945,19239.88932702929,"Store 26, Dept 97: 1.5x reorder point - INR 73,203 excess tied up"
34,82,A,Overstocked,36595.04695024415,55563.34333255731,55674.15129686023,18968.296382313165,"Store 34, Dept 82: 1.5x reorder point - INR 55,674 excess tied up"
27,94,A,Understocked,165627.16742851015,146809.50626085972,0.0,18817.661167650425,"Store 27, Dept 94: 11% below reorder point - restock recommended"
26,11,A,Overstocked,36469.47380908165,55265.05069723302,46549.71863967467,18795.576888151365,"Store 26, Dept 11: 1.5x reorder point - INR 46,550 excess tied up"
45,95,B,Understocked,121062.092631971,102506.25595695864,0.0,18555.836675012353,"Store 45, Dept 95: 15% below reorder point - restock recommended"
24,74,A,Overstocked,34551.7423231944,52780.851252682136,79118.73473491479,18229.10892948774,"Store 24, Dept 74: 1.5x reorder point - INR 79,119 excess tied up"
21,10,B,Overstocked,35053.8237885876,53048.253945919234,38804.01583214015,17994.430157331633,"Store 21, Dept 10: 1.5x reorder point - INR 38,804 excess tied up"
39,93,A,Understocked,92541.03374295034,74562.5653032026,0.0,17978.46843974774,"Store 39, Dept 93: 19% below reorder point - restock recommended"
16,4,B,Overstocked,33351.85316316864,50813.31918010274,65199.773134032,17461.4660169341,"Store 16, Dept 4: 1.5x reorder point - INR 65,200 excess tied up"
32,90,A,Understocked,127450.1471889601,110063.10749263492,0.0,17387.03969632517,"Store 32, Dept 90: 14% below reorder point - restock recommended"
42,13,C,Overstocked,33221.53730766726,50461.742270338334,52243.213633507316,17240.204962671072,"Store 42, Dept 13: 1.5x reorder point - INR 52,243 excess tied up"
26,92,A,Understocked,205168.31008245712,188109.03565607467,0.0,17059.274426382442,"Store 26, Dept 92: 8% below reorder point - restock recommended"
31,79,A,Understocked,89121.78127116126,72104.41797675908,0.0,17017.36329440218,"Store 31, Dept 79: 19% below reorder point - restock recommended"
17,23,B,Overstocked,33406.42300601663,50209.324714410686,8274.287047016514,16802.901708394056,"Store 17, Dept 23: 1.5x reorder point - INR 8,274 excess tied up"
4,32,A,Overstocked,32771.38420251993,49342.497382267095,15389.949514437998,16571.113179747168,"Store 4, Dept 32: 1.5x reorder point - INR 15,390 excess tied up"
31,34,A,Overstocked,31923.987164111,48303.0433702586,34616.197799644084,16379.056206147601,"Store 31, Dept 34: 1.5x reorder point - INR 34,616 excess tied up"
28,87,A,Overstocked,31450.409781734084,47689.73062343339,42671.62391907757,16239.320841699304,"Store 28, Dept 87: 1.5x reorder point - INR 42,672 excess tied up"
27,10,A,Understocked,82745.59987937269,66512.37098561245,0.0,16233.228893760242,"Store 27, Dept 10: 20% below reorder point - restock recommended"
25,92,B,Understocked,87707.92461293947,71507.37820642936,0.0,16200.546406510111,"Store 25, Dept 92: 18% below reorder point - restock recommended"
7,72,B,Understocked,96218.52812343424,80166.95469099218,0.0,16051.573432442063,"Store 7, Dept 72: 17% below reorder point - restock recommended"
4,33,A,Overstocked,31385.314524800902,47186.0183460699,8967.864386088833,15800.703821268995,"Store 4, Dept 33: 1.5x reorder point - INR 8,968 excess tied up"
25,11,B,Overstocked,31084.253142063524,46641.64053819022,1266.6484828795437,15557.387396126698,"Store 25, Dept 11: 1.5x reorder point - INR 1,267 excess tied up"
1,40,A,Understocked,120003.44425500443,104559.07816856002,0.0,15444.36608644441,"Store 1, Dept 40: 13% below reorder point - restock recommended"
6,90,A,Understocked,115423.67696651214,100023.90252944623,0.0,15399.774437065906,"Store 6, Dept 90: 13% below reorder point - restock recommended"
38,90,C,Understocked,81229.80067473174,66129.92565286,0.0,15099.875021871747,"Store 38, Dept 90: 19% below reorder point - restock recommended"
35,23,B,Understocked,87583.86928084919,72589.98898121728,0.0,14993.880299631914,"Store 35, Dept 23: 17% below reorder point - restock recommended"
20,23,A,Understocked,86259.05996993881,71316.41523093297,0.0,14942.644739005846,"Store 20, Dept 23: 17% below reorder point - restock recommended"
13,81,A,Understocked,79133.06273413576,64604.43777227721,0.0,14528.62496185855,"Store 13, Dept 81: 18% below reorder point - restock recommended"
2,96,A,Understocked,82768.09110677314,68443.20830550074,0.0,14324.882801272397,"Store 2, Dept 96: 17% below reorder point - restock recommended"
13,2,A,Understocked,164353.67843654248,150108.38573511146,0.0,14245.292701431026,"Store 13, Dept 2: 9% below reorder point - restock recommended"
30,97,C,Overstocked,27610.634526517428,41823.114904064736,33794.53848595349,14212.480377547308,"Store 30, Dept 97: 1.5x reorder point - INR 33,795 excess tied up"
2,4,A,Understocked,97346.86595062765,83139.34355480729,0.0,14207.522395820357,"Store 2, Dept 4: 15% below reorder point - restock recommended"
39,13,A,Understocked,126544.60619771674,112340.13578213628,0.0,14204.470415580465,"Store 39, Dept 13: 11% below reorder point - restock recommended"
7,9,B,Understocked,100622.73942169148,86729.91187154735,0.0,13892.827550144139,"Store 7, Dept 9: 14% below reorder point - restock recommended"
28,92,A,Understocked,249812.0161178601,235975.24628464496,0.0,13836.769833215134,"Store 28, Dept 92: 6% below reorder point - restock recommended"
10,3,B,Understocked,122674.17564250124,108864.29669370511,0.0,13809.878948796133,"Store 10, Dept 3: 11% below reorder point - restock recommended"
13,94,A,Understocked,182828.44632047345,169175.89273722802,0.0,13652.553583245433,"Store 13, Dept 94: 7% below reorder point - restock recommended"
35,16,B,Overstocked,25830.663781863335,39404.91844167537,54690.58981707036,13574.254659812035,"Store 35, Dept 16: 1.5x reorder point - INR 54,691 excess tied up"
1,12,A,Overstocked,26225.19996557668,39548.498242179136,17487.958386571583,13323.298276602454,"Store 1, Dept 12: 1.5x reorder point - INR 17,488 excess tied up"
2,40,A,Understocked,161391.38703382493,148107.51046065078,0.0,13283.876573174144,"Store 2, Dept 40: 8% below reorder point - restock recommended"
39,16,A,Understocked,70691.58383318629,57459.05425402293,0.0,13232.529579163362,"Store 39, Dept 16: 19% below reorder point - restock recommended"
13,10,A,Understocked,72483.75199855021,59330.27336355712,0.0,13153.478634993095,"Store 13, Dept 10: 18% below reorder point - restock recommended"
35,71,B,Overstocked,25470.112067500544,38611.15457675655,33696.87746697541,13141.042509256004,"Store 35, Dept 71: 1.5x reorder point - INR 33,697 excess tied up"
28,74,A,Overstocked,25981.63219556233,39057.61444621135,7068.790688031746,13075.98225064902,"Store 28, Dept 74: 1.5x reorder point - INR 7,069 excess tied up"
23,74,B,Understocked,95495.50945634968,82506.13435430737,0.0,12989.375102042308,"Store 23, Dept 74: 14% below reorder point - restock recommended"
2,10,A,Understocked,84300.86695504747,71352.05110691937,0.0,12948.815848128099,"Store 2, Dept 10: 15% below reorder point - restock recommended"
4,40,A,Understocked,169610.29982279136,156674.0722339812,0.0,12936.227588810172,"Store 4, Dept 40: 8% below reorder point - restock recommended"
38,4,C,Overstocked,24422.485905665093,36761.08427662395,10570.499704483715,12338.598370958858,"Store 38, Dept 4: 1.5x reorder point - INR 10,570 excess tied up"
21,40,B,Understocked,83764.83877935157,71487.67969373292,0.0,12277.159085618652,"Store 21, Dept 40: 15% below reorder point - restock recommended"
22,92,B,Understocked,115349.74728713659,103091.27948410998,0.0,12258.467803026608,"Store 22, Dept 92: 11% below reorder point - restock recommended"
1,11,A,Understocked,65902.4357004847,53712.243427969726,0.0,12190.19227251497,"Store 1, Dept 11: 18% below reorder point - restock recommended"
15,40,B,Understocked,65532.55242310071,53443.54424902043,0.0,12089.008174080278,"Store 15, Dept 40: 18% below reorder point - restock recommended"
43,93,C,Understocked,75854.87743707358,63817.27949820388,0.0,12037.597938869694,"Store 43, Dept 93: 16% below reorder point - restock recommended"
23,8,B,Understocked,79871.74781533619,67839.64180099056,0.0,12032.106014345627,"Store 23, Dept 8: 15% below reorder point - restock recommended"
15,87,B,Overstocked,22923.150965561395,34866.968672397525,40026.104596600664,11943.81770683613,"Store 15, Dept 87: 1.5x reorder point - INR 40,026 excess tied up"
22,23,B,Understocked,70743.03436224014,58836.35553134738,0.0,11906.678830892764,"Store 22, Dept 23: 17% below reorder point - restock recommended"
20,7,A,Understocked,113653.95062457371,101781.40575819756,0.0,11872.544866376149,"Store 20, Dept 7: 10% below reorder point - restock recommended"
21,95,B,Understocked,93882.61195724456,82056.8957314221,0.0,11825.716225822456,"Store 21, Dept 95: 13% below reorder point - restock recommended"
31,72,A,Understocked,90983.90080892721,79198.77098960192,0.0,11785.129819325288,"Store 31, Dept 72: 13% below reorder point - restock recommended"
30,13,C,Overstocked,23272.2034626129,35047.994946116596,11594.249432371718,11775.791483503697,"Store 30, Dept 13: 1.5x reorder point - INR 11,594 excess tied up"
12,3,B,Understocked,62119.604365537074,50516.93163380423,0.0,11602.67273173284,"Store 12, Dept 3: 19% below reorder point - restock recommended"
20,80,A,Understocked,88062.37321897567,76486.35608712555,0.0,11576.017131850123,"Store 20, Dept 80: 13% below reorder point - restock recommended"
4,46,A,Understocked,89280.36670651863,77757.7390545637,0.0,11522.627651954928,"Store 4, Dept 46: 13% below reorder point - restock recommended"
11,7,A,Understocked,75958.8080038869,64454.25976340789,0.0,11504.548240479002,"Store 11, Dept 7: 15% below reorder point - restock recommended"
20,11,A,Understocked,78543.8344423854,67049.15049257824,0.0,11494.683949807164,"Store 20, Dept 11: 15% below reorder point - restock recommended"
31,4,A,Understocked,76250.08709484506,64876.47451319701,0.0,11373.612581648049,"Store 31, Dept 4: 15% below reorder point - restock recommended"
11,92,A,Understocked,168266.0410270371,156919.2448936089,0.0,11346.7961334282,"Store 11, Dept 92: 7% below reorder point - restock recommended"
8,14,A,Overstocked,21611.7578915672,32865.25036883482,37151.92311317407,11253.492477267624,"Store 8, Dept 14: 1.5x reorder point - INR 37,152 excess tied up"
5,16,B,Overstocked,21538.985520938215,32574.95899813889,22117.89948872003,11035.973477200674,"Store 5, Dept 16: 1.5x reorder point - INR 22,118 excess tied up"
13,40,A,Understocked,162832.21965066416,151832.555992369,0.0,10999.663658295176,"Store 13, Dept 40: 7% below reorder point - restock recommended"
28,4,A,Understocked,60448.21220447887,49514.55702695885,0.0,10933.65517752002,"Store 28, Dept 4: 18% below reorder point - restock recommended"
40,91,A,Understocked,95130.33672004958,84333.70135016374,0.0,10796.635369885844,"Store 40, Dept 91: 11% below reorder point - restock recommended"
20,97,A,Understocked,59018.60930645045,48524.07090824053,0.0,10494.538398209923,"Store 20, Dept 97: 18% below reorder point - restock recommended"
14,7,A,Understocked,104006.35631025226,93598.07724692533,0.0,10408.279063326932,"Store 14, Dept 7: 10% below reorder point - restock recommended"
19,13,A,Understocked,73640.65284271301,63300.76044700864,0.0,10339.892395704373,"Store 19, Dept 13: 14% below reorder point - restock recommended"
32,46,A,Understocked,61951.79669232857,51625.89326831803,0.0,10325.90342401054,"Store 32, Dept 46: 17% below reorder point - restock recommended"
6,13,A,Understocked,81627.67018875161,71307.31577586553,0.0,10320.354412886081,"Store 6, Dept 13: 13% below reorder point - restock recommended"
10,35,B,Overstocked,19667.154298021942,29837.75548002539,27972.994738375386,10170.601182003447,"Store 10, Dept 35: 1.5x reorder point - INR 27,973 excess tied up"
13,14,A,Understocked,56319.47046492333,46169.579695086606,0.0,10149.890769836726,"Store 13, Dept 14: 18% below reorder point - restock recommended"
18,16,B,Understocked,57061.16306840645,47003.79704604325,0.0,10057.366022363203,"Store 18, Dept 16: 18% below reorder point - restock recommended"
10,21,B,Overstocked,19312.886000562477,29358.602073011385,32309.66498991637,10045.716072448908,"Store 10, Dept 21: 1.5x reorder point - INR 32,310 excess tied up"
31,97,A,Understocked,70551.18663578955,60508.04802177552,0.0,10043.138614014031,"Store 31, Dept 97: 14% below reorder point - restock recommended"
33,94,A,Understocked,59200.83271044557,49250.92050530708,0.0,9949.912205138491,"Store 33, Dept 94: 17% below reorder point - restock recommended"
40,9,A,Understocked,58625.03970143451,48778.78595379352,0.0,9846.253747640985,"Store 40, Dept 9: 17% below reorder point - restock recommended"
20,49,A,Understocked,50101.26060449098,40261.68295228132,0.0,9839.577652209657,"Store 20, Dept 49: 20% below reorder point - restock recommended"
6,14,A,Understocked,52577.494904697625,42761.378223862615,0.0,9816.11668083501,"Store 6, Dept 14: 19% below reorder point - restock recommended"
23,2,B,Understocked,161536.51779524068,151854.52728123328,0.0,9681.990514007397,"Store 23, Dept 2: 6% below reorder point - restock recommended"
6,16,A,Understocked,71738.23186809955,62336.46033690324,0.0,9401.771531196311,"Store 6, Dept 16: 13% below reorder point - restock recommended"
19,90,A,Understocked,137376.98248912065,128050.89538550991,0.0,9326.087103610742,"Store 19, Dept 90: 7% below reorder point - restock recommended"
4,49,A,Overstocked,17811.93132419488,27122.92802463357,33617.576182323806,9310.996700438689,"Store 4, Dept 49: 1.5x reorder point - INR 33,618 excess tied up"
39,25,A,Overstocked,17865.560945715628,26997.75580912693,16551.39441593946,9132.194863411303,"Store 39, Dept 25: 1.5x reorder point - INR 16,551 excess tied up"
45,8,B,Understocked,72598.30904630852,63478.65202065473,0.0,9119.657025653796,"Store 45, Dept 8: 13% below reorder point - restock recommended"
17,1,B,Understocked,50617.00308706262,41574.30163507348,0.0,9042.701451989138,"Store 17, Dept 1: 18% below reorder point - restock recommended"
14,13,A,Understocked,125313.90352028955,116293.93824367525,0.0,9019.965276614297,"Store 14, Dept 13: 7% below reorder point - restock recommended"
27,2,A,Understocked,176093.51657097295,167103.24051432125,0.0,8990.276056651695,"Store 27, Dept 2: 5% below reorder point - restock recommended"
28,5,A,Understocked,49290.15660286779,40302.58883870852,0.0,8987.56776415927,"Store 28, Dept 5: 18% below reorder point - restock recommended"
18,74,B,Understocked,50185.87246448248,41365.11666934233,0.0,8820.755795140154,"Store 18, Dept 74: 18% below reorder point - restock recommended"
20,67,A,Understocked,49453.590653219544,40644.952722674396,0.0,8808.637930545148,"Store 20, Dept 67: 18% below reorder point - restock recommended"
7,92,B,Understocked,61068.25641787599,52320.001816492375,0.0,8748.254601383618,"Store 7, Dept 92: 14% below reorder point - restock recommended"
20,34,A,Understocked,55219.684077292404,46476.93951733294,0.0,8742.744559959465,"Store 20, Dept 34: 16% below reorder point - restock recommended"
41,82,A,Understocked,43600.790641200205,34881.00283066917,0.0,8719.787810531037,"Store 41, Dept 82: 20% below reorder point - restock recommended"
8,11,A,Understocked,48028.94177248746,39347.60927246695,0.0,8681.332500020508,"Store 8, Dept 11: 18% below reorder point - restock recommended"
2,79,A,Understocked,76285.50536066145,67703.51707780182,0.0,8581.988282859631,"Store 2, Dept 79: 11% below reorder point - restock recommended"
32,98,A,Overstocked,16351.736269115818,24932.412769133167,33599.09433313362,8580.67650001735,"Store 32, Dept 98: 1.5x reorder point - INR 33,599 excess tied up"
24,97,A,Understocked,44055.41347268482,35599.101226485174,0.0,8456.312246199646,"Store 24, Dept 97: 19% below reorder point - restock recommended"
22,16,B,Understocked,69175.87001480362,60737.80803373933,0.0,8438.061981064282,"Store 22, Dept 16: 12% below reorder point - restock recommended"
17,79,B,Understocked,60068.15584381314,51666.913240289476,0.0,8401.242603523664,"Store 17, Dept 79: 14% below reorder point - restock recommended"
28,81,A,Understocked,51809.52607252986,43424.06370835988,0.0,8385.46236416998,"Store 28, Dept 81: 16% below reorder point - restock recommended"
40,13,A,Understocked,51020.35108001254,42677.742603874045,0.0,8342.608476138492,"Store 40, Dept 13: 16% below reorder point - restock recommended"
35,3,B,Understocked,52749.189711611856,44419.181941666924,0.0,8330.007769944932,"Store 35, Dept 3: 16% below reorder point - restock recommended"
10,14,B,Understocked,77389.43546613133,69119.10672816621,0.0,8270.328737965116,"Store 10, Dept 14: 11% below reorder point - restock recommended"
7,42,B,Overstocked,16431.44214338868,24698.96257717016,4299.347053232792,8267.520433781483,"Store 7, Dept 42: 1.5x reorder point - INR 4,299 excess tied up"
41,79,A,Understocked,47523.240550129325,39322.00741583675,0.0,8201.233134292575,"Store 41, Dept 79: 17% below reorder point - restock recommended"
23,44,B,Overstocked,15511.260879781765,23647.118184051757,31558.829743466158,8135.857304269992,"Store 23, Dept 44: 1.5x reorder point - INR 31,559 excess tied up"
32,1,A,Understocked,46444.905425102734,38331.41213927965,0.0,8113.493285823082,"Store 32, Dept 1: 17% below reorder point - restock recommended"
19,20,A,Overstocked,15821.983730105454,23928.877650336573,16259.870579806418,8106.893920231119,"Store 19, Dept 20: 1.5x reorder point - INR 16,260 excess tied up"
1,7,A,Understocked,51201.18472242453,43131.93109979747,0.0,8069.25362262706,"Store 1, Dept 7: 16% below reorder point - restock recommended"
12,20,B,Overstocked,15509.181186534164,23557.423783336715,24373.116293443985,8048.242596802551,"Store 12, Dept 20: 1.5x reorder point - INR 24,373 excess tied up"
8,10,A,Understocked,47934.00249633022,39929.48564446227,0.0,8004.516851867949,"Store 8, Dept 10: 17% below reorder point - restock recommended"
14,80,A,Understocked,79725.94177354198,71743.58918642561,0.0,7982.352587116373,"Store 14, Dept 80: 10% below reorder point - restock recommended"
21,92,B,Understocked,50184.557810618666,42355.52565091449,0.0,7829.032159704177,"Store 21, Dept 92: 16% below reorder point - restock recommended"
43,2,C,Understocked,43012.51847085711,35201.06627046936,0.0,7811.45220038775,"Store 43, Dept 2: 18% below reorder point - restock recommended"
12,67,B,Overstocked,15474.037841466747,23235.52634958135,2030.9757526421454,7761.488508114602,"Store 12, Dept 67: 1.5x reorder point - INR 2,031 excess tied up"
45,9,B,Understocked,40019.655234757556,32258.785878044935,0.0,7760.869356712621,"Store 45, Dept 9: 19% below reorder point - restock recommended"
32,9,A,Understocked,66089.02357564881,58416.15983369052,0.0,7672.863741958288,"Store 32, Dept 9: 12% below reorder point - restock recommended"
40,21,A,Overstocked,15295.958178669163,22963.174874143817,1596.7213096259657,7667.2166954746535,"Store 40, Dept 21: 1.5x reorder point - INR 1,597 excess tied up"
18,34,B,Understocked,51908.36023259675,44271.925565117854,0.0,7636.434667478898,"Store 18, Dept 34: 15% below reorder point - restock recommended"
27,80,A,Understocked,56195.080552451815,48590.66748842584,0.0,7604.4130640259755,"Store 27, Dept 80: 14% below reorder point - restock recommended"
39,10,A,Understocked,39805.55925394177,32336.91363680748,0.0,7468.645617134291,"Store 39, Dept 10: 19% below reorder point - restock recommended"
40,96,A,Understocked,44582.157247215044,37127.36289139148,0.0,7454.794355823564,"Store 40, Dept 96: 17% below reorder point - restock recommended"
32,10,A,Understocked,56603.62736682462,49161.14571979602,0.0,7442.481647028602,"Store 32, Dept 10: 13% below reorder point - restock recommended"
1,46,A,Understocked,42299.906832216846,34901.806270441644,0.0,7398.100561775202,"Store 1, Dept 46: 17% below reorder point - restock recommended"
15,7,B,Understocked,42215.35489440181,34818.404234784655,0.0,7396.950659617156,"Store 15, Dept 7: 18% below reorder point - restock recommended"
14,74,A,Understocked,55257.9251376695,47900.60391697568,0.0,7357.321220693826,"Store 14, Dept 74: 13% below reorder point - restock recommended"
4,22,A,Understocked,40021.86155660698,32727.90352204395,0.0,7293.9580345630275,"Store 4, Dept 22: 18% below reorder point - restock recommended"
25,7,B,Understocked,38122.89049927829,30835.630043519002,0.0,7287.2604557592895,"Store 25, Dept 7: 19% below reorder point - restock recommended"
24,5,A,Understocked,51364.30233460488,44125.58650680501,0.0,7238.715827799868,"Store 24, Dept 5: 14% below reorder point - restock recommended"
11,3,A,Understocked,65723.30648849471,58542.179086606615,0.0,7181.127401888094,"Store 11, Dept 3: 11% below reorder point - restock recommended"
19,5,A,Understocked,50558.219321959594,43403.41415892458,0.0,7154.805163035016,"Store 19, Dept 5: 14% below reorder point - restock recommended"
13,3,A,Understocked,105720.22214658716,98616.61984786128,0.0,7103.602298725877,"Store 13, Dept 3: 7% below reorder point - restock recommended"
43,4,C,Understocked,36724.02051312765,29685.31581926987,0.0,7038.704693857784,"Store 43, Dept 4: 19% below reorder point - restock recommended"
35,34,B,Understocked,64562.959297554306,57533.29226413278,0.0,7029.667033421523,"Store 35, Dept 34: 11% below reorder point - restock recommended"
33,95,A,Understocked,63782.254663916676,56752.965801814404,0.0,7029.288862102272,"Store 33, Dept 95: 11% below reorder point - restock recommended"
24,49,A,Overstocked,13344.368970836967,20366.87532213847,29076.71486829029,7022.506351301501,"Store 24, Dept 49: 1.5x reorder point - INR 29,077 excess tied up"
45,11,B,Understocked,52746.629934817305,45763.85186409608,0.0,6982.778070721222,"Store 45, Dept 11: 13% below reorder point - restock recommended"
15,23,B,Understocked,48364.809009577395,41408.780844276625,0.0,6956.02816530077,"Store 15, Dept 23: 14% below reorder point - restock recommended"
1,80,A,Understocked,41505.309012789134,34574.58320972238,0.0,6930.725803066751,"Store 1, Dept 80: 17% below reorder point - restock recommended"
5,95,B,Understocked,46505.06673020859,39599.77052822156,0.0,6905.296201987032,"Store 5, Dept 95: 15% below reorder point - restock recommended"
22,9,B,Understocked,62147.598716169625,55247.77642591964,0.0,6899.822290249984,"Store 22, Dept 9: 11% below reorder point - restock recommended"
19,34,A,Understocked,46599.11501231433,39735.29084337197,0.0,6863.824168942359,"Store 19, Dept 34: 15% below reorder point - restock recommended"
1,58,A,Overstocked,13513.49070950001,20375.59775494039,8745.020327301001,6862.10704544038,"Store 1, Dept 58: 1.5x reorder point - INR 8,745 excess tied up"
17,10,B,Understocked,34855.61031476533,28046.974174752148,0.0,6808.636140013179,"Store 17, Dept 10: 20% below reorder point - restock recommended"
24,13,A,Understocked,65841.25515175171,59042.685399487236,0.0,6798.569752264477,"Store 24, Dept 13: 10% below reorder point - restock recommended"
39,96,A,Understocked,66565.29199667748,59777.006197769806,0.0,6788.285798907673,"Store 39, Dept 96: 10% below reorder point - restock recommended"
33,38,A,Understocked,47650.101926265794,40909.10920673269,0.0,6740.992719533104,"Store 33, Dept 38: 14% below reorder point - restock recommended"
38,91,C,Understocked,61505.37139709439,54788.30405420505,0.0,6717.067342889342,"Store 38, Dept 91: 11% below reorder point - restock recommended"
7,2,B,Understocked,53223.284628127076,46507.54681325972,0.0,6715.737814867352,"Store 7, Dept 2: 13% below reorder point - restock recommended"
25,1,B,Understocked,36018.32926597968,29319.293247346726,0.0,6699.036018632953,"Store 25, Dept 1: 19% below reorder point - restock recommended"
37,93,C,Understocked,49636.58641701305,42944.648989791196,0.0,6691.937427221856,"Store 37, Dept 93: 13% below reorder point - restock recommended"
26,2,A,Understocked,59901.60562603349,53229.29068555412,0.0,6672.314940479366,"Store 26, Dept 2: 11% below reorder point - restock recommended"
19,29,A,Overstocked,12612.000673035112,19262.608272937086,28602.40286090683,6650.607599901974,"Store 19, Dept 29: 1.5x reorder point - INR 28,602 excess tied up"
20,46,A,Understocked,72309.22244362457,65677.78246184757,0.0,6631.439981777003,"Store 20, Dept 46: 9% below reorder point - restock recommended"
28,46,A,Understocked,43442.356336587654,36826.836803033984,0.0,6615.51953355367,"Store 28, Dept 46: 15% below reorder point - restock recommended"
25,13,B,Understocked,55061.3552443845,48459.907583049375,0.0,6601.447661335122,"Store 25, Dept 13: 12% below reorder point - restock recommended"
18,90,B,Understocked,53355.91691793459,46757.632025201856,0.0,6598.284892732736,"Store 18, Dept 90: 12% below reorder point - restock recommended"
19,72,A,Understocked,142666.29915670285,136072.74758607475,0.0,6593.5515706281,"Store 19, Dept 72: 5% below reorder point - restock recommended"
11,79,A,Understocked,72775.01715619012,66184.4913684949,0.0,6590.525787695224,"Store 11, Dept 79: 9% below reorder point - restock recommended"
34,46,A,Understocked,36511.07010049346,29942.794510323718,0.0,6568.275590169742,"Store 34, Dept 46: 18% below reorder point - restock recommended"
21,9,B,Understocked,39317.26885049904,32837.5780368084,0.0,6479.690813690635,"Store 21, Dept 9: 16% below reorder point - restock recommended"
24,91,A,Understocked,111781.45352037367,105306.44951545013,0.0,6475.0040049235395,"Store 24, Dept 91: 6% below reorder point - restock recommended"
36,38,A,Understocked,44441.438627758325,38072.27004535158,0.0,6369.168582406746,"Store 36, Dept 38: 14% below reorder point - restock recommended"
41,40,A,Understocked,125259.6167410895,118923.54436385065,0.0,6336.072377238845,"Store 41, Dept 40: 5% below reorder point - restock recommended"
18,1,B,Understocked,35513.1793168822,29217.682749397118,0.0,6295.496567485079,"Store 18, Dept 1: 18% below reorder point - restock recommended"
24,23,A,Understocked,67545.20861260164,61253.576030403965,0.0,6291.632582197672,"Store 24, Dept 23: 9% below reorder point - restock recommended"
39,34,A,Understocked,41200.90101432971,34936.60259954207,0.0,6264.298414787641,"Store 39, Dept 34: 15% below reorder point - restock recommended"
20,48,A,Overstocked,12394.332278415986,18647.727145303015,4666.9843973598145,6253.394866887029,"Store 20, Dept 48: 1.5x reorder point - INR 4,667 excess tied up"
17,3,B,Understocked,58920.983361880586,52679.778391097425,0.0,6241.204970783161,"Store 17, Dept 3: 11% below reorder point - restock recommended"
9,11,B,Understocked,42835.51348707523,36640.651358152536,0.0,6194.862128922694,"Store 9, Dept 11: 14% below reorder point - restock recommended"
10,32,B,Understocked,43739.94773345095,37553.8346712012,0.0,6186.113062249751,"Store 10, Dept 32: 14% below reorder point - restock recommended"
34,93,A,Understocked,70641.08413981904,64461.81757623774,0.0,6179.2665635812955,"Store 34, Dept 93: 9% below reorder point - restock recommended"
39,22,A,Understocked,31000.25673098996,24830.838188420912,0.0,6169.418542569048,"Store 39, Dept 22: 20% below reorder point - restock recommended"
28,34,A,Understocked,38702.30621540571,32573.793953316785,0.0,6128.512262088927,"Store 28, Dept 34: 16% below reorder point - restock recommended"
8,82,A,Understocked,32279.158872362394,26166.054486792353,0.0,6113.104385570041,"Store 8, Dept 82: 19% below reorder point - restock recommended"
32,49,A,Overstocked,11924.40796243557,17996.541443205726,9124.148462846755,6072.133480770155,"Store 32, Dept 49: 1.5x reorder point - INR 9,124 excess tied up"
35,6,B,Overstocked,12000.9873364034,18067.302720030588,5463.202380315583,6066.315383627189,"Store 35, Dept 6: 1.5x reorder point - INR 5,463 excess tied up"
7,46,B,Understocked,35961.67049375815,29902.371243444075,0.0,6059.299250314078,"Store 7, Dept 46: 17% below reorder point - restock recommended"
34,48,A,Overstocked,12010.220239356539,18060.16099454687,3720.942747501158,6049.940755190331,"Store 34, Dept 48: 1.5x reorder point - INR 3,721 excess tied up"
43,13,C,Understocked,37277.4158862097,31227.96849962118,0.0,6049.447386588523,"Store 43, Dept 13: 16% below reorder point - restock recommended"
32,74,A,Understocked,34834.03157478954,28801.007023432343,0.0,6033.024551357194,"Store 32, Dept 74: 17% below reorder point - restock recommended"
25,94,B,Overstocked,11826.017355875176,17816.3424708989,6417.264278149432,5990.325115023725,"Store 25, Dept 94: 1.5x reorder point - INR 6,417 excess tied up"
27,74,A,Understocked,62645.776235140554,56859.83392325645,0.0,5785.942311884108,"Store 27, Dept 74: 9% below reorder point - restock recommended"
24,46,A,Understocked,36644.77292075754,30871.739663916534,0.0,5773.033256841005,"Store 24, Dept 46: 16% below reorder point - restock recommended"
19,14,A,Understocked,37004.314343972044,31233.751340907096,0.0,5770.563003064948,"Store 19, Dept 14: 16% below reorder point - restock recommended"
35,2,B,Understocked,99544.3563502277,93778.28940547691,0.0,5766.066944750783,"Store 35, Dept 2: 6% below reorder point - restock recommended"
2,92,A,Understocked,355300.7835049734,349545.2930989647,0.0,5755.49040600867,"Store 2, Dept 92: 2% below reorder point - restock recommended"
14,95,A,Understocked,323293.03770767496,317557.0583379744,0.0,5735.979369700537,"Store 14, Dept 95: 2% below reorder point - restock recommended"
45,34,B,Understocked,36990.170948416344,31280.52336759142,0.0,5709.647580824923,"Store 45, Dept 34: 15% below reorder point - restock recommended"
39,9,A,Understocked,52474.094876616706,46788.61363459497,0.0,5685.481242021735,"Store 39, Dept 9: 11% below reorder point - restock recommended"
36,79,A,Understocked,38922.85660860749,33322.220107154295,0.0,5600.636501453198,"Store 36, Dept 79: 14% below reorder point - restock recommended"
10,24,B,Understocked,44173.33340620465,38620.79862648108,0.0,5552.534779723566,"Store 10, Dept 24: 13% below reorder point - restock recommended"
26,7,A,Understocked,32731.62853383965,27187.68908626195,0.0,5543.939447577697,"Store 26, Dept 7: 17% below reorder point - restock recommended"
6,97,A,Understocked,48122.480887382924,42610.48005013004,0.0,5512.000837252883,"Store 6, Dept 97: 11% below reorder point - restock recommended"
11,74,A,Understocked,51349.81166320212,45858.80805451853,0.0,5491.00360868359,"Store 11, Dept 74: 11% below reorder point - restock recommended"
19,30,A,Overstocked,10620.00099455939,16053.182972234139,10224.062872789538,5433.181977674749,"Store 19, Dept 30: 1.5x reorder point - INR 10,224 excess tied up"
12,46,B,Understocked,75830.53411599438,70428.55645324616,0.0,5401.977662748221,"Store 12, Dept 46: 7% below reorder point - restock recommended"
42,40,C,Understocked,43082.45446979426,37690.1103044897,0.0,5392.344165304559,"Store 42, Dept 40: 13% below reorder point - restock recommended"
17,42,B,Overstocked,10617.652144357544,16003.783583076138,6416.345422805225,5386.131438718594,"Store 17, Dept 42: 1.5x reorder point - INR 6,416 excess tied up"
27,85,A,Overstocked,10118.883485177677,15469.685154358858,24182.8739071644,5350.801669181181,"Store 27, Dept 85: 1.5x reorder point - INR 24,183 excess tied up"
37,13,C,Understocked,36007.25130971258,30692.449177481423,0.0,5314.802132231154,"Store 37, Dept 13: 15% below reorder point - restock recommended"
9,13,B,Understocked,49856.99955306712,44545.90601750723,0.0,5311.093535559892,"Store 9, Dept 13: 11% below reorder point - restock recommended"
14,22,A,Understocked,37549.42225568716,32309.138569763898,0.0,5240.283685923263,"Store 14, Dept 22: 14% below reorder point - restock recommended"
26,49,A,Overstocked,10093.240667494663,15329.703855080435,15756.956868590489,5236.463187585772,"Store 26, Dept 49: 1.5x reorder point - INR 15,757 excess tied up"
18,6,B,Overstocked,10106.076633780845,15227.646301569956,5688.102124591052,5121.56966778911,"Store 18, Dept 6: 1.5x reorder point - INR 5,688 excess tied up"
1,98,A,Understocked,25723.250497886766,20682.29456380525,0.0,5040.955934081514,"Store 1, Dept 98: 20% below reorder point - restock recommended"
12,74,B,Understocked,36346.01285693792,31341.357982875234,0.0,5004.6548740626895,"Store 12, Dept 74: 14% below reorder point - restock recommended"
41,87,A,Understocked,31247.657281953943,26244.380096914916,0.0,5003.277185039027,"Store 41, Dept 87: 16% below reorder point - restock recommended"
29,9,B,Understocked,32980.94155226096,28013.942632604445,0.0,4966.998919656518,"Store 29, Dept 9: 15% below reorder point - restock recommended"
1,79,A,Understocked,86548.61047248052,81621.18080370575,0.0,4927.42966877477,"Store 1, Dept 79: 6% below reorder point - restock recommended"
40,26,A,Overstocked,9480.21020504976,14374.225801729815,12774.5710148796,4894.015596680056,"Store 40, Dept 26: 1.5x reorder point - INR 12,775 excess tied up"
11,13,A,Understocked,92547.06049484234,87659.45991956012,0.0,4887.600575282224,"Store 11, Dept 13: 5% below reorder point - restock recommended"
10,82,B,Understocked,47728.90936813283,42866.41762586429,0.0,4862.491742268539,"Store 10, Dept 82: 10% below reorder point - restock recommended"
24,30,A,Overstocked,9582.029499609023,14421.435200556012,4016.448944825608,4839.405700946989,"Store 24, Dept 30: 1.5x reorder point - INR 4,016 excess tied up"
29,92,B,Understocked,56982.91718956147,52156.86416185168,0.0,4826.053027709793,"Store 29, Dept 92: 8% below reorder point - restock recommended"
41,14,A,Understocked,38254.453710853675,33446.507290883805,0.0,4807.9464199698705,"Store 41, Dept 14: 13% below reorder point - restock recommended"
19,80,A,Understocked,46079.01010367252,41288.83942831396,0.0,4790.17067535856,"Store 19, Dept 80: 10% below reorder point - restock recommended"
31,16,A,Understocked,26925.340803578812,22192.625961193273,0.0,4732.71484238554,"Store 31, Dept 16: 18% below reorder point - restock recommended"
23,96,B,Understocked,41025.941804723945,36305.80342318183,0.0,4720.138381542114,"Store 23, Dept 96: 12% below reorder point - restock recommended"
32,67,A,Understocked,23847.415875092513,19173.781030155413,0.0,4673.6348449371,"Store 32, Dept 67: 20% below reorder point - restock recommended"
24,7,A,Understocked,63236.61823558557,58599.66014983186,0.0,4636.958085753708,"Store 24, Dept 7: 7% below reorder point - restock recommended"
31,96,A,Understocked,71003.22070660957,66408.67550297886,0.0,4594.545203630711,"Store 31, Dept 96: 6% below reorder point - restock recommended"
38,97,C,Understocked,23736.01984957546,19160.76885081035,0.0,4575.25099876511,"Store 38, Dept 97: 19% below reorder point - restock recommended"
9,87,B,Understocked,37574.11495046067,32998.92419606209,0.0,4575.19075439858,"Store 9, Dept 87: 12% below reorder point - restock recommended"
18,14,B,Understocked,43905.25436791876,39330.71150390108,0.0,4574.542864017676,"Store 18, Dept 14: 10% below reorder point - restock recommended"
25,4,B,Understocked,45345.150306182855,40814.7202016904,0.0,4530.430104492458,"Store 25, Dept 4: 10% below reorder point - restock recommended"
16,46,B,Understocked,32847.048943590555,28363.43775785819,0.0,4483.611185732363,"Store 16, Dept 46: 14% below reorder point - restock recommended"
1,23,A,Understocked,45593.967095382504,41118.03097588727,0.0,4475.936119495236,"Store 1, Dept 23: 10% below reorder point - restock recommended"
1,97,A,Understocked,81424.56124807007,76951.29514133884,0.0,4473.266106731229,"Store 1, Dept 97: 5% below reorder point - restock recommended"
40,82,A,Understocked,34282.199555041094,29813.222499481355,0.0,4468.977055559739,"Store 40, Dept 82: 13% below reorder point - restock recommended"
13,25,A,Understocked,34976.796802184246,30520.480655184358,0.0,4456.316146999889,"Store 13, Dept 25: 13% below reorder point - restock recommended"
8,16,A,Understocked,49088.063463544626,44660.53271526543,0.0,4427.530748279198,"Store 8, Dept 16: 9% below reorder point - restock recommended"
41,80,A,Understocked,41501.77955213965,37075.314493061844,0.0,4426.465059077804,"Store 41, Dept 80: 11% below reorder point - restock recommended"
13,67,A,Understocked,45132.819881560965,40722.55889442635,0.0,4410.260987134614,"Store 13, Dept 67: 10% below reorder point - restock recommended"
40,33,A,Overstocked,8527.663281918778,12930.153199995953,11508.637000776345,4402.489918077175,"Store 40, Dept 33: 1.5x reorder point - INR 11,509 excess tied up"
21,2,B,Understocked,103389.1731333685,98989.22574711846,0.0,4399.947386250045,"Store 21, Dept 2: 4% below reorder point - restock recommended"
25,67,B,Understocked,22933.318491533944,18549.36668210338,0.0,4383.951809430564,"Store 25, Dept 67: 19% below reorder point - restock recommended"
34,38,A,Understocked,106952.96653044716,102574.47941995907,0.0,4378.487110488088,"Store 34, Dept 38: 4% below reorder point - restock recommended"
7,8,B,Understocked,31109.6890177468,26735.187959649396,0.0,4374.501058097405,"Store 7, Dept 8: 14% below reorder point - restock recommended"
13,96,A,Understocked,23295.690632369857,18949.301669195815,0.0,4346.388963174042,"Store 13, Dept 96: 19% below reorder point - restock recommended"
24,25,A,Understocked,28785.472154980154,24460.9093668806,0.0,4324.562788099553,"Store 24, Dept 25: 15% below reorder point - restock recommended"
40,24,A,Overstocked,8176.974744053215,12479.846731651767,17793.923092471494,4302.871987598553,"Store 40, Dept 24: 1.5x reorder point - INR 17,794 excess tied up"
11,14,A,Understocked,52722.971484346366,48477.12934201232,0.0,4245.842142334048,"Store 11, Dept 14: 8% below reorder point - restock recommended"
1,5,A,Understocked,49308.22690508782,45062.473366852304,0.0,4245.753538235513,"Store 1, Dept 5: 9% below reorder point - restock recommended"
13,11,A,Understocked,49326.733034792254,45084.209590402985,0.0,4242.52344438927,"Store 13, Dept 11: 9% below reorder point - restock recommended"
32,72,A,Understocked,104827.60085025923,100626.13478607534,0.0,4201.4660641838855,"Store 32, Dept 72: 4% below reorder point - restock recommended"
1,16,A,Understocked,62300.58466357553,58109.76301817003,0.0,4190.8216454055,"Store 1, Dept 16: 7% below reorder point - restock recommended"
39,47,A,Overstocked,7966.582923288638,12138.438368977098,15650.810675663766,4171.85544568846,"Store 39, Dept 47: 1.5x reorder point - INR 15,651 excess tied up"
40,10,A,Understocked,52681.85760368275,48519.850680725074,0.0,4162.006922957677,"Store 40, Dept 10: 8% below reorder point - restock recommended"
11,11,A,Understocked,42345.184331117955,38196.789013320595,0.0,4148.39531779736,"Store 11, Dept 11: 10% below reorder point - restock recommended"
20,47,A,Overstocked,7954.896694717209,12093.352069718416,13363.58329433591,4138.455375001206,"Store 20, Dept 47: 1.5x reorder point - INR 13,364 excess tied up"
16,21,B,Overstocked,7787.641449834177,11886.142500703467,16988.467054032626,4098.501050869289,"Store 16, Dept 21: 1.5x reorder point - INR 16,988 excess tied up"
4,29,A,Understocked,21676.972952599634,17586.16680273723,0.0,4090.8061498624047,"Store 4, Dept 29: 19% below reorder point - restock recommended"
23,24,B,Understocked,26188.46225506361,22100.545696517078,0.0,4087.9165585465307,"Store 23, Dept 24: 16% below reorder point - restock recommended"
18,33,B,Understocked,21181.18431619571,17124.627315239017,0.0,4056.5570009566945,"Store 18, Dept 33: 19% below reorder point - restock recommended"
1,34,A,Understocked,26587.15225129401,22532.283524064056,0.0,4054.868727229954,"Store 1, Dept 34: 15% below reorder point - restock recommended"
41,91,A,Understocked,116050.74040331443,111997.26116694402,0.0,4053.4792363704037,"Store 41, Dept 91: 3% below reorder point - restock recommended"
18,7,B,Understocked,62225.12748213728,58207.47665775549,0.0,4017.650824381788,"Store 18, Dept 7: 6% below reorder point - restock recommended"
10,25,B,Understocked,45370.47284482115,41359.14101497212,0.0,4011.331829849034,"Store 10, Dept 25: 9% below reorder point - restock recommended"
15,1,B,Understocked,23313.45250642249,19321.759823991113,0.0,3991.6926824313778,"Store 15, Dept 1: 17% below reorder point - restock recommended"
39,51,A,Overstocked,7924.326689955305,11908.843733897917,1855.3570140916909,3984.517043942612,"Store 39, Dept 51: 1.5x reorder point - INR 1,855 excess tied up"
23,40,B,Understocked,137706.08873934767,133752.37063403797,0.0,3953.718105309701,"Store 23, Dept 40: 3% below reorder point - restock recommended"
5,10,B,Understocked,24232.43609586449,20300.181900737673,0.0,3932.2541951268176,"Store 5, Dept 10: 16% below reorder point - restock recommended"
31,49,A,Understocked,20927.015815543615,17016.69378833384,0.0,3910.322027209775,"Store 31, Dept 49: 19% below reorder point - restock recommended"
11,55,A,Understocked,21849.402188216605,18014.366217184568,0.0,3835.035971032037,"Store 11, Dept 55: 18% below reorder point - restock recommended"
12,10,B,Understocked,42798.019405283485,39004.12483488357,0.0,3793.8945703999125,"Store 12, Dept 10: 9% below reorder point - restock recommended"
5,1,B,Understocked,21929.134411916864,18141.1873488534,0.0,3787.947063063464,"Store 5, Dept 1: 17% below reorder point - restock recommended"
2,26,A,Understocked,20752.368366966748,16986.974863258256,0.0,3765.393503708492,"Store 2, Dept 26: 18% below reorder point - restock recommended"
10,23,B,Understocked,139615.79192864412,135870.67621120135,0.0,3745.1157174427644,"Store 10, Dept 23: 3% below reorder point - restock recommended"
1,74,A,Understocked,27654.353626546384,23909.941051117523,0.0,3744.4125754288616,"Store 1, Dept 74: 14% below reorder point - restock recommended"
13,98,A,Understocked,32691.076543321033,28962.930289245825,0.0,3728.1462540752073,"Store 13, Dept 98: 11% below reorder point - restock recommended"
7,5,B,Understocked,25317.405955437403,21598.709280931987,0.0,3718.696674505416,"Store 7, Dept 5: 15% below reorder point - restock recommended"
26,38,A,Understocked,232775.48572247327,229082.7225506687,0.0,3692.763171804574,"Store 26, Dept 38: 2% below reorder point - restock recommended"
3,6,B,Overstocked,7101.34771521717,10790.674190393525,11508.16725812491,3689.3264751763554,"Store 3, Dept 6: 1.5x reorder point - INR 11,508 excess tied up"
15,74,B,Understocked,30537.96171388871,26893.136964254078,0.0,3644.824749634634,"Store 15, Dept 74: 12% below reorder point - restock recommended"
41,94,A,Understocked,113304.1851897754,109701.58382522884,0.0,3602.6013645465573,"Store 41, Dept 94: 3% below reorder point - restock recommended"
16,18,B,Overstocked,7024.8553813301205,10589.582558340368,4340.857366650427,3564.727177010247,"Store 16, Dept 18: 1.5x reorder point - INR 4,341 excess tied up"
20,32,A,Understocked,29440.6307289504,25957.84303894994,0.0,3482.7876900004594,"Store 20, Dept 32: 12% below reorder point - restock recommended"
18,22,B,Understocked,31960.206607855973,28488.868847992773,0.0,3471.3377598631996,"Store 18, Dept 22: 11% below reorder point - restock recommended"
9,6,B,Overstocked,6723.012705516779,10188.213326902574,8606.624296074775,3465.200621385796,"Store 9, Dept 6: 1.5x reorder point - INR 8,607 excess tied up"
7,3,B,Understocked,24967.12006430268,21506.626501785806,0.0,3460.4935625168728,"Store 7, Dept 3: 14% below reorder point - restock recommended"
15,47,B,Overstocked,6538.860784892644,9994.595749443522,15463.279484678184,3455.7349645508784,"Store 15, Dept 47: 1.5x reorder point - INR 15,463 excess tied up"
18,87,B,Understocked,44284.59893299401,40842.01540442692,0.0,3442.583528567091,"Store 18, Dept 87: 8% below reorder point - restock recommended"
10,85,B,Overstocked,6578.050643689843,10016.206751998894,12377.855276522741,3438.156108309051,"Store 10, Dept 85: 1.5x reorder point - INR 12,378 excess tied up"
11,16,A,Understocked,42612.32594216522,39199.67659121946,0.0,3412.6493509457578,"Store 11, Dept 16: 8% below reorder point - restock recommended"
9,16,B,Understocked,34395.59850986357,31002.260703568154,0.0,3393.337806295418,"Store 9, Dept 16: 10% below reorder point - restock recommended"
5,9,B,Understocked,24578.729543933783,21194.32818446682,0.0,3384.401359466963,"Store 5, Dept 9: 14% below reorder point - restock recommended"
14,49,A,Understocked,27469.109212304793,24112.843481579752,0.0,3356.265730725041,"Store 14, Dept 49: 12% below reorder point - restock recommended"
26,95,A,Understocked,168280.5509766418,164927.65710358694,0.0,3352.8938730548543,"Store 26, Dept 95: 2% below reorder point - restock recommended"
28,33,A,Understocked,22381.97045730518,19032.270253809307,0.0,3349.7002034958714,"Store 28, Dept 33: 15% below reorder point - restock recommended"
9,74,B,Understocked,19216.089329275146,15887.454087069764,0.0,3328.6352422053824,"Store 9, Dept 74: 17% below reorder point - restock recommended"
6,21,A,Understocked,18153.241178817923,14830.98951839493,0.0,3322.251660422993,"Store 6, Dept 21: 18% below reorder point - restock recommended"
3,82,B,Understocked,17086.053540865603,13783.555993620565,0.0,3302.4975472450387,"Store 3, Dept 82: 19% below reorder point - restock recommended"
30,40,C,Understocked,52117.74534085127,48824.462495388514,0.0,3293.2828454627524,"Store 30, Dept 40: 6% below reorder point - restock recommended"
33,13,A,Understocked,16397.927857313236,13137.07735772437,0.0,3260.850499588865,"Store 33, Dept 13: 20% below reorder point - restock recommended"
35,10,B,Understocked,32861.08065053854,29627.99696175401,0.0,3233.0836887845326,"Store 35, Dept 10: 10% below reorder point - restock recommended"
41,46,A,Understocked,66091.3917409045,62863.841144155784,0.0,3227.5505967487115,"Store 41, Dept 46: 5% below reorder point - restock recommended"
27,55,A,Understocked,22420.084951541434,19197.254771253396,0.0,3222.830180288038,"Store 27, Dept 55: 14% below reorder point - restock recommended"
6,11,A,Understocked,56420.72785824685,53200.657469690566,0.0,3220.0703885562834,"Store 6, Dept 11: 6% below reorder point - restock recommended"
37,46,C,Understocked,19150.594162227073,15975.461906516337,0.0,3175.132255710736,"Store 37, Dept 46: 17% below reorder point - restock recommended"
21,38,B,Understocked,92899.28843756537,89732.05700909105,0.0,3167.231428474319,"Store 21, Dept 38: 3% below reorder point - restock recommended"
24,26,A,Understocked,17456.727767847773,14294.313960212154,0.0,3162.4138076356194,"Store 24, Dept 26: 18% below reorder point - restock recommended"
12,78,B,Overstocked,5975.935634892643,9129.545654446707,13748.302774942693,3153.610019554064,"Store 12, Dept 78: 1.5x reorder point - INR 13,748 excess tied up"
27,56,A,Understocked,19855.96437563286,16733.458671123204,0.0,3122.5057045096546,"Store 27, Dept 56: 16% below reorder point - restock recommended"
8,29,A,Overstocked,5873.624307916816,8972.224803587367,13428.432362107864,3098.600495670551,"Store 8, Dept 29: 1.5x reorder point - INR 13,428 excess tied up"
29,99,B,Overstocked,5960.405334892644,9047.720509970008,8890.33813337647,3087.315175077364,"Store 29, Dept 99: 1.5x reorder point - INR 8,890 excess tied up"
33,79,A,Understocked,27395.0489064464,24327.012835984984,0.0,3068.0360704614177,"Store 33, Dept 79: 11% below reorder point - restock recommended"
13,16,A,Understocked,80357.5826188113,77307.18292441934,0.0,3050.399694391963,"Store 13, Dept 16: 4% below reorder point - restock recommended"
27,14,A,Understocked,58212.944964641865,55174.85845658894,0.0,3038.0865080529256,"Store 27, Dept 14: 5% below reorder point - restock recommended"
8,81,A,Understocked,29679.14067069567,26697.905927965894,0.0,2981.2347427297755,"Store 8, Dept 81: 10% below reorder point - restock recommended"
33,81,A,Understocked,19676.765511774072,16695.814369334516,0.0,2980.951142439557,"Store 33, Dept 81: 15% below reorder point - restock recommended"
35,82,B,Understocked,24589.990722017625,21633.360897580485,0.0,2956.629824437139,"Store 35, Dept 82: 12% below reorder point - restock recommended"
10,1,B,Understocked,64689.20580300767,61736.5993005079,0.0,2952.6065024997733,"Store 10, Dept 1: 5% below reorder point - restock recommended"
22,10,B,Understocked,43341.61421217864,40404.74418203594,0.0,2936.8700301427016,"Store 22, Dept 10: 7% below reorder point - restock recommended"
19,17,A,Understocked,34908.484140518296,31992.495255282407,0.0,2915.988885235889,"Store 19, Dept 17: 8% below reorder point - restock recommended"
11,71,A,Understocked,24256.72797402267,21364.384061707886,0.0,2892.3439123147837,"Store 11, Dept 71: 12% below reorder point - restock recommended"
1,36,A,Overstocked,5660.34855180839,8518.322973841874,2307.4121287310463,2857.974422033484,"Store 1, Dept 36: 1.5x reorder point - INR 2,307 excess tied up"
42,96,C,Understocked,35150.866302302486,32304.20137349622,0.0,2846.6649288062654,"Store 42, Dept 96: 8% below reorder point - restock recommended"
12,91,B,Understocked,16362.198190723107,13526.322576247494,0.0,2835.8756144756135,"Store 12, Dept 91: 17% below reorder point - restock recommended"
17,58,B,Overstocked,5275.385022621946,8060.2654453871655,12216.596650702511,2784.88042276522,"Store 17, Dept 58: 1.5x reorder point - INR 12,217 excess tied up"
9,46,B,Understocked,17868.46969875113,15091.47562169847,0.0,2776.994077052661,"Store 9, Dept 46: 16% below reorder point - restock recommended"
40,3,A,Understocked,18690.145450824744,15992.309473937425,0.0,2697.8359768873197,"Store 40, Dept 3: 14% below reorder point - restock recommended"
20,10,A,Understocked,97289.65486541211,94596.3696124823,0.0,2693.2852529298107,"Store 20, Dept 10: 3% below reorder point - restock recommended"
21,55,B,Understocked,14729.664194847823,12059.451639449679,0.0,2670.212555398144,"Store 21, Dept 55: 18% below reorder point - restock recommended"
21,26,B,Understocked,23645.439066734933,20991.300256033854,0.0,2654.138810701079,"Store 21, Dept 26: 11% below reorder point - restock recommended"
5,23,B,Understocked,14485.832230817236,11856.741214365042,0.0,2629.091016452194,"Store 5, Dept 23: 18% below reorder point - restock recommended"
14,6,A,Understocked,13656.626946643551,11034.92268618424,0.0,2621.7042604593116,"Store 14, Dept 6: 19% below reorder point - restock recommended"
37,3,C,Overstocked,5078.18429976384,7691.703405868659,6177.437366500634,2613.519106104819,"Store 37, Dept 3: 1.5x reorder point - INR 6,177 excess tied up"
14,5,A,Understocked,52955.88785473593,50344.50213806487,0.0,2611.3857166710586,"Store 14, Dept 5: 5% below reorder point - restock recommended"
30,16,C,Overstocked,5002.803655516863,7596.25973651408,7640.503018819184,2593.456080997217,"Store 30, Dept 16: 1.5x reorder point - INR 7,641 excess tied up"
31,5,A,Understocked,35822.67255842286,33231.38398290387,0.0,2591.2885755189927,"Store 31, Dept 5: 7% below reorder point - restock recommended"
8,40,A,Understocked,78307.50745410452,75716.25314657515,0.0,2591.254307529365,"Store 8, Dept 40: 3% below reorder point - restock recommended"
23,42,B,Understocked,29072.380910886262,26492.60509812526,0.0,2579.775812761003,"Store 23, Dept 42: 9% below reorder point - restock recommended"
13,20,A,Understocked,20796.370273352753,18217.605070979178,0.0,2578.7652023735754,"Store 13, Dept 20: 12% below reorder point - restock recommended"
3,38,B,Understocked,218937.68102909165,216375.5383466359,0.0,2562.142682455742,"Store 3, Dept 38: 1% below reorder point - restock recommended"
41,18,A,Understocked,14899.883151870301,12343.344411897342,0.0,2556.538739972959,"Store 41, Dept 18: 17% below reorder point - restock recommended"
32,71,A,Understocked,13095.168782531991,10549.399140825995,0.0,2545.769641705996,"Store 32, Dept 71: 19% below reorder point - restock recommended"
8,25,A,Understocked,16010.127590231288,13466.98466505615,0.0,2543.142925175138,"Store 8, Dept 25: 16% below reorder point - restock recommended"
28,98,A,Understocked,21760.15501796315,19220.525649592575,0.0,2539.6293683705735,"Store 28, Dept 98: 12% below reorder point - restock recommended"
27,81,A,Understocked,65068.81342051381,62534.1700686008,0.0,2534.643351913015,"Store 27, Dept 81: 4% below reorder point - restock recommended"
25,49,B,Understocked,27980.05450780741,25451.311490863904,0.0,2528.7430169435065,"Store 25, Dept 49: 9% below reorder point - restock recommended"
28,1,A,Understocked,38586.698290718596,36065.73918324796,0.0,2520.959107470633,"Store 28, Dept 1: 7% below reorder point - restock recommended"
22,56,B,Understocked,19289.351022938998,16779.259129737275,0.0,2510.091893201723,"Store 22, Dept 56: 13% below reorder point - restock recommended"
28,71,A,Understocked,13582.188768390946,11082.129945750457,0.0,2500.058822640489,"Store 28, Dept 71: 18% below reorder point - restock recommended"
35,91,B,Understocked,16157.885904679348,13663.012073995262,0.0,2494.873830684086,"Store 35, Dept 91: 15% below reorder point - restock recommended"
22,81,B,Understocked,24783.338211917468,22295.116318743585,0.0,2488.2218931738826,"Store 22, Dept 81: 10% below reorder point - restock recommended"
16,17,B,Understocked,15729.016047798426,13247.372961415433,0.0,2481.6430863829937,"Store 16, Dept 17: 16% below reorder point - restock recommended"
4,6,A,Understocked,18827.614869477417,16349.572785290113,0.0,2478.0420841873038,"Store 4, Dept 6: 13% below reorder point - restock recommended"
23,6,B,Understocked,16554.27155354617,14082.377878766883,0.0,2471.893674779285,"Store 23, Dept 6: 15% below reorder point - restock recommended"
45,25,B,Understocked,18426.77155239439,15970.773771458189,0.0,2455.9977809362026,"Store 45, Dept 25: 13% below reorder point - restock recommended"
20,74,A,Understocked,46559.36559688843,44108.15560981279,0.0,2451.2099870756356,"Store 20, Dept 74: 5% below reorder point - restock recommended"
12,81,B,Understocked,16182.04305831949,13738.001591724538,0.0,2444.041466594952,"Store 12, Dept 81: 15% below reorder point - restock recommended"
5,24,B,Overstocked,4854.37635976203,7294.833213901313,1101.2999634362623,2440.4568541392828,"Store 5, Dept 24: 1.5x reorder point - INR 1,101 excess tied up"
9,1,B,Understocked,26258.64056411257,23826.135712016843,0.0,2432.504852095728,"Store 9, Dept 1: 9% below reorder point - restock recommended"
34,85,A,Overstocked,4815.871914442216,7231.6524663619675,651.1013599874486,2415.780551919752,"Store 34, Dept 85: 1.5x reorder point - INR 651 excess tied up"
41,67,A,Understocked,26933.296264702567,24527.194206920456,0.0,2406.102057782111,"Store 41, Dept 67: 9% below reorder point - restock recommended"
12,58,B,Understocked,12537.70168973142,10150.008656845512,0.0,2387.693032885909,"Store 12, Dept 58: 19% below reorder point - restock recommended"
38,79,C,Understocked,20105.142998296156,17720.75175022313,0.0,2384.391248073025,"Store 38, Dept 79: 12% below reorder point - restock recommended"
21,81,B,Understocked,12731.27703001777,10354.472188562804,0.0,2376.8048414549667,"Store 21, Dept 81: 19% below reorder point - restock recommended"
36,92,A,Understocked,78044.51200022924,75675.1239954548,0.0,2369.388004774446,"Store 36, Dept 92: 3% below reorder point - restock recommended"
13,22,A,Understocked,34009.27350302438,31640.106000766453,0.0,2369.1675022579257,"Store 13, Dept 22: 7% below reorder point - restock recommended"
23,4,B,Understocked,68266.45283221616,65908.47313774933,0.0,2357.979694466834,"Store 23, Dept 4: 3% below reorder point - restock recommended"
6,12,A,Understocked,15687.794844788214,13344.567752387546,0.0,2343.227092400668,"Store 6, Dept 12: 15% below reorder point - restock recommended"
5,4,B,Understocked,21795.241757199736,19457.79305722013,0.0,2337.4486999796063,"Store 5, Dept 4: 11% below reorder point - restock recommended"
16,11,B,Understocked,32648.670909438268,30326.222832514813,0.0,2322.448076923454,"Store 16, Dept 11: 7% below reorder point - restock recommended"
6,18,A,Understocked,15688.11150200221,13365.764483548033,0.0,2322.3470184541766,"Store 6, Dept 18: 15% below reorder point - restock recommended"
18,93,B,Understocked,12971.053032441998,10675.92748447897,0.0,2295.125547963027,"Store 18, Dept 93: 18% below reorder point - restock recommended"
25,56,B,Understocked,16545.868622455393,14260.853915105017,0.0,2285.014707350376,"Store 25, Dept 56: 14% below reorder point - restock recommended"
23,55,B,Understocked,21259.860954021824,18989.96352316581,0.0,2269.8974308560137,"Store 23, Dept 55: 11% below reorder point - restock recommended"
14,97,A,Understocked,58648.60139391093,56389.62691095733,0.0,2258.9744829535994,"Store 14, Dept 97: 4% below reorder point - restock recommended"
35,44,B,Overstocked,4369.353068468481,6624.467008734689,5846.304700653331,2255.1139402662084,"Store 35, Dept 44: 1.5x reorder point - INR 5,846 excess tied up"
18,50,B,Overstocked,4331.868043548908,6585.581709842629,7285.710495099169,2253.713666293721,"Store 18, Dept 50: 1.5x reorder point - INR 7,286 excess tied up"
20,22,A,Understocked,28904.074199694867,26660.020493127227,0.0,2244.05370656764,"Store 20, Dept 22: 8% below reorder point - restock recommended"
24,42,A,Understocked,14257.914546749162,12044.875588197077,0.0,2213.0389585520843,"Store 24, Dept 42: 16% below reorder point - restock recommended"
29,44,B,Overstocked,4253.672169724519,6461.508589868479,6723.02782838112,2207.83642014396,"Store 29, Dept 44: 1.5x reorder point - INR 6,723 excess tied up"
7,93,B,Overstocked,4315.295034711707,6521.740812789959,4050.2556399591494,2206.4457780782523,"Store 7, Dept 93: 1.5x reorder point - INR 4,050 excess tied up"
9,23,B,Understocked,29563.219320586155,27369.436462778052,0.0,2193.7828578081026,"Store 9, Dept 23: 7% below reorder point - restock recommended"
40,58,A,Understocked,11463.148032052297,9271.798493697064,0.0,2191.3495383552327,"Store 40, Dept 58: 19% below reorder point - restock recommended"
19,16,A,Understocked,111567.33805682027,109378.98497738903,0.0,2188.353079431239,"Store 19, Dept 16: 2% below reorder point - restock recommended"
12,22,B,Understocked,19985.894449178,17807.507046786814,0.0,2178.387402391185,"Store 12, Dept 22: 11% below reorder point - restock recommended"
4,24,A,Understocked,30697.25787365997,28526.67920342221,0.0,2170.5786702377627,"Store 4, Dept 24: 7% below reorder point - restock recommended"
44,91,C,Understocked,41605.210358101765,39438.48684557199,0.0,2166.723512529774,"Store 44, Dept 91: 5% below reorder point - restock recommended"
16,13,B,Understocked,33827.30480676869,31665.73770788945,0.0,2161.567098879241,"Store 16, Dept 13: 6% below reorder point - restock recommended"
29,16,B,Understocked,27245.395224926644,25093.428971375928,0.0,2151.966253550716,"Store 29, Dept 16: 8% below reorder point - restock recommended"
26,98,A,Understocked,16815.85732870091,14670.154147097657,0.0,2145.7031816032522,"Store 26, Dept 98: 13% below reorder point - restock recommended"
2,71,A,Understocked,11002.709234084658,8858.006744945955,0.0,2144.7024891387027,"Store 2, Dept 71: 19% below reorder point - restock recommended"
6,58,A,Understocked,11135.56622934105,8996.551855128288,0.0,2139.014374212762,"Store 6, Dept 58: 19% below reorder point - restock recommended"
12,31,B,Understocked,10875.594112208064,8737.249771311475,0.0,2138.3443408965886,"Store 12, Dept 31: 20% below reorder point - restock recommended"
6,98,A,Understocked,22012.40668220702,19907.66681775512,0.0,2104.7398644519017,"Store 6, Dept 98: 10% below reorder point - restock recommended"
7,94,B,Overstocked,4021.213528050157,6111.978533103277,6653.134005327455,2090.76500505312,"Store 7, Dept 94: 1.5x reorder point - INR 6,653 excess tied up"
23,10,B,Understocked,71059.6302289839,68971.17489122611,0.0,2088.455337757783,"Store 23, Dept 10: 3% below reorder point - restock recommended"
5,46,B,Understocked,10995.481770780021,8911.917656171898,0.0,2083.5641146081234,"Store 5, Dept 46: 19% below reorder point - restock recommended"
15,22,B,Understocked,18535.70901496089,16459.96589144231,0.0,2075.7431235185795,"Store 15, Dept 22: 11% below reorder point - restock recommended"
18,71,B,Understocked,15262.391136406877,13188.881509872203,0.0,2073.5096265346747,"Store 18, Dept 71: 14% below reorder point - restock recommended"
28,90,A,Understocked,162702.08622116162,160630.39170375981,0.0,2071.6945174018038,"Store 28, Dept 90: 1% below reorder point - restock recommended"
6,24,A,Understocked,18126.66843177873,16064.947040358102,0.0,2061.7213914206277,"Store 6, Dept 24: 11% below reorder point - restock recommended"
8,1,A,Understocked,25188.716637011446,23141.135073650836,0.0,2047.5815633606107,"Store 8, Dept 1: 8% below reorder point - restock recommended"
14,36,A,Understocked,11543.687339319093,9497.726775282552,0.0,2045.9605640365407,"Store 14, Dept 36: 18% below reorder point - restock recommended"
42,81,C,Understocked,35424.262256360766,33388.275460309786,0.0,2035.98679605098,"Store 42, Dept 81: 6% below reorder point - restock recommended"
20,21,A,Understocked,25844.436038096017,23827.03468070898,0.0,2017.4013573870361,"Store 20, Dept 21: 8% below reorder point - restock recommended"
4,9,A,Understocked,91719.58810499903,89712.07008660829,0.0,2007.518018390736,"Store 4, Dept 9: 2% below reorder point - restock recommended"
15,4,B,Understocked,29387.683167154486,27384.030985916797,0.0,2003.6521812376886,"Store 15, Dept 4: 7% below reorder point - restock recommended"
22,80,B,Overstocked,3830.8321710165383,5827.015337512784,6703.667722002045,1996.1831664962456,"Store 22, Dept 80: 1.5x reorder point - INR 6,704 excess tied up"
18,25,B,Understocked,36822.89316631374,34848.56196264925,0.0,1974.331203664493,"Store 18, Dept 25: 5% below reorder point - restock recommended"
2,58,A,Understocked,58542.31972785934,56574.86859109639,0.0,1967.451136762953,"Store 2, Dept 58: 3% below reorder point - restock recommended"
14,20,A,Understocked,24760.924561384938,22814.390512302984,0.0,1946.5340490819544,"Store 14, Dept 20: 8% below reorder point - restock recommended"
26,56,A,Understocked,18741.676280445623,16795.578185457558,0.0,1946.098094988065,"Store 26, Dept 56: 10% below reorder point - restock recommended"
26,1,A,Understocked,38925.014772087816,36984.66901282662,0.0,1940.3457592611958,"Store 26, Dept 1: 5% below reorder point - restock recommended"
44,56,C,Overstocked,3842.610218257346,5781.058055797909,1422.8464581868657,1938.4478375405633,"Store 44, Dept 56: 1.5x reorder point - INR 1,423 excess tied up"
9,25,B,Understocked,11346.761537528344,9415.92953351815,0.0,1930.8320040101935,"Store 9, Dept 25: 17% below reorder point - restock recommended"
17,33,B,Understocked,12709.653568000731,10792.604907353722,0.0,1917.0486606470095,"Store 17, Dept 33: 15% below reorder point - restock recommended"
3,4,B,Understocked,20323.395793441625,18408.38839353682,0.0,1915.0073999048036,"Store 3, Dept 4: 9% below reorder point - restock recommended"
22,58,B,Understocked,10421.020754383126,8516.643486435496,0.0,1904.3772679476297,"Store 22, Dept 58: 18% below reorder point - restock recommended"
15,72,B,Understocked,73793.02939877064,71897.08844334398,0.0,1895.9409554266604,"Store 15, Dept 72: 3% below reorder point - restock recommended"
27,31,A,Understocked,9589.026057404346,7693.748655823025,0.0,1895.277401581321,"Store 27, Dept 31: 20% below reorder point - restock recommended"
21,82,B,Understocked,33041.87687346485,31155.778129940085,0.0,1886.0987435247625,"Store 21, Dept 82: 6% below reorder point - restock recommended"
29,24,B,Understocked,12194.184421878377,10309.687445984919,0.0,1884.4969758934585,"Store 29, Dept 24: 15% below reorder point - restock recommended"
36,4,A,Understocked,18223.56559861725,16367.27028054888,0.0,1856.295318068369,"Store 36, Dept 4: 10% below reorder point - restock recommended"
13,35,A,Understocked,9711.238217882776,7861.163861153738,0.0,1850.0743567290374,"Store 13, Dept 35: 19% below reorder point - restock recommended"
30,1,C,Understocked,18878.697991691428,17042.16721599995,0.0,1836.5307756914772,"Store 30, Dept 1: 10% below reorder point - restock recommended"
10,30,B,Understocked,25002.338123234367,23166.23453196368,0.0,1836.1035912706866,"Store 10, Dept 30: 7% below reorder point - restock recommended"
19,22,A,Understocked,27299.689701538795,25469.13845002756,0.0,1830.551251511235,"Store 19, Dept 22: 7% below reorder point - restock recommended"
45,29,B,Understocked,9619.622301421248,7792.223578813436,0.0,1827.3987226078125,"Store 45, Dept 29: 19% below reorder point - restock recommended"
14,38,A,Understocked,212204.917813243,210391.14982578397,0.0,1813.7679874590249,"Store 14, Dept 38: 1% below reorder point - restock recommended"
9,96,B,Understocked,9771.791812556114,7960.609493307075,0.0,1811.1823192490383,"Store 9, Dept 96: 19% below reorder point - restock recommended"
2,18,A,Understocked,15870.694157154252,14082.127226900262,0.0,1788.56693025399,"Store 2, Dept 18: 11% below reorder point - restock recommended"
9,12,B,Understocked,16803.00173572281,15023.26470798205,0.0,1779.737027740759,"Store 9, Dept 12: 11% below reorder point - restock recommended"
34,32,A,Understocked,12052.197675721687,10272.686818443979,0.0,1779.510857277708,"Store 34, Dept 32: 15% below reorder point - restock recommended"
19,35,A,Understocked,10013.371513673452,8234.759682398377,0.0,1778.611831275075,"Store 19, Dept 35: 18% below reorder point - restock recommended"
25,55,B,Understocked,10455.97073339763,8682.859945942357,0.0,1773.1107874552727,"Store 25, Dept 55: 17% below reorder point - restock recommended"
22,19,B,Overstocked,3518.9287071225267,5288.726813315339,857.7014684185697,1769.7981061928126,"Store 22, Dept 19: 1.5x reorder point - INR 858 excess tied up"
45,5,B,Understocked,28296.12252474945,26531.424719054605,0.0,1764.6978056948465,"Store 45, Dept 5: 6% below reorder point - restock recommended"
35,27,B,Overstocked,3495.2626222313775,5255.969915047913,1085.3064811702652,1760.7072928165353,"Store 35, Dept 27: 1.5x reorder point - INR 1,085 excess tied up"
35,32,B,Understocked,16767.83309409467,15013.518862322126,0.0,1754.3142317725433,"Store 35, Dept 32: 10% below reorder point - restock recommended"
11,49,A,Understocked,19576.96892594488,17829.189258139286,0.0,1747.779667805593,"Store 11, Dept 49: 9% below reorder point - restock recommended"
24,71,A,Understocked,11277.936432398383,9535.190891805274,0.0,1742.7455405931087,"Store 24, Dept 71: 15% below reorder point - restock recommended"
11,90,A,Understocked,107304.9501018664,105568.03846123959,0.0,1736.911640626815,"Store 11, Dept 90: 2% below reorder point - restock recommended"
11,98,A,Understocked,19707.248384353556,17971.95666713018,0.0,1735.2917172233756,"Store 11, Dept 98: 9% below reorder point - restock recommended"
34,56,A,Understocked,9470.133269483347,7737.544264561983,0.0,1732.589004921364,"Store 34, Dept 56: 18% below reorder point - restock recommended"
44,8,C,Understocked,11432.312371079002,9709.198342522142,0.0,1723.11402855686,"Store 44, Dept 8: 15% below reorder point - restock recommended"
32,41,A,Understocked,11346.088574965566,9664.377201135301,0.0,1681.711373830265,"Store 32, Dept 41: 15% below reorder point - restock recommended"
32,6,A,Understocked,10931.006499933135,9252.636410890487,0.0,1678.370089042648,"Store 32, Dept 6: 15% below reorder point - restock recommended"
13,19,A,Understocked,9017.853822368143,7344.038184101775,0.0,1673.8156382663674,"Store 13, Dept 19: 19% below reorder point - restock recommended"
23,31,B,Understocked,12772.994405526882,11119.834382274645,0.0,1653.1600232522378,"Store 23, Dept 31: 13% below reorder point - restock recommended"
28,40,A,Understocked,92518.33512735048,90868.61533350676,0.0,1649.7197938437166,"Store 28, Dept 40: 2% below reorder point - restock recommended"
19,93,A,Understocked,83490.18551681103,81860.34724868131,0.0,1629.8382681297226,"Store 19, Dept 93: 2% below reorder point - restock recommended"
39,71,A,Understocked,17554.138514641592,15926.567556950164,0.0,1627.5709576914287,"Store 39, Dept 71: 9% below reorder point - restock recommended"
27,12,A,Understocked,9288.018262152815,7669.8345416910515,0.0,1618.1837204617632,"Store 27, Dept 12: 17% below reorder point - restock recommended"
34,55,A,Understocked,19411.853061887687,17797.140253098998,0.0,1614.7128087886886,"Store 34, Dept 55: 8% below reorder point - restock recommended"
24,56,A,Understocked,16790.22122628268,15175.707790802808,0.0,1614.513435479872,"Store 24, Dept 56: 10% below reorder point - restock recommended"
16,3,B,Understocked,20655.87085234049,19043.36576332973,0.0,1612.5050890107595,"Store 16, Dept 3: 8% below reorder point - restock recommended"
31,14,A,Understocked,35988.964594441284,34377.75285622432,0.0,1611.2117382169672,"Store 31, Dept 14: 4% below reorder point - restock recommended"
43,83,C,Understocked,10696.115588913019,9090.605495043248,0.0,1605.5100938697706,"Store 43, Dept 83: 15% below reorder point - restock recommended"
14,41,A,Understocked,9864.728361401363,8262.112916095033,0.0,1602.61544530633,"Store 14, Dept 41: 16% below reorder point - restock recommended"
12,71,B,Understocked,17413.054867283776,15820.17462543909,0.0,1592.8802418446867,"Store 12, Dept 71: 9% below reorder point - restock recommended"
3,24,B,Understocked,8437.79143490364,6852.407335744224,0.0,1585.384099159416,"Store 3, Dept 24: 19% below reorder point - restock recommended"
17,67,B,Understocked,19647.04148903188,18064.381713814564,0.0,1582.6597752173147,"Store 17, Dept 67: 8% below reorder point - restock recommended"
12,90,B,Understocked,25763.81668008906,24197.429083246847,0.0,1566.3875968422144,"Store 12, Dept 90: 6% below reorder point - restock recommended"
25,82,B,Understocked,24132.694627112807,22568.7214042077,0.0,1563.9732229051078,"Store 25, Dept 82: 6% below reorder point - restock recommended"
3,95,B,Understocked,42630.353178252415,41083.57884722484,0.0,1546.7743310275764,"Store 3, Dept 95: 4% below reorder point - restock recommended"
25,8,B,Understocked,64505.10084062234,62961.94944461324,0.0,1543.1513960091033,"Store 25, Dept 8: 2% below reorder point - restock recommended"
20,37,A,Understocked,8989.04567745205,7449.4089874144465,0.0,1539.6366900376033,"Store 20, Dept 37: 17% below reorder point - restock recommended"
12,87,B,Understocked,30589.128495592267,29052.08405671173,0.0,1537.0444388805372,"Store 12, Dept 87: 5% below reorder point - restock recommended"
8,67,A,Understocked,15028.906016503606,13493.419472613292,0.0,1535.4865438903144,"Store 8, Dept 67: 10% below reorder point - restock recommended"
20,12,A,Understocked,20125.919770988992,18594.80562093779,0.0,1531.1141500512022,"Store 20, Dept 12: 8% below reorder point - restock recommended"
17,20,B,Understocked,12554.9416365801,11024.442353267139,0.0,1530.4992833129618,"Store 17, Dept 20: 12% below reorder point - restock recommended"
5,82,B,Understocked,9157.510262847069,7628.864722415659,0.0,1528.6455404314092,"Store 5, Dept 82: 17% below reorder point - restock recommended"
15,58,B,Overstocked,2923.3937338271626,4438.825303678414,4459.9803438265835,1515.431569851251,"Store 15, Dept 58: 1.5x reorder point - INR 4,460 excess tied up"
35,97,B,Understocked,8088.637285833117,6583.784731206284,0.0,1504.852554626833,"Store 35, Dept 97: 19% below reorder point - restock recommended"
17,74,B,Understocked,38569.077892097186,37071.12499973397,0.0,1497.952892363217,"Store 17, Dept 74: 4% below reorder point - restock recommended"
7,44,B,Understocked,7797.624043257629,6307.285732180472,0.0,1490.3383110771565,"Store 7, Dept 44: 19% below reorder point - restock recommended"
23,19,B,Overstocked,2776.140032399401,4235.617183202659,5926.7921720953145,1459.4771508032582,"Store 23, Dept 19: 1.5x reorder point - INR 5,927 excess tied up"
27,35,A,Understocked,11045.826516410047,9586.48689997753,0.0,1459.3396164325168,"Store 27, Dept 35: 13% below reorder point - restock recommended"
39,42,A,Understocked,9198.159152205568,7746.9329117877405,0.0,1451.2262404178273,"Store 39, Dept 42: 16% below reorder point - restock recommended"
3,32,B,Understocked,14508.429375106145,13063.24892127516,0.0,1445.1804538309843,"Store 3, Dept 32: 10% below reorder point - restock recommended"
14,83,A,Understocked,22246.343722117403,20803.602439229075,0.0,1442.741282888328,"Store 14, Dept 83: 6% below reorder point - restock recommended"
2,37,A,Understocked,10002.478478604375,8564.075403567107,0.0,1438.4030750372676,"Store 2, Dept 37: 14% below reorder point - restock recommended"
2,6,A,Understocked,12458.881481637507,11020.932367719053,0.0,1437.9491139184538,"Store 2, Dept 6: 12% below reorder point - restock recommended"
10,44,B,Understocked,18914.44831727442,17491.09709483931,0.0,1423.351222435107,"Store 10, Dept 44: 8% below reorder point - restock recommended"
22,97,B,Understocked,9951.628319450532,8538.25964588732,0.0,1413.3686735632127,"Store 22, Dept 97: 14% below reorder point - restock recommended"
28,21,A,Understocked,10000.044928895186,8588.429637119141,0.0,1411.6152917760446,"Store 28, Dept 21: 14% below reorder point - restock recommended"
31,7,A,Understocked,41272.03393481537,39862.225690195,0.0,1409.8082446203698,"Store 31, Dept 7: 3% below reorder point - restock recommended"
30,2,C,Understocked,26788.362390199833,25381.208233734837,0.0,1407.154156464996,"Store 30, Dept 2: 5% below reorder point - restock recommended"
19,47,A,Understocked,8234.111563288638,6828.381647097596,0.0,1405.7299161910414,"Store 19, Dept 47: 17% below reorder point - restock recommended"
1,14,A,Understocked,31212.45952458204,29808.134524863584,0.0,1404.324999718454,"Store 1, Dept 14: 4% below reorder point - restock recommended"
44,96,C,Understocked,7396.351388501775,6000.203311633317,0.0,1396.1480768684578,"Store 44, Dept 96: 19% below reorder point - restock recommended"
17,48,B,Understocked,7569.111922437154,6177.532153430418,0.0,1391.5797690067366,"Store 17, Dept 48: 18% below reorder point - restock recommended"
28,16,A,Understocked,21282.07394604867,19916.914776169288,0.0,1365.1591698793818,"Store 28, Dept 16: 6% below reorder point - restock recommended"
9,14,B,Understocked,15318.019613616903,13953.015051058794,0.0,1365.0045625581097,"Store 9, Dept 14: 9% below reorder point - restock recommended"
2,56,A,Understocked,11390.572489810975,10027.552721351047,0.0,1363.019768459928,"Store 2, Dept 56: 12% below reorder point - restock recommended"
3,79,B,Understocked,16608.417007105018,15246.34347700803,0.0,1362.0735300969882,"Store 3, Dept 79: 8% below reorder point - restock recommended"
15,96,B,Understocked,10097.9898512872,8737.487998607869,0.0,1360.501852679332,"Store 15, Dept 96: 13% below reorder point - restock recommended"
7,25,B,Understocked,11397.168325932718,10042.890249728262,0.0,1354.2780762044567,"Store 7, Dept 25: 12% below reorder point - restock recommended"
15,85,B,Understocked,7204.971748903273,5857.98767132369,0.0,1346.9840775795828,"Store 15, Dept 85: 19% below reorder point - restock recommended"
34,51,A,Understocked,7836.588966145781,6492.356049880436,0.0,1344.232916265345,"Store 34, Dept 51: 17% below reorder point - restock recommended"
23,29,B,Understocked,25086.241150773447,23748.68272800009,0.0,1337.5584227733561,"Store 23, Dept 29: 5% below reorder point - restock recommended"
20,45,A,Understocked,7860.952473288638,6527.327635127828,0.0,1333.6248381608102,"Store 20, Dept 45: 17% below reorder point - restock recommended"
3,34,B,Understocked,11161.27607632432,9853.572648540228,0.0,1307.7034277840921,"Store 3, Dept 34: 12% below reorder point - restock recommended"
1,44,A,Understocked,11746.403460915903,10443.585319958409,0.0,1302.8181409574936,"Store 1, Dept 44: 11% below reorder point - restock recommended"
25,18,B,Understocked,10146.230897810132,8843.45773178185,0.0,1302.7731660282825,"Store 25, Dept 18: 13% below reorder point - restock recommended"
13,36,A,Understocked,9439.171980005038,8140.542285803841,0.0,1298.6296942011968,"Store 13, Dept 36: 14% below reorder point - restock recommended"
3,74,B,Understocked,9322.61520157119,8030.707458464385,0.0,1291.9077431068054,"Store 3, Dept 74: 14% below reorder point - restock recommended"
1,31,A,Understocked,7610.69110231436,6346.622294085938,0.0,1264.0688082284223,"Store 1, Dept 31: 17% below reorder point - restock recommended"
41,7,A,Understocked,74521.8754535583,73272.21885301176,0.0,1249.656600546543,"Store 41, Dept 7: 2% below reorder point - restock recommended"
30,82,C,Understocked,9848.788662506508,8602.575727984453,0.0,1246.2129345220546,"Store 30, Dept 82: 13% below reorder point - restock recommended"
38,83,C,Understocked,6559.440123573395,5317.909793117747,0.0,1241.5303304556483,"Store 38, Dept 83: 19% below reorder point - restock recommended"
44,82,C,Understocked,10101.44202790487,8862.108603154225,0.0,1239.3334247506446,"Store 44, Dept 82: 12% below reorder point - restock recommended"
38,1,C,Understocked,15830.697917581494,14593.936591550973,0.0,1236.7613260305206,"Store 38, Dept 1: 8% below reorder point - restock recommended"
40,34,A,Understocked,20184.333349419943,18948.619887657922,0.0,1235.7134617620213,"Store 40, Dept 34: 6% below reorder point - restock recommended"
13,32,A,Understocked,24477.53111723283,23244.806806583172,0.0,1232.7243106496571,"Store 13, Dept 32: 5% below reorder point - restock recommended"
17,6,B,Understocked,14864.803720963468,13636.297916472007,0.0,1228.5058044914604,"Store 17, Dept 6: 8% below reorder point - restock recommended"
10,36,B,Understocked,10252.783053632827,9040.785149878513,0.0,1211.9979037543144,"Store 10, Dept 36: 12% below reorder point - restock recommended"
28,20,A,Understocked,11808.451892756224,10597.381552236653,0.0,1211.070340519571,"Store 28, Dept 20: 10% below reorder point - restock recommended"
1,17,A,Understocked,18196.923558665454,16993.839274598096,0.0,1203.0842840673577,"Store 1, Dept 17: 7% below reorder point - restock recommended"
1,33,A,Understocked,15921.152663277477,14718.828772999777,0.0,1202.3238902776993,"Store 1, Dept 33: 8% below reorder point - restock recommended"
36,44,A,Understocked,7834.436089955305,6645.068302778227,0.0,1189.3677871770778,"Store 36, Dept 44: 15% below reorder point - restock recommended"
6,47,A,Understocked,9522.815473288638,8335.133967516742,0.0,1187.681505771896,"Store 6, Dept 47: 12% below reorder point - restock recommended"
45,23,B,Understocked,50563.33473521616,49384.00150184496,0.0,1179.333233371195,"Store 45, Dept 23: 2% below reorder point - restock recommended"
41,47,A,Understocked,7913.025923288638,6741.467207951832,0.0,1171.558715336806,"Store 41, Dept 47: 15% below reorder point - restock recommended"
39,58,A,Understocked,11996.015393461399,10829.83658469287,0.0,1166.178808768529,"Store 39, Dept 58: 10% below reorder point - restock recommended"
33,33,A,Understocked,7853.202023288638,6689.637019021451,0.0,1163.5650042671869,"Store 33, Dept 33: 15% below reorder point - restock recommended"
25,37,B,Understocked,6735.537526408639,5577.370165397099,0.0,1158.1673610115395,"Store 25, Dept 37: 17% below reorder point - restock recommended"
16,22,B,Understocked,15560.435884936604,14423.645397556962,0.0,1136.7904873796415,"Store 16, Dept 22: 7% below reorder point - restock recommended"
13,17,A,Understocked,36278.79481826704,35142.70990177038,0.0,1136.0849164966567,"Store 13, Dept 17: 3% below reorder point - restock recommended"
7,20,B,Understocked,8160.156013363901,7025.531389797972,0.0,1134.6246235659291,"Store 7, Dept 20: 14% below reorder point - restock recommended"
44,7,C,Overstocked,2196.1989262782417,3328.711027658798,2856.2489740391184,1132.512101380556,"Store 44, Dept 7: 1.5x reorder point - INR 2,856 excess tied up"
17,47,B,Understocked,6122.551334892643,5007.931368389697,0.0,1114.6199665029462,"Store 17, Dept 47: 18% below reorder point - restock recommended"
11,36,A,Understocked,9473.927526141204,8387.605023814795,0.0,1086.3225023264094,"Store 11, Dept 36: 11% below reorder point - restock recommended"
41,20,A,Understocked,15057.09274523701,13971.655441904633,0.0,1085.4373033323773,"Store 41, Dept 20: 7% below reorder point - restock recommended"
31,37,A,Understocked,6348.205538134913,5273.3147617407785,0.0,1074.8907763941343,"Store 31, Dept 37: 17% below reorder point - restock recommended"
41,17,A,Understocked,27652.31604331377,26580.029230734126,0.0,1072.286812579645,"Store 41, Dept 17: 4% below reorder point - restock recommended"
18,21,B,Understocked,9346.155446632303,8277.282172825824,0.0,1068.8732738064791,"Store 18, Dept 21: 11% below reorder point - restock recommended"
32,77,A,Understocked,8774.315123288638,7711.384064597628,0.0,1062.9310586910096,"Store 32, Dept 77: 12% below reorder point - restock recommended"
30,79,C,Understocked,14528.154387795626,13465.361244010655,0.0,1062.793143784971,"Store 30, Dept 79: 7% below reorder point - restock recommended"
36,33,A,Understocked,7848.318223288638,6786.2951122926925,0.0,1062.023110995946,"Store 36, Dept 33: 14% below reorder point - restock recommended"
11,80,A,Understocked,32478.388566395588,31418.083455556934,0.0,1060.3051108386535,"Store 11, Dept 80: 3% below reorder point - restock recommended"
26,55,A,Understocked,13244.85622880395,12189.437416303805,0.0,1055.4188125001456,"Store 26, Dept 55: 8% below reorder point - restock recommended"
24,35,A,Understocked,8588.208667259503,7533.020294563565,0.0,1055.1883726959386,"Store 24, Dept 35: 12% below reorder point - restock recommended"
8,71,A,Understocked,5892.508421346886,4837.816315750142,0.0,1054.692105596744,"Store 8, Dept 71: 18% below reorder point - restock recommended"
28,29,A,Understocked,10254.611434189972,9216.93171679798,0.0,1037.6797173919913,"Store 28, Dept 29: 10% below reorder point - restock recommended"
29,74,B,Understocked,19946.250736379654,18923.995715464076,0.0,1022.2550209155779,"Store 29, Dept 74: 5% below reorder point - restock recommended"
32,55,A,Understocked,17875.138220533616,16858.96039197526,0.0,1016.1778285583569,"Store 32, Dept 55: 6% below reorder point - restock recommended"
18,45,B,Understocked,5928.169734892644,4913.988786508468,0.0,1014.1809483841753,"Store 18, Dept 45: 17% below reorder point - restock recommended"
36,49,A,Understocked,8496.210623288638,7485.4046536953065,0.0,1010.8059695933316,"Store 36, Dept 49: 12% below reorder point - restock recommended"
28,52,A,Understocked,5760.372722749919,4749.645790094653,0.0,1010.726932655266,"Store 28, Dept 52: 18% below reorder point - restock recommended"
22,93,B,Understocked,8088.970005898243,7085.938081489559,0.0,1003.0319244086832,"Store 22, Dept 93: 12% below reorder point - restock recommended"
25,21,B,Understocked,10931.771396368737,9942.834438653454,0.0,988.9369577152829,"Store 25, Dept 21: 9% below reorder point - restock recommended"
41,48,A,Understocked,6573.056767976794,5589.566715657219,0.0,983.4900523195747,"Store 41, Dept 48: 15% below reorder point - restock recommended"
24,20,A,Understocked,13479.95063828851,12504.436238180442,0.0,975.514400108068,"Store 24, Dept 20: 7% below reorder point - restock recommended"
31,52,A,Overstocked,1933.9030741223978,2906.369253117828,457.715280541202,972.4661789954303,"Store 31, Dept 52: 1.5x reorder point - INR 458 excess tied up"
29,1,B,Understocked,27195.821774656542,26229.863140654827,0.0,965.9586340017158,"Store 29, Dept 1: 4% below reorder point - restock recommended"
34,22,A,Understocked,12264.8652863366,11305.850292774176,0.0,959.0149935624249,"Store 34, Dept 22: 8% below reorder point - restock recommended"
29,2,B,Understocked,56601.895675525186,55651.30435216959,0.0,950.5913233555984,"Store 29, Dept 2: 2% below reorder point - restock recommended"
21,6,B,Understocked,7759.336097845959,6811.245416205501,0.0,948.0906816404577,"Store 21, Dept 6: 12% below reorder point - restock recommended"
35,26,B,Understocked,28018.61942104915,27073.195757597074,0.0,945.4236634520748,"Store 35, Dept 26: 3% below reorder point - restock recommended"
17,30,B,Understocked,6267.294363133905,5324.198507750364,0.0,943.0958553835408,"Store 17, Dept 30: 15% below reorder point - restock recommended"
25,85,B,Understocked,7348.350228815668,6406.503540465249,0.0,941.8466883504188,"Store 25, Dept 85: 13% below reorder point - restock recommended"
40,74,A,Understocked,24793.787418204738,23854.48434250232,0.0,939.3030757024171,"Store 40, Dept 74: 4% below reorder point - restock recommended"
27,6,A,Understocked,14724.627890280346,13800.776115732202,0.0,923.851774548144,"Store 27, Dept 6: 6% below reorder point - restock recommended"
8,80,A,Understocked,20684.727341284466,19763.508971449846,0.0,921.2183698346198,"Store 8, Dept 80: 4% below reorder point - restock recommended"
8,45,A,Understocked,7820.049223288638,6904.2983299267535,0.0,915.7508933618847,"Store 8, Dept 45: 12% below reorder point - restock recommended"
36,83,A,Understocked,5603.505058806122,4688.25649484998,0.0,915.2485639561419,"Store 36, Dept 83: 16% below reorder point - restock recommended"
41,11,A,Understocked,37329.64931881481,36414.74464895726,0.0,914.9046698575476,"Store 41, Dept 11: 2% below reorder point - restock recommended"
37,99,C,Understocked,4621.655977287974,3712.0456196500845,0.0,909.6103576378891,"Store 37, Dept 99: 20% below reorder point - restock recommended"
16,10,B,Understocked,28611.945038394555,27707.491772381938,0.0,904.453266012617,"Store 16, Dept 10: 3% below reorder point - restock recommended"
29,51,B,Understocked,5907.256034892644,5006.986385029278,0.0,900.2696498633659,"Store 29, Dept 51: 15% below reorder point - restock recommended"
25,47,B,Understocked,5904.539834892644,5010.923096768372,0.0,893.6167381242722,"Store 25, Dept 47: 15% below reorder point - restock recommended"
3,17,B,Understocked,6651.291118284415,5759.429682940957,0.0,891.8614353434577,"Store 3, Dept 17: 13% below reorder point - restock recommended"
40,22,A,Understocked,15808.246222516842,14919.12349519941,0.0,889.1227273174318,"Store 40, Dept 22: 6% below reorder point - restock recommended"
1,6,A,Understocked,10279.893263008827,9394.547734036472,0.0,885.3455289723552,"Store 1, Dept 6: 9% below reorder point - restock recommended"
44,11,C,Overstocked,1734.2766321268932,2616.319110243693,1237.0454504283407,882.0424781167999,"Store 44, Dept 11: 1.5x reorder point - INR 1,237 excess tied up"
15,36,B,Understocked,4837.232284806792,3955.949369118891,0.0,881.2829156879015,"Store 15, Dept 36: 18% below reorder point - restock recommended"
7,51,B,Understocked,5977.730334892643,5104.213521363768,0.0,873.516813528875,"Store 7, Dept 51: 15% below reorder point - restock recommended"
24,58,A,Understocked,7827.619455474559,6955.708797179609,0.0,871.9106582949498,"Store 24, Dept 58: 11% below reorder point - restock recommended"
3,10,B,Understocked,32756.688532951157,31887.830705335924,0.0,868.857827615233,"Store 3, Dept 10: 3% below reorder point - restock recommended"
45,41,B,Understocked,6133.696231671012,5270.310405068188,0.0,863.3858266028246,"Store 45, Dept 41: 14% below reorder point - restock recommended"
40,85,A,Understocked,4822.609033579376,3960.7795137975113,0.0,861.8295197818647,"Store 40, Dept 85: 18% below reorder point - restock recommended"
19,32,A,Understocked,15816.411346155039,14957.042280912212,0.0,859.3690652428268,"Store 19, Dept 32: 5% below reorder point - restock recommended"
29,6,B,Understocked,7373.176504287527,6516.275342557502,0.0,856.9011617300248,"Store 29, Dept 6: 12% below reorder point - restock recommended"
34,44,A,Understocked,8783.370627647455,7927.90253126918,0.0,855.4680963782748,"Store 34, Dept 44: 10% below reorder point - restock recommended"
12,19,B,Understocked,7207.487878187496,6361.788447755222,0.0,845.6994304322743,"Store 12, Dept 19: 12% below reorder point - restock recommended"
45,26,B,Understocked,15477.692521307637,14633.652864455093,0.0,844.0396568525448,"Store 45, Dept 26: 5% below reorder point - restock recommended"
32,31,A,Understocked,6787.69261346057,5946.589615406429,0.0,841.1029980541407,"Store 32, Dept 31: 12% below reorder point - restock recommended"
18,78,B,Understocked,5895.535434892643,5054.60983742468,0.0,840.9255974679627,"Store 18, Dept 78: 14% below reorder point - restock recommended"
8,19,A,Overstocked,1648.3658808058583,2485.7975791264516,1099.6469071661186,837.4316983205933,"Store 8, Dept 19: 1.5x reorder point - INR 1,100 excess tied up"
4,8,A,Understocked,130716.9748436286,129880.08926895056,0.0,836.8855746780464,"Store 4, Dept 8: 1% below reorder point - restock recommended"
41,42,A,Understocked,13028.46293021528,12193.067534191365,0.0,835.395396023916,"Store 41, Dept 42: 6% below reorder point - restock recommended"
25,2,B,Understocked,80771.33468802346,79936.45328755633,0.0,834.8814004671294,"Store 25, Dept 2: 1% below reorder point - restock recommended"
18,27,B,Understocked,5433.763398062808,4601.704924088635,0.0,832.0584739741726,"Store 18, Dept 27: 15% below reorder point - restock recommended"
41,19,A,Understocked,4719.139937440315,3899.39577599814,0.0,819.7441614421755,"Store 41, Dept 19: 17% below reorder point - restock recommended"
11,6,A,Understocked,12082.536195700066,11264.550166277188,0.0,817.9860294228783,"Store 11, Dept 6: 7% below reorder point - restock recommended"
9,92,B,Understocked,35511.30940068807,34694.672425383345,0.0,816.6369753047256,"Store 9, Dept 92: 2% below reorder point - restock recommended"
17,85,B,Understocked,8915.827379943257,8115.830347827165,0.0,799.9970321160927,"Store 17, Dept 85: 9% below reorder point - restock recommended"
37,1,C,Understocked,22817.713157186576,22019.1198570307,0.0,798.5933001558769,"Store 37, Dept 1: 3% below reorder point - restock recommended"
9,10,B,Understocked,32229.149095124303,31433.29221116403,0.0,795.856883960274,"Store 9, Dept 10: 2% below reorder point - restock recommended"
9,26,B,Understocked,10373.048426399506,9577.67000193963,0.0,795.3784244598755,"Store 9, Dept 26: 8% below reorder point - restock recommended"
39,52,A,Understocked,5469.980333270936,4677.881668863686,0.0,792.09866440725,"Store 39, Dept 52: 14% below reorder point - restock recommended"
29,12,B,Understocked,5644.006384815579,4851.9237202856,0.0,792.0826645299785,"Store 29, Dept 12: 14% below reorder point - restock recommended"
14,19,A,Understocked,4766.056601422263,3976.2502740108243,0.0,789.8063274114388,"Store 14, Dept 19: 17% below reorder point - restock recommended"
20,85,A,Understocked,11127.445986908135,10340.950830504102,0.0,786.495156404033,"Store 20, Dept 85: 7% below reorder point - restock recommended"
5,22,B,Understocked,5508.548848856533,4722.3310697489505,0.0,786.2177791075828,"Store 5, Dept 22: 14% below reorder point - restock recommended"
43,8,C,Understocked,27326.732397421398,26548.756329886903,0.0,777.9760675344951,"Store 43, Dept 8: 3% below reorder point - restock recommended"
23,52,B,Understocked,5763.385561452511,4985.679128779985,0.0,777.7064326725258,"Store 23, Dept 52: 13% below reorder point - restock recommended"
31,74,A,Understocked,33189.535524212144,32412.319397811334,0.0,777.21612640081,"Store 31, Dept 74: 2% below reorder point - restock recommended"
22,45,B,Understocked,5943.965492035501,5169.709177982357,0.0,774.2563140531438,"Store 22, Dept 45: 13% below reorder point - restock recommended"
35,81,B,Understocked,14424.993923619142,13651.041016781837,0.0,773.9529068373049,"Store 35, Dept 81: 5% below reorder point - restock recommended"
18,47,B,Understocked,6238.295974892643,5468.484201973848,0.0,769.8117729187952,"Store 18, Dept 47: 12% below reorder point - restock recommended"
13,24,A,Understocked,29357.78034384948,28590.762245469192,0.0,767.0180983802893,"Store 13, Dept 24: 3% below reorder point - restock recommended"
4,51,A,Understocked,7841.950137574352,7075.488369725382,0.0,766.4617678489703,"Store 4, Dept 51: 10% below reorder point - restock recommended"
32,47,A,Understocked,7820.049223288638,7055.385973409777,0.0,764.6632498788613,"Store 32, Dept 47: 10% below reorder point - restock recommended"
26,67,A,Understocked,17319.348596296884,16554.92965819401,0.0,764.4189381028737,"Store 26, Dept 67: 4% below reorder point - restock recommended"
41,98,A,Understocked,20955.30477503689,20195.344779973228,0.0,759.9599950636621,"Store 41, Dept 98: 4% below reorder point - restock recommended"
14,50,A,Understocked,5218.798089683563,4461.292577350558,0.0,757.5055123330058,"Store 14, Dept 50: 15% below reorder point - restock recommended"
29,32,B,Understocked,9462.387129491366,8707.625857163239,0.0,754.7612723281272,"Store 29, Dept 32: 8% below reorder point - restock recommended"
3,83,B,Understocked,5944.575734892644,5196.000436111694,0.0,748.5752987809492,"Store 3, Dept 83: 13% below reorder point - restock recommended"
16,5,B,Understocked,24106.9037888195,23362.49084462084,0.0,744.4129441986624,"Store 16, Dept 5: 3% below reorder point - restock recommended"
3,87,B,Understocked,3779.1986611162183,3037.3229024461475,0.0,741.8757586700708,"Store 3, Dept 87: 20% below reorder point - restock recommended"
26,18,A,Understocked,6908.841527002988,6173.1182663092795,0.0,735.7232606937087,"Store 26, Dept 18: 11% below reorder point - restock recommended"
9,55,B,Understocked,15492.956659283418,14762.076522394089,0.0,730.8801368893292,"Store 9, Dept 55: 5% below reorder point - restock recommended"
34,24,A,Understocked,7530.918840535686,6808.656468566599,0.0,722.2623719690873,"Store 34, Dept 24: 10% below reorder point - restock recommended"
39,55,A,Understocked,19616.76338803024,18920.923945229748,0.0,695.8394428004904,"Store 39, Dept 55: 4% below reorder point - restock recommended"
16,33,B,Understocked,5198.725891987886,4506.179656550039,0.0,692.5462354378469,"Store 16, Dept 33: 13% below reorder point - restock recommended"
10,27,B,Understocked,8262.723387845794,7579.3747010773595,0.0,683.3486867684342,"Store 10, Dept 27: 8% below reorder point - restock recommended"
10,26,B,Understocked,33283.406616328764,32602.732384565606,0.0,680.6742317631579,"Store 10, Dept 26: 2% below reorder point - restock recommended"
9,29,B,Understocked,5016.83775647462,4338.324746106269,0.0,678.5130103683505,"Store 9, Dept 29: 14% below reorder point - restock recommended"
41,12,A,Understocked,11250.545552903684,10573.96981175435,0.0,676.5757411493341,"Store 41, Dept 12: 6% below reorder point - restock recommended"
45,16,B,Understocked,60666.08534390648,59990.23474572403,0.0,675.8505981824492,"Store 45, Dept 16: 1% below reorder point - restock recommended"
40,41,A,Overstocked,1301.9126070996163,1970.3598107752648,1451.7447104447554,668.4472036756486,"Store 40, Dept 41: 1.5x reorder point - INR 1,452 excess tied up"
10,52,B,Understocked,10439.18098549266,9776.730775073915,0.0,662.450210418745,"Store 10, Dept 52: 6% below reorder point - restock recommended"
9,32,B,Understocked,13278.251962160162,12622.619873663638,0.0,655.6320884965244,"Store 9, Dept 32: 5% below reorder point - restock recommended"
40,12,A,Understocked,13712.089090929388,13063.581181630265,0.0,648.5079092991236,"Store 40, Dept 12: 5% below reorder point - restock recommended"
22,55,B,Understocked,15517.180144707558,14868.873197217668,0.0,648.3069474898894,"Store 22, Dept 55: 4% below reorder point - restock recommended"
6,31,A,Understocked,9172.281251495675,8525.91854369637,0.0,646.3627077993042,"Store 6, Dept 31: 7% below reorder point - restock recommended"
24,28,A,Overstocked,1282.153091447228,1927.1710161106114,327.134452000849,645.0179246633834,"Store 24, Dept 28: 1.5x reorder point - INR 327 excess tied up"
24,55,A,Understocked,24981.96708121618,24347.46199267594,0.0,634.5050885402379,"Store 24, Dept 55: 3% below reorder point - restock recommended"
15,82,B,Understocked,21510.440471519494,20876.60648174618,0.0,633.8339897733131,"Store 15, Dept 82: 3% below reorder point - restock recommended"
18,49,B,Understocked,27147.960424463665,26515.219153020375,0.0,632.7412714432903,"Store 18, Dept 49: 2% below reorder point - restock recommended"
13,26,A,Understocked,27420.91214767955,26804.372117036633,0.0,616.5400306429183,"Store 13, Dept 26: 2% below reorder point - restock recommended"
34,71,A,Understocked,5345.104693915833,4729.249433092131,0.0,615.8552608237023,"Store 34, Dept 71: 12% below reorder point - restock recommended"
45,19,B,Understocked,3177.0941287236274,2562.6744272050855,0.0,614.4197015185418,"Store 45, Dept 19: 19% below reorder point - restock recommended"
5,7,B,Understocked,14413.481373219738,13801.619721211464,0.0,611.8616520082742,"Store 5, Dept 7: 4% below reorder point - restock recommended"
12,94,B,Understocked,4000.621476783063,3392.396219124751,0.0,608.2252576583119,"Store 12, Dept 94: 15% below reorder point - restock recommended"
39,27,A,Understocked,3321.6904455947124,2714.566229573625,0.0,607.1242160210872,"Store 39, Dept 27: 18% below reorder point - restock recommended"
44,55,C,Understocked,3177.8076272879744,2577.299860542098,0.0,600.5077667458763,"Store 44, Dept 55: 19% below reorder point - restock recommended"
3,21,B,Understocked,3468.8910583201064,2878.367349133057,0.0,590.5237091870495,"Store 3, Dept 21: 17% below reorder point - restock recommended"
34,52,A,Understocked,3327.4752827223915,2737.173605451017,0.0,590.3016772713745,"Store 34, Dept 52: 18% below reorder point - restock recommended"
18,52,B,Understocked,6147.025853502295,5557.045046745683,0.0,589.9808067566119,"Store 18, Dept 52: 10% below reorder point - restock recommended"
19,83,A,Understocked,8570.238036760933,7980.337149777085,0.0,589.9008869838481,"Store 19, Dept 83: 7% below reorder point - restock recommended"
12,45,B,Understocked,6036.500259892643,5449.9071192092815,0.0,586.5931406833615,"Store 12, Dept 45: 10% below reorder point - restock recommended"
22,12,B,Understocked,8672.039099786196,8086.242804983425,0.0,585.7962948027707,"Store 22, Dept 12: 7% below reorder point - restock recommended"
9,36,B,Understocked,3394.1341366882357,2812.7117026998717,0.0,581.422433988364,"Store 9, Dept 36: 17% below reorder point - restock recommended"
26,47,A,Understocked,8111.475423288638,7539.802983775558,0.0,571.6724395130805,"Store 26, Dept 47: 7% below reorder point - restock recommended"
40,44,A,Understocked,6928.71729441727,6360.702079209687,0.0,568.0152152075825,"Store 40, Dept 44: 8% below reorder point - restock recommended"
3,7,B,Understocked,24040.22811385013,23480.099169686477,0.0,560.1289441636545,"Store 3, Dept 7: 2% below reorder point - restock recommended"
24,50,A,Understocked,3547.537692080161,2987.6646178071564,0.0,559.8730742730045,"Store 24, Dept 50: 16% below reorder point - restock recommended"
22,29,B,Understocked,16584.835749181326,16029.214454848221,0.0,555.6212943331047,"Store 22, Dept 29: 3% below reorder point - restock recommended"
17,16,B,Understocked,52339.98085464167,51798.60823868513,0.0,541.3726159565413,"Store 17, Dept 16: 1% below reorder point - restock recommended"
23,27,B,Understocked,7508.099148872994,6967.299385885043,0.0,540.799762987951,"Store 23, Dept 27: 7% below reorder point - restock recommended"
31,98,A,Understocked,21460.718782412634,20920.819119358326,0.0,539.8996630543079,"Store 31, Dept 98: 3% below reorder point - restock recommended"
22,30,B,Understocked,11908.95184447731,11370.580680337836,0.0,538.371164139473,"Store 22, Dept 30: 5% below reorder point - restock recommended"
3,3,B,Understocked,21235.865663803692,20702.424544753532,0.0,533.4411190501596,"Store 3, Dept 3: 3% below reorder point - restock recommended"
12,42,B,Understocked,14726.084296936802,14195.378613511743,0.0,530.7056834250598,"Store 12, Dept 42: 4% below reorder point - restock recommended"
21,90,B,Understocked,23807.512586514877,23277.606792655573,0.0,529.9057938593032,"Store 21, Dept 90: 2% below reorder point - restock recommended"
16,97,B,Understocked,6257.694770244262,5730.682522881761,0.0,527.0122473625015,"Store 16, Dept 97: 8% below reorder point - restock recommended"
37,33,C,Understocked,3216.7833772879744,2701.01200395534,0.0,515.7713733326345,"Store 37, Dept 33: 16% below reorder point - restock recommended"
2,47,A,Understocked,7979.612523288638,7470.482466832039,0.0,509.13005645659905,"Store 2, Dept 47: 6% below reorder point - restock recommended"
31,35,A,Understocked,4259.5980481175675,3751.9648514440655,0.0,507.63319667350197,"Store 31, Dept 35: 12% below reorder point - restock recommended"
9,41,B,Understocked,3613.8829000801616,3106.797644329739,0.0,507.0852557504227,"Store 9, Dept 41: 14% below reorder point - restock recommended"
40,31,A,Understocked,3417.8971166994934,2916.6609332588964,0.0,501.23618344059696,"Store 40, Dept 31: 15% below reorder point - restock recommended"
9,79,B,Understocked,31761.74860631006,31262.421183643954,0.0,499.3274226661051,"Store 9, Dept 79: 2% below reorder point - restock recommended"
20,3,A,Understocked,41881.31400764005,41397.057372214986,0.0,484.25663542506663,"Store 20, Dept 3: 1% below reorder point - restock recommended"
16,58,B,Understocked,3349.8525441378197,2866.051857256472,0.0,483.8006868813477,"Store 16, Dept 58: 14% below reorder point - restock recommended"
14,24,A,Understocked,22816.396568250537,22339.644541034468,0.0,476.7520272160691,"Store 14, Dept 24: 2% below reorder point - restock recommended"
15,19,B,Understocked,2720.6484120601726,2250.018606362788,0.0,470.62980569738465,"Store 15, Dept 19: 17% below reorder point - restock recommended"
11,30,A,Understocked,15318.382301103464,14851.405513665606,0.0,466.97678743785764,"Store 11, Dept 30: 3% below reorder point - restock recommended"
7,31,B,Understocked,4068.948023008781,3604.2503967240254,0.0,464.69762628475564,"Store 7, Dept 31: 11% below reorder point - restock recommended"
7,29,B,Understocked,2916.5914969343476,2453.149165772812,0.0,463.44233116153555,"Store 7, Dept 29: 16% below reorder point - restock recommended"
13,87,A,Understocked,39269.94180220323,38808.83455264332,0.0,461.10724955991464,"Store 13, Dept 87: 1% below reorder point - restock recommended"
16,55,B,Understocked,11708.950175183594,11249.183463108067,0.0,459.7667120755268,"Store 16, Dept 55: 4% below reorder point - restock recommended"
33,83,A,Understocked,4768.2937666675125,4309.393653153377,0.0,458.9001135141352,"Store 33, Dept 83: 10% below reorder point - restock recommended"
15,27,B,Understocked,3004.24039642256,2546.725013347144,0.0,457.51538307541614,"Store 15, Dept 27: 15% below reorder point - restock recommended"
30,33,C,Understocked,3203.2342772879742,2748.2686842831517,0.0,454.9655930048225,"Store 30, Dept 33: 14% below reorder point - restock recommended"
9,24,B,Understocked,7553.916835358236,7103.484205482923,0.0,450.43262987531307,"Store 9, Dept 24: 6% below reorder point - restock recommended"
20,31,A,Understocked,9037.805543079952,8588.301999681113,0.0,449.5035433988396,"Store 20, Dept 31: 5% below reorder point - restock recommended"
1,56,A,Understocked,6880.945886243532,6433.297367865405,0.0,447.64851837812694,"Store 1, Dept 56: 7% below reorder point - restock recommended"
9,30,B,Understocked,3993.747647193327,3546.704253008515,0.0,447.04339418481186,"Store 9, Dept 30: 11% below reorder point - restock recommended"
24,85,A,Understocked,4267.858465368989,3821.5197454492186,0.0,446.33871991977,"Store 24, Dept 85: 10% below reorder point - restock recommended"
26,21,A,Understocked,12387.13638164171,11940.820383983022,0.0,446.3159976586885,"Store 26, Dept 21: 4% below reorder point - restock recommended"
39,56,A,Understocked,7822.0312059937605,7375.84808633792,0.0,446.1831196558405,"Store 39, Dept 56: 6% below reorder point - restock recommended"
9,4,B,Understocked,38584.103267613464,38141.09616096911,0.0,443.0071066443561,"Store 9, Dept 4: 1% below reorder point - restock recommended"
14,35,A,Understocked,10162.018545890896,9724.101359567776,0.0,437.9171863231204,"Store 14, Dept 35: 4% below reorder point - restock recommended"
35,41,B,Understocked,4791.53906915196,4353.693296859542,0.0,437.8457722924177,"Store 35, Dept 41: 9% below reorder point - restock recommended"
9,18,B,Understocked,6459.774327567983,6025.499600979557,0.0,434.27472658842635,"Store 9, Dept 18: 7% below reorder point - restock recommended"
16,12,B,Understocked,11056.352881266968,10624.656838054421,0.0,431.696043212547,"Store 16, Dept 12: 4% below reorder point - restock recommended"
24,41,A,Understocked,4738.203489073387,4316.399814608331,0.0,421.80367446505534,"Store 24, Dept 41: 9% below reorder point - restock recommended"
2,27,A,Understocked,3477.7126783878516,3056.077372697381,0.0,421.63530569047043,"Store 2, Dept 27: 12% below reorder point - restock recommended"
4,99,A,Understocked,2352.922284160711,1934.7260712890334,0.0,418.19621287167774,"Store 4, Dept 99: 18% below reorder point - restock recommended"
24,27,A,Understocked,4065.8891777102276,3653.898283322249,0.0,411.99089438797864,"Store 24, Dept 27: 10% below reorder point - restock recommended"
26,29,A,Understocked,7316.558344910547,6907.953859062995,0.0,408.6044858475516,"Store 26, Dept 29: 6% below reorder point - restock recommended"
17,27,B,Understocked,3232.4009764773773,2827.8081389264185,0.0,404.59283755095885,"Store 17, Dept 27: 13% below reorder point - restock recommended"
13,95,A,Understocked,329218.69067569746,328818.4754341756,0.0,400.21524152188795,"Store 13, Dept 95: 0% below reorder point - restock recommended"
14,56,A,Understocked,19744.33807132062,19346.9533404421,0.0,397.3847308785189,"Store 14, Dept 56: 2% below reorder point - restock recommended"
10,91,B,Understocked,28061.474320270398,27665.461758237965,0.0,396.01256203243247,"Store 10, Dept 91: 1% below reorder point - restock recommended"
29,58,B,Understocked,3215.8538747009816,2820.2903446405285,0.0,395.5635300604531,"Store 29, Dept 58: 12% below reorder point - restock recommended"
8,36,A,Understocked,3694.2512749162943,3303.7185738193584,0.0,390.53270109693585,"Store 8, Dept 36: 11% below reorder point - restock recommended"
35,21,B,Understocked,7285.896765245077,6899.4370538834,0.0,386.45971136167736,"Store 35, Dept 21: 5% below reorder point - restock recommended"
30,99,C,Understocked,3524.9650606213077,3144.87957425142,0.0,380.0854863698878,"Store 30, Dept 99: 11% below reorder point - restock recommended"
3,20,B,Understocked,5938.628936312927,5559.498031853889,0.0,379.130904459038,"Store 3, Dept 20: 6% below reorder point - restock recommended"
25,6,B,Understocked,8698.009947870574,8324.842415529061,0.0,373.1675323415129,"Store 25, Dept 6: 4% below reorder point - restock recommended"
8,34,A,Understocked,19080.506745485145,18709.66019675776,0.0,370.8465487273861,"Store 8, Dept 34: 2% below reorder point - restock recommended"
16,26,B,Understocked,4208.978889488962,3840.0366848943204,0.0,368.9422045946412,"Store 16, Dept 26: 9% below reorder point - restock recommended"
16,36,B,Understocked,3493.5540102962386,3125.144390264733,0.0,368.4096200315057,"Store 16, Dept 36: 11% below reorder point - restock recommended"
27,19,A,Understocked,4006.579510443972,3640.7318309778825,0.0,365.84767946608963,"Store 27, Dept 19: 9% below reorder point - restock recommended"
29,30,B,Understocked,6878.8517970454595,6514.2421162986875,0.0,364.609680746772,"Store 29, Dept 30: 5% below reorder point - restock recommended"
13,37,A,Understocked,7548.735426900744,7184.561528980772,0.0,364.17389791997175,"Store 13, Dept 37: 5% below reorder point - restock recommended"
37,60,C,Understocked,1826.4786842930794,1466.276162771895,0.0,360.2025215211843,"Store 37, Dept 60: 20% below reorder point - restock recommended"
7,35,B,Overstocked,715.7722465929801,1075.3661741155368,141.74775076353012,359.59392752255667,"Store 7, Dept 35: 1.5x reorder point - INR 142 excess tied up"
2,33,A,Understocked,19794.46231736229,19437.83196809585,0.0,356.63034926644104,"Store 2, Dept 33: 2% below reorder point - restock recommended"
4,19,A,Understocked,6186.936912405269,5831.357445034305,0.0,355.57946737096427,"Store 4, Dept 19: 6% below reorder point - restock recommended"
8,28,A,Overstocked,666.4956673437904,1019.6010072779536,1648.1730197682514,353.1053399341632,"Store 8, Dept 28: 1.5x reorder point - INR 1,648 excess tied up"
25,93,B,Understocked,2485.3167615499456,2137.3359236676383,0.0,347.98083788230724,"Store 25, Dept 93: 14% below reorder point - restock recommended"
22,71,B,Understocked,11328.676058532112,10981.12791249471,0.0,347.54814603740124,"Store 22, Dept 71: 3% below reorder point - restock recommended"
7,27,B,Understocked,1776.2932328989716,1435.7567900486242,0.0,340.5364428503474,"Store 7, Dept 27: 19% below reorder point - restock recommended"
28,11,A,Understocked,31226.040472291952,30891.50447110761,0.0,334.5360011843404,"Store 28, Dept 11: 1% below reorder point - restock recommended"
10,58,B,Understocked,14476.500871500804,14142.949330074689,0.0,333.55154142611536,"Store 10, Dept 58: 2% below reorder point - restock recommended"
3,46,B,Understocked,14105.868587709689,13775.116612314916,0.0,330.75197539477267,"Store 3, Dept 46: 2% below reorder point - restock recommended"
3,90,B,Understocked,3974.820309643823,3646.4599170868796,0.0,328.3603925569432,"Store 3, Dept 90: 8% below reorder point - restock recommended"
20,18,A,Understocked,17721.965084939387,17395.197196046087,0.0,326.76788889330055,"Store 20, Dept 18: 2% below reorder point - restock recommended"
35,1,B,Understocked,30456.087830266053,30130.64854361684,0.0,325.4392866492126,"Store 35, Dept 1: 1% below reorder point - restock recommended"
45,87,B,Understocked,17356.90865044713,17032.68219363141,0.0,324.22645681571885,"Store 45, Dept 87: 2% below reorder point - restock recommended"
45,31,B,Understocked,7335.757714085499,7016.774999712345,0.0,318.9827143731545,"Store 45, Dept 31: 4% below reorder point - restock recommended"
11,41,A,Understocked,3241.2538856009583,2922.5368955541758,0.0,318.7169900467825,"Store 11, Dept 41: 10% below reorder point - restock recommended"
7,85,B,Understocked,5020.130590113632,4705.511207752048,0.0,314.61938236158403,"Store 7, Dept 85: 6% below reorder point - restock recommended"
19,19,A,Understocked,7820.049223288638,7507.452223879405,0.0,312.5969994092329,"Store 19, Dept 19: 4% below reorder point - restock recommended"
7,30,B,Understocked,2755.318955197912,2443.2434817030216,0.0,312.0754734948905,"Store 7, Dept 30: 11% below reorder point - restock recommended"
10,42,B,Understocked,26104.018361706178,25797.79378624838,0.0,306.22457545779616,"Store 10, Dept 42: 1% below reorder point - restock recommended"
5,97,B,Understocked,1690.0305900510039,1384.7320678731114,0.0,305.29852217789244,"Store 5, Dept 97: 18% below reorder point - restock recommended"
13,7,A,Understocked,128544.38274543983,128241.48222667527,0.0,302.90051876455254,"Store 13, Dept 7: 0% below reorder point - restock recommended"
24,37,A,Understocked,7133.540025185269,6831.847446135587,0.0,301.6925790496816,"Store 24, Dept 37: 4% below reorder point - restock recommended"
2,78,A,Understocked,7945.492123288638,7644.665475420644,0.0,300.8266478679943,"Store 2, Dept 78: 4% below reorder point - restock recommended"
39,14,A,Understocked,48957.11461057038,48657.27519843705,0.0,299.8394121333331,"Store 39, Dept 14: 1% below reorder point - restock recommended"
5,94,B,Understocked,3692.0557852016273,3392.785613864891,0.0,299.27017133673644,"Store 5, Dept 94: 8% below reorder point - restock recommended"
2,36,A,Understocked,9048.246773241313,8749.859670315218,0.0,298.3871029260954,"Store 2, Dept 36: 3% below reorder point - restock recommended"
39,80,A,Understocked,28434.172114239496,28142.17121798274,0.0,292.00089625675537,"Store 39, Dept 80: 1% below reorder point - restock recommended"
19,85,A,Understocked,10892.578279121175,10602.90788413066,0.0,289.670394990515,"Store 19, Dept 85: 3% below reorder point - restock recommended"
12,28,B,Understocked,1773.161238105644,1489.4128776494033,0.0,283.7483604562408,"Store 12, Dept 28: 16% below reorder point - restock recommended"
13,82,A,Understocked,71646.63824820108,71369.68618709553,0.0,276.95206110554864,"Store 13, Dept 82: 0% below reorder point - restock recommended"
44,3,C,Understocked,2166.756979777239,1893.7504001552834,0.0,273.00657962195555,"Store 44, Dept 3: 13% below reorder point - restock recommended"
17,99,B,Understocked,6052.7083348926435,5783.764919242055,0.0,268.9434156505886,"Store 17, Dept 99: 4% below reorder point - restock recommended"
21,28,B,Understocked,1358.1487472857962,1092.2284136339817,0.0,265.9203336518144,"Store 21, Dept 28: 20% below reorder point - restock recommended"
30,23,C,Understocked,3198.9235772879742,2937.988616580729,0.0,260.9349607072454,"Store 30, Dept 23: 8% below reorder point - restock recommended"
28,27,A,Understocked,3092.573277012658,2832.8062831784277,0.0,259.7669938342301,"Store 28, Dept 27: 8% below reorder point - restock recommended"
18,85,B,Understocked,4601.97879212145,4353.976674551518,0.0,248.00211756993212,"Store 18, Dept 85: 5% below reorder point - restock recommended"
28,56,A,Understocked,2474.0233529471493,2230.700981310067,0.0,243.32237163708214,"Store 28, Dept 56: 10% below reorder point - restock recommended"
10,80,B,Understocked,1499.699900194689,1256.4953398459918,0.0,243.2045603486972,"Store 10, Dept 80: 16% below reorder point - restock recommended"
23,71,B,Understocked,30312.360988872228,30072.04992698635,0.0,240.31106188587728,"Store 23, Dept 71: 1% below reorder point - restock recommended"
5,52,B,Understocked,1443.8758807380736,1203.5888414342276,0.0,240.2870393038461,"Store 5, Dept 52: 17% below reorder point - restock recommended"
29,42,B,Understocked,9113.747635750937,8879.717845641242,0.0,234.02979010969466,"Store 29, Dept 42: 3% below reorder point - restock recommended"
3,26,B,Understocked,6750.42507176019,6516.468271875214,0.0,233.95679988497614,"Store 3, Dept 26: 3% below reorder point - restock recommended"
45,33,B,Understocked,12005.292017909764,11773.813568218398,0.0,231.4784496913653,"Store 45, Dept 33: 2% below reorder point - restock recommended"
37,74,C,Understocked,1824.9684806797304,1595.7185740921977,0.0,229.24990658753268,"Store 37, Dept 74: 13% below reorder point - restock recommended"
37,7,C,Understocked,2067.9382381466403,1839.9110215352896,0.0,228.0272166113507,"Store 37, Dept 7: 11% below reorder point - restock recommended"
32,42,A,Understocked,15775.250935657785,15549.75719582636,0.0,225.49373983142505,"Store 32, Dept 42: 1% below reorder point - restock recommended"
36,67,A,Understocked,1525.4235332224587,1300.8675014126231,0.0,224.55603180983553,"Store 36, Dept 67: 15% below reorder point - restock recommended"
2,28,A,Understocked,1256.7380029517747,1034.2241263610929,0.0,222.51387659068178,"Store 2, Dept 28: 18% below reorder point - restock recommended"
5,29,B,Understocked,2568.030072055489,2347.6906295172184,0.0,220.33944253827076,"Store 5, Dept 29: 9% below reorder point - restock recommended"
22,36,B,Understocked,8031.341183215327,7813.816387601846,0.0,217.52479561348082,"Store 22, Dept 36: 3% below reorder point - restock recommended"
29,36,B,Understocked,4263.417063361448,4048.3845044186473,0.0,215.03255894280028,"Store 29, Dept 36: 5% below reorder point - restock recommended"
2,99,A,Understocked,1280.265910752326,1072.3244665598866,0.0,207.94144419243935,"Store 2, Dept 99: 16% below reorder point - restock recommended"
33,18,A,Understocked,1327.1240345500212,1119.3667897910855,0.0,207.7572447589357,"Store 33, Dept 18: 16% below reorder point - restock recommended"
15,21,B,Understocked,6312.165701133412,6109.585903296791,0.0,202.57979783662086,"Store 15, Dept 21: 3% below reorder point - restock recommended"
15,35,B,Understocked,6697.988081756754,6497.453108770875,0.0,200.534972985879,"Store 15, Dept 35: 3% below reorder point - restock recommended"
29,28,B,Understocked,1222.2424869044269,1024.1515712130508,0.0,198.09091569137604,"Store 29, Dept 28: 16% below reorder point - restock recommended"
32,29,A,Understocked,7390.268053398409,7193.143235299403,0.0,197.124818099006,"Store 32, Dept 29: 3% below reorder point - restock recommended"
30,3,C,Understocked,2974.259388792435,2779.3982051932558,0.0,194.86118359917918,"Store 30, Dept 3: 7% below reorder point - restock recommended"
40,20,A,Understocked,8256.910215702737,8064.056083237499,0.0,192.85413246523876,"Store 40, Dept 20: 2% below reorder point - restock recommended"
33,87,A,Understocked,995.6928041460711,805.0632606048182,0.0,190.62954354125293,"Store 33, Dept 87: 19% below reorder point - restock recommended"
40,52,A,Understocked,2346.374452809587,2155.7803635639607,0.0,190.5940892456265,"Store 40, Dept 52: 8% below reorder point - restock recommended"
7,41,B,Understocked,5057.1664690576035,4871.188980588501,0.0,185.97748846910235,"Store 7, Dept 41: 4% below reorder point - restock recommended"
38,74,C,Understocked,1166.6549127103578,982.7984109052228,0.0,183.85650180513505,"Store 38, Dept 74: 16% below reorder point - restock recommended"
39,35,A,Understocked,5456.760565247129,5274.569235906005,0.0,182.1913293411244,"Store 39, Dept 35: 3% below reorder point - restock recommended"
43,99,C,Understocked,3253.881077287974,3075.777493337474,0.0,178.10358395050025,"Store 43, Dept 99: 5% below reorder point - restock recommended"
28,83,A,Understocked,17574.7939552049,17397.55545172342,0.0,177.2385034814797,"Store 28, Dept 83: 1% below reorder point - restock recommended"
33,16,A,Understocked,1086.7045966517178,909.9290867885833,0.0,176.77550986313452,"Store 33, Dept 16: 16% below reorder point - restock recommended"
45,52,B,Understocked,3266.330995141198,3090.6215709061867,0.0,175.70942423501128,"Store 45, Dept 52: 5% below reorder point - restock recommended"
44,83,C,Understocked,2013.9034978177529,1838.7440139193595,0.0,175.15948389839332,"Store 44, Dept 83: 9% below reorder point - restock recommended"
22,18,B,Understocked,13454.289218152266,13283.296397530457,0.0,170.99282062180828,"Store 22, Dept 18: 1% below reorder point - restock recommended"
40,71,A,Understocked,5165.315449288886,4994.519382314618,0.0,170.7960669742679,"Store 40, Dept 71: 3% below reorder point - restock recommended"
18,80,B,Understocked,1620.9481336746953,1453.8000152322463,0.0,167.148118442449,"Store 18, Dept 80: 10% below reorder point - restock recommended"
37,56,C,Understocked,1056.4854805759687,893.5367772299759,0.0,162.94870334599284,"Store 37, Dept 56: 15% below reorder point - restock recommended"
21,35,B,Understocked,6112.089975735738,5949.552484400231,0.0,162.53749133550718,"Store 21, Dept 35: 3% below reorder point - restock recommended"
17,41,B,Overstocked,314.8161600775578,475.57607124467654,278.20198365220546,160.75991116711873,"Store 17, Dept 41: 1.5x reorder point - INR 278 excess tied up"
39,36,A,Understocked,8039.651794920974,7879.0248062439105,0.0,160.6269886770633,"Store 39, Dept 36: 2% below reorder point - restock recommended"
40,47,A,Understocked,7820.049223288638,7668.015193195473,0.0,152.0340300931648,"Store 40, Dept 47: 2% below reorder point - restock recommended"
43,60,C,Understocked,918.9511950211638,769.9341917854761,0.0,149.01700323568775,"Store 43, Dept 60: 16% below reorder point - restock recommended"
20,60,A,Understocked,1519.3085664085515,1370.3333969193488,0.0,148.9751694892027,"Store 20, Dept 60: 10% below reorder point - restock recommended"
36,11,A,Understocked,752.6727101820605,607.0081097097022,0.0,145.6646004723583,"Store 36, Dept 11: 19% below reorder point - restock recommended"
5,42,B,Understocked,7501.053184583402,7357.36017690061,0.0,143.69300768279209,"Store 5, Dept 42: 2% below reorder point - restock recommended"
28,99,A,Understocked,1588.9429398991492,1446.5898358306918,0.0,142.35310406845747,"Store 28, Dept 99: 9% below reorder point - restock recommended"
37,67,C,Understocked,7095.891389444839,6955.2609303267145,0.0,140.63045911812424,"Store 37, Dept 67: 2% below reorder point - restock recommended"
10,28,B,Understocked,2190.4534583806303,2050.689226333169,0.0,139.76423204746152,"Store 10, Dept 28: 6% below reorder point - restock recommended"
37,16,C,Understocked,5942.6483951083665,5803.650601666349,0.0,138.9977934420176,"Store 37, Dept 16: 2% below reorder point - restock recommended"
43,56,C,Understocked,721.1579784306949,583.3262582468557,0.0,137.83172018383925,"Store 43, Dept 56: 19% below reorder point - restock recommended"
45,30,B,Understocked,7351.9735384485075,7214.599487245631,0.0,137.37405120287622,"Store 45, Dept 30: 2% below reorder point - restock recommended"
34,27,A,Understocked,1562.4290372792666,1426.1158775547651,0.0,136.31315972450147,"Store 34, Dept 27: 9% below reorder point - restock recommended"
38,33,C,Understocked,3168.4020439546407,3033.7154776365055,0.0,134.6865663181352,"Store 38, Dept 33: 4% below reorder point - restock recommended"
11,52,A,Understocked,7143.928582578687,7011.030593981047,0.0,132.8979885976405,"Store 11, Dept 52: 2% below reorder point - restock recommended"
36,22,A,Understocked,1354.918281257823,1225.2264650014506,0.0,129.69181625637248,"Store 36, Dept 22: 10% below reorder point - restock recommended"
44,28,C,Overstocked,254.47448705981952,383.5012593461655,148.53088678420443,129.026772286346,"Store 44, Dept 28: 1.5x reorder point - INR 149 excess tied up"
31,24,A,Understocked,12811.315322266735,12683.322672572984,0.0,127.99264969375145,"Store 31, Dept 24: 1% below reorder point - restock recommended"
23,94,B,Understocked,2648.4191054331613,2521.858242179124,0.0,126.56086325403749,"Store 23, Dept 94: 5% below reorder point - restock recommended"
43,12,C,Overstocked,249.77000848482965,376.1375852891395,123.05352263728832,126.36757680430986,"Store 43, Dept 12: 1.5x reorder point - INR 123 excess tied up"
36,17,A,Understocked,663.3189065255833,537.5869090804355,0.0,125.73199744514784,"Store 36, Dept 17: 19% below reorder point - restock recommended"
16,29,B,Understocked,3356.827265617839,3233.9232750266283,0.0,122.90399059121091,"Store 16, Dept 29: 4% below reorder point - restock recommended"
6,60,A,Understocked,919.6285137972471,796.9861875964925,0.0,122.64232620075461,"Store 6, Dept 60: 13% below reorder point - restock recommended"
19,99,A,Understocked,1511.1168841898289,1389.279197278737,0.0,121.83768691109185,"Store 19, Dept 99: 8% below reorder point - restock recommended"
31,60,A,Understocked,1007.8577968786472,889.1157052071061,0.0,118.74209167154106,"Store 31, Dept 60: 12% below reorder point - restock recommended"
25,91,B,Understocked,18111.136846663772,17993.122735233952,0.0,118.01411142982033,"Store 25, Dept 91: 1% below reorder point - restock recommended"
5,71,B,Understocked,1588.647716624852,1471.7826045577028,0.0,116.86511206714908,"Store 5, Dept 71: 7% below reorder point - restock recommended"
31,28,A,Understocked,971.5891637721527,855.9917318915902,0.0,115.59743188056245,"Store 31, Dept 28: 12% below reorder point - restock recommended"
26,28,A,Understocked,1031.1075703866225,916.3411782181754,0.0,114.76639216844706,"Store 26, Dept 28: 11% below reorder point - restock recommended"
44,98,C,Understocked,7482.659671761712,7368.654793867825,0.0,114.00487789388717,"Store 44, Dept 98: 2% below reorder point - restock recommended"
35,5,B,Understocked,41046.82426099252,40935.2103626507,0.0,111.61389834182046,"Store 35, Dept 5: 0% below reorder point - restock recommended"
22,98,B,Understocked,808.35860883999,697.2339730119826,0.0,111.1246358280074,"Store 22, Dept 98: 14% below reorder point - restock recommended"
36,87,A,Understocked,753.5456326420219,642.9389536603597,0.0,110.60667898166218,"Store 36, Dept 87: 15% below reorder point - restock recommended"
38,81,C,Understocked,23712.38830482616,23601.951508275008,0.0,110.43679655115193,"Store 38, Dept 81: 0% below reorder point - restock recommended"
24,54,A,Overstocked,212.7981154158607,323.04575800604675,319.43254522722253,110.24764259018605,"Store 24, Dept 54: 1.5x reorder point - INR 319 excess tied up"
15,83,B,Understocked,648.1527624168903,538.4386664469868,0.0,109.7140959699035,"Store 15, Dept 83: 17% below reorder point - restock recommended"
34,28,A,Understocked,578.7431579735052,473.7457597385844,0.0,104.99739823492075,"Store 34, Dept 28: 18% below reorder point - restock recommended"
18,59,B,Understocked,542.3718013794169,437.76602654802815,0.0,104.60577483138871,"Store 18, Dept 59: 19% below reorder point - restock recommended"
10,83,B,Understocked,667.8312029689087,565.1613237964586,0.0,102.66987917245001,"Store 10, Dept 83: 15% below reorder point - restock recommended"
42,85,C,Overstocked,199.34592985837946,301.8742445385854,236.9940293343451,102.52831468020594,"Store 42, Dept 85: 1.5x reorder point - INR 237 excess tied up"
37,31,C,Understocked,999.5894908575676,897.3261931062646,0.0,102.26329775130307,"Store 37, Dept 31: 10% below reorder point - restock recommended"
32,99,A,Understocked,982.3521148926077,880.1747808766056,0.0,102.17733401600208,"Store 32, Dept 99: 10% below reorder point - restock recommended"
28,37,A,Understocked,4862.209443528461,4766.3972887381815,0.0,95.81215479027924,"Store 28, Dept 37: 2% below reorder point - restock recommended"
25,59,B,Understocked,630.303765695232,537.4105833083366,0.0,92.89318238689532,"Store 25, Dept 59: 15% below reorder point - restock recommended"
25,60,B,Understocked,625.0901198181234,532.5876656970407,0.0,92.50245412108268,"Store 25, Dept 60: 15% below reorder point - restock recommended"
13,47,A,Understocked,8580.760773288639,8489.625426150049,0.0,91.13534713859008,"Store 13, Dept 47: 1% below reorder point - restock recommended"
30,83,C,Understocked,3648.2393074681386,3557.427707884717,0.0,90.81159958342141,"Store 30, Dept 83: 2% below reorder point - restock recommended"
18,29,B,Understocked,23832.236492115586,23745.610727093546,0.0,86.62576502203956,"Store 18, Dept 29: 0% below reorder point - restock recommended"
40,59,A,Understocked,442.7778499622501,357.143764721092,0.0,85.63408524115812,"Store 40, Dept 59: 19% below reorder point - restock recommended"
25,35,B,Understocked,6039.605892944909,5954.505152814499,0.0,85.10074013041049,"Store 25, Dept 35: 1% below reorder point - restock recommended"
45,74,B,Understocked,22579.087447887734,22494.710877002657,0.0,84.37657088507694,"Store 45, Dept 74: 0% below reorder point - restock recommended"
19,36,A,Understocked,7064.8569948885815,6980.845308784791,0.0,84.01168610379045,"Store 19, Dept 36: 1% below reorder point - restock recommended"
21,83,B,Understocked,427.9332992965499,344.7092158475814,0.0,83.22408344896849,"Store 21, Dept 83: 19% below reorder point - restock recommended"
39,99,A,Understocked,3504.087865676386,3422.029502924418,0.0,82.05836275196816,"Store 39, Dept 99: 2% below reorder point - restock recommended"
36,12,A,Overstocked,150.58174227893198,230.15052396266393,355.0665751740738,79.56878168373194,"Store 36, Dept 12: 1.5x reorder point - INR 355 excess tied up"
10,59,B,Understocked,672.952694590292,594.7763736441349,0.0,78.17632094615715,"Store 10, Dept 59: 12% below reorder point - restock recommended"
7,54,B,Overstocked,153.6114840289555,231.58326793088426,96.78147665843548,77.97178390192877,"Store 7, Dept 54: 1.5x reorder point - INR 97 excess tied up"
43,18,C,Understocked,1070.6927097645575,996.6613719151067,0.0,74.03133784945089,"Store 43, Dept 18: 7% below reorder point - restock recommended"
42,20,C,Understocked,506.70368885785183,434.3832627106572,0.0,72.32042614719461,"Store 42, Dept 20: 14% below reorder point - restock recommended"
7,45,B,Overstocked,140.98252435972438,212.60327416575166,93.74747297170222,71.62074980602728,"Store 7, Dept 45: 1.5x reorder point - INR 94 excess tied up"
37,42,C,Understocked,355.73909481218715,284.62625421401975,0.0,71.1128405981674,"Store 37, Dept 42: 20% below reorder point - restock recommended"
45,59,B,Understocked,473.9871368155728,402.8771526803563,0.0,71.10998413521651,"Store 45, Dept 59: 15% below reorder point - restock recommended"
20,33,A,Understocked,22707.876311639666,22637.87284312341,0.0,70.00346851625727,"Store 20, Dept 33: 0% below reorder point - restock recommended"
12,60,B,Understocked,989.9962773969684,920.6631313615662,0.0,69.33314603540214,"Store 12, Dept 60: 7% below reorder point - restock recommended"
5,54,B,Understocked,395.1008124870251,327.82779749774954,0.0,67.27301498927557,"Store 5, Dept 54: 17% below reorder point - restock recommended"
23,60,B,Understocked,378.79412197883346,313.0343554847141,0.0,65.75976649411933,"Store 23, Dept 60: 17% below reorder point - restock recommended"
29,31,B,Understocked,5501.953445272076,5440.294205495573,0.0,61.659239776503455,"Store 29, Dept 31: 1% below reorder point - restock recommended"
37,80,C,Understocked,23217.587630607064,23156.922374078855,0.0,60.665256528209284,"Store 37, Dept 80: 0% below reorder point - restock recommended"
1,28,A,Understocked,1112.2238633638904,1051.8989108365074,0.0,60.32495252738295,"Store 1, Dept 28: 5% below reorder point - restock recommended"
33,26,A,Understocked,511.10316653023057,454.037603737617,0.0,57.06556279261355,"Store 33, Dept 26: 11% below reorder point - restock recommended"
22,7,B,Understocked,57157.329261718696,57101.05904481371,0.0,56.27021690498805,"Store 22, Dept 7: 0% below reorder point - restock recommended"
19,28,A,Understocked,1636.5379782967286,1582.1590308101397,0.0,54.37894748658891,"Store 19, Dept 28: 3% below reorder point - restock recommended"
14,67,A,Understocked,38959.03026129902,38907.056973908686,0.0,51.97328739033401,"Store 14, Dept 67: 0% below reorder point - restock recommended"
7,49,B,Overstocked,97.7383381382552,149.03770268242317,201.7062244283502,51.29936454416797,"Store 7, Dept 49: 1.5x reorder point - INR 202 excess tied up"
26,27,A,Understocked,2089.6216274942594,2038.8556902399832,0.0,50.765937254276196,"Store 26, Dept 27: 2% below reorder point - restock recommended"
28,36,A,Understocked,5464.520234426423,5415.586270635798,0.0,48.93396379062415,"Store 28, Dept 36: 1% below reorder point - restock recommended"
38,9,C,Understocked,396.528898891925,347.72269183297476,0.0,48.806207058950235,"Store 38, Dept 9: 12% below reorder point - restock recommended"
16,81,B,Understocked,9230.182701730755,9183.391557123947,0.0,46.7911446068083,"Store 16, Dept 81: 1% below reorder point - restock recommended"
24,60,A,Understocked,364.3631839146404,318.36722972909797,0.0,45.995954185542416,"Store 24, Dept 60: 13% below reorder point - restock recommended"
43,6,C,Overstocked,90.10517421711405,135.904525085991,61.98139210655236,45.79935086887694,"Store 43, Dept 6: 1.5x reorder point - INR 62 excess tied up"
1,48,A,Understocked,4028.592321331007,3983.9127612200514,0.0,44.67956011095566,"Store 1, Dept 48: 1% below reorder point - restock recommended"
15,93,B,Understocked,1061.322774736586,1018.1538297514472,0.0,43.168944985138864,"Store 15, Dept 93: 4% below reorder point - restock recommended"
9,28,B,Understocked,604.8297871765278,562.0185156203991,0.0,42.81127155612876,"Store 9, Dept 28: 7% below reorder point - restock recommended"
5,59,B,Understocked,332.3088116571506,289.58019150146913,0.0,42.72862015568148,"Store 5, Dept 59: 13% below reorder point - restock recommended"
29,49,B,Understocked,231.19309623330122,189.53954875440337,0.0,41.65354747889785,"Store 29, Dept 49: 18% below reorder point - restock recommended"
32,59,A,Understocked,850.125054856227,808.5578351678353,0.0,41.56721968839179,"Store 32, Dept 59: 5% below reorder point - restock recommended"
30,9,C,Understocked,298.2734470308586,256.79219546782065,0.0,41.48125156303797,"Store 30, Dept 9: 14% below reorder point - restock recommended"
30,25,C,Understocked,216.26653179553654,175.0036322088105,0.0,41.262899586726036,"Store 30, Dept 25: 19% below reorder point - restock recommended"
44,12,C,Understocked,347.86985593683346,307.06874267214414,0.0,40.80111326468932,"Store 44, Dept 12: 12% below reorder point - restock recommended"
42,9,C,Understocked,595.9170124313705,555.7392126944615,0.0,40.17779973690904,"Store 42, Dept 9: 7% below reorder point - restock recommended"
5,30,B,Understocked,2284.5082514215883,2244.93443611044,0.0,39.57381531114834,"Store 5, Dept 30: 2% below reorder point - restock recommended"
25,83,B,Understocked,514.004736049184,476.53369559437647,0.0,37.47104045480751,"Store 25, Dept 83: 7% below reorder point - restock recommended"
28,7,A,Understocked,55345.55075684266,55309.116298174704,0.0,36.4344586679581,"Store 28, Dept 7: 0% below reorder point - restock recommended"
38,12,C,Understocked,211.2779024799927,176.45418891194547,0.0,34.823713568047225,"Store 38, Dept 12: 16% below reorder point - restock recommended"
3,97,B,Understocked,1295.1334859275526,1260.413332279731,0.0,34.72015364782146,"Store 3, Dept 97: 3% below reorder point - restock recommended"
43,25,C,Understocked,328.8687716700046,294.71639788728254,0.0,34.152373782722066,"Store 43, Dept 25: 10% below reorder point - restock recommended"
3,28,B,Understocked,430.79551784662965,399.47129581444295,0.0,31.324222032186697,"Store 3, Dept 28: 7% below reorder point - restock recommended"
5,28,B,Understocked,414.22930586226977,383.78546240617476,0.0,30.44384345609501,"Store 5, Dept 28: 7% below reorder point - restock recommended"
42,27,C,Understocked,173.30926422010143,144.0145007968775,0.0,29.294763423223912,"Store 42, Dept 27: 17% below reorder point - restock recommended"
38,42,C,Understocked,285.80777655406285,257.146589643157,0.0,28.661186910905883,"Store 38, Dept 42: 10% below reorder point - restock recommended"
12,83,B,Understocked,608.1022236430531,579.6619411935164,0.0,28.440282449536653,"Store 12, Dept 83: 5% below reorder point - restock recommended"
36,9,A,Understocked,604.4557885384811,576.5387704416103,0.0,27.917018096870834,"Store 36, Dept 9: 5% below reorder point - restock recommended"
38,23,C,Understocked,171.30132664035798,143.58805493479602,0.0,27.713271705561965,"Store 38, Dept 23: 16% below reorder point - restock recommended"
17,98,B,Understocked,860.5642295585119,832.911600670838,0.0,27.652628887673927,"Store 17, Dept 98: 3% below reorder point - restock recommended"
5,49,B,Understocked,238.1723693056071,210.71896137928155,0.0,27.453407926325553,"Store 5, Dept 49: 12% below reorder point - restock recommended"
45,32,B,Understocked,11012.28445141045,10986.830871505492,0.0,25.453579904959042,"Store 45, Dept 32: 0% below reorder point - restock recommended"
44,32,C,Understocked,175.8625776302299,150.57266158111577,0.0,25.28991604911414,"Store 44, Dept 32: 14% below reorder point - restock recommended"
1,83,A,Understocked,13201.67354251021,13176.389607503468,0.0,25.283935006742468,"Store 1, Dept 83: 0% below reorder point - restock recommended"
13,50,A,Understocked,5748.365627588957,5723.569809877345,0.0,24.79581771161247,"Store 13, Dept 50: 0% below reorder point - restock recommended"
33,52,A,Understocked,121.76006768088492,98.30856291132898,0.0,23.45150476955594,"Store 33, Dept 52: 19% below reorder point - restock recommended"
28,54,A,Understocked,142.34261207269827,120.38439072138551,0.0,21.95822135131276,"Store 28, Dept 54: 15% below reorder point - restock recommended"
17,82,B,Understocked,41525.78536876185,41504.169316720305,0.0,21.6160520415433,"Store 17, Dept 82: 0% below reorder point - restock recommended"
27,50,A,Understocked,6770.027107618579,6749.508006404443,0.0,20.519101214135844,"Store 27, Dept 50: 0% below reorder point - restock recommended"
44,10,C,Understocked,290.573148298811,270.5050676915581,0.0,20.06808060725291,"Store 44, Dept 10: 7% below reorder point - restock recommended"
16,54,B,Understocked,135.53678196501792,116.44828817704654,0.0,19.088493787971387,"Store 16, Dept 54: 14% below reorder point - restock recommended"
42,23,C,Understocked,235.30329874448435,216.98365498621257,0.0,18.31964375827178,"Store 42, Dept 23: 8% below reorder point - restock recommended"
16,28,B,Understocked,498.96770522161006,480.9258400515022,0.0,18.041865170107883,"Store 16, Dept 28: 4% below reorder point - restock recommended"
30,85,C,Understocked,179.57644478220288,162.27237820711457,0.0,17.304066575088314,"Store 30, Dept 85: 10% below reorder point - restock recommended"
26,54,A,Understocked,100.04994009139708,83.19320873952702,0.0,16.856731351870053,"Store 26, Dept 54: 17% below reorder point - restock recommended"
33,22,A,Understocked,144.5279677082506,127.70144009649009,0.0,16.82652761176051,"Store 33, Dept 22: 12% below reorder point - restock recommended"
37,23,C,Understocked,171.02717030421545,154.65977634520544,0.0,16.367393959010002,"Store 37, Dept 23: 10% below reorder point - restock recommended"
44,42,C,Understocked,121.56618621404925,105.4232786044554,0.0,16.14290760959385,"Store 44, Dept 42: 13% below reorder point - restock recommended"
9,94,B,Understocked,4348.219898302468,4333.207923879037,0.0,15.011974423431639,"Store 9, Dept 94: 0% below reorder point - restock recommended"
30,20,C,Understocked,185.17003575031407,170.56883654349917,0.0,14.601199206814897,"Store 30, Dept 20: 8% below reorder point - restock recommended"
44,21,C,Understocked,1952.0054584246259,1938.1885237386414,0.0,13.816934685984506,"Store 44, Dept 21: 1% below reorder point - restock recommended"
38,20,C,Understocked,278.86393350222863,265.6135431832034,0.0,13.250390319025257,"Store 38, Dept 20: 5% below reorder point - restock recommended"
9,54,B,Understocked,185.50600157195836,173.39252350751863,0.0,12.113478064439732,"Store 9, Dept 54: 7% below reorder point - restock recommended"
3,49,B,Understocked,87.62757584928244,76.05767066823934,0.0,11.569905181043097,"Store 3, Dept 49: 13% below reorder point - restock recommended"
30,6,C,Understocked,127.50358013052076,116.16036778915596,0.0,11.343212341364804,"Store 30, Dept 6: 9% below reorder point - restock recommended"
17,45,B,Understocked,94.33293295026,84.42448045484387,0.0,9.908452495416128,"Store 17, Dept 45: 11% below reorder point - restock recommended"
38,59,C,Understocked,181.1406822207975,171.2553190629101,0.0,9.885363157887383,"Store 38, Dept 59: 5% below reorder point - restock recommended"
22,49,B,Understocked,122.05929318279976,112.61805221890427,0.0,9.441240963895495,"Store 22, Dept 49: 8% below reorder point - restock recommended"
35,54,B,Understocked,182.26799296129866,172.85437177206512,0.0,9.413621189233538,"Store 35, Dept 54: 5% below reorder point - restock recommended"
44,33,C,Understocked,61.15973335575198,52.302338463248155,0.0,8.857394892503827,"Store 44, Dept 33: 14% below reorder point - restock recommended"
38,28,C,Understocked,180.24155468469934,172.08664448980298,0.0,8.15491019489636,"Store 38, Dept 28: 5% below reorder point - restock recommended"
43,42,C,Understocked,453.3378845464427,445.5593164284845,0.0,7.778568117958173,"Store 43, Dept 42: 2% below reorder point - restock recommended"
40,28,A,Understocked,726.8191400810855,719.1624650989734,0.0,7.656674982112122,"Store 40, Dept 28: 1% below reorder point - restock recommended"
5,20,B,Understocked,3310.300619479114,3302.7118990465615,0.0,7.588720432552691,"Store 5, Dept 20: 0% below reorder point - restock recommended"
33,17,A,Understocked,608.9886760384485,601.7132532665129,0.0,7.2754227719356095,"Store 33, Dept 17: 1% below reorder point - restock recommended"
21,98,B,Understocked,550.2212664455292,543.3142808042646,0.0,6.906985641264555,"Store 21, Dept 98: 1% below reorder point - restock recommended"
8,24,A,Understocked,14599.084982508846,14593.05793289984,0.0,6.027049609007008,"Store 8, Dept 24: 0% below reorder point - restock recommended"
17,56,B,Understocked,22010.898133286137,22005.3396416247,0.0,5.558491661435255,"Store 17, Dept 56: 0% below reorder point - restock recommended"
28,41,A,Understocked,3715.7950205987954,3710.307906366477,0.0,5.487114232318618,"Store 28, Dept 41: 0% below reorder point - restock recommended"
16,35,B,Understocked,782.3870900370625,777.6051644669793,0.0,4.781925570083217,"Store 16, Dept 35: 1% below reorder point - restock recommended"
44,59,C,Understocked,230.70013453915402,226.8132809903123,0.0,3.8868535488417137,"Store 44, Dept 59: 2% below reorder point - restock recommended"
44,23,C,Understocked,75.05044420063909,71.28989498955787,0.0,3.7605492110812264,"Store 44, Dept 23: 5% below reorder point - restock recommended"
44,74,C,Understocked,1689.1166281315311,1685.5699312468703,0.0,3.5466968846608324,"Store 44, Dept 74: 0% below reorder point - restock recommended"
16,49,B,Understocked,188.46141322051557,186.50523315551098,0.0,1.9561800650045882,"Store 16, Dept 49: 1% below reorder point - restock recommended"
43,28,C,Understocked,15.099988402146266,13.813611963938902,0.0,1.2863764382073644,"Store 43, Dept 28: 9% below reorder point - restock recommended"
42,28,C,Understocked,171.9967104088774,170.91108100397648,0.0,1.0856294049009136,"Store 42, Dept 28: 1% below reorder point - restock recommended"
44,25,C,Understocked,180.93336681065193,180.214996557486,0.0,0.7183702531659435,"Store 44, Dept 25: 0% below reorder point - restock recommended"
37,25,C,Understocked,260.6455652289986,260.15785768693877,0.0,0.48770754205980893,"Store 37, Dept 25: 0% below reorder point - restock recommended"
44,52,C,Understocked,83.06727702601935,82.66884319832955,0.0,0.39843382768980007,"Store 44, Dept 52: 0% below reorder point - restock recommended"
